SERIAL NO,SUBJECT,CHAPTER NAME,CLASS TEACHER,YEAR,MODE,FACULTY1,FACULTY2,BATCH,EXAM DATE,ALLOTED HOURS,COMPLETED HOURS,REMAINING HOURS NEEDED,CHAPTER STATUS,AVERAGE MARK OF BATCH,NUMBER OF A+,REMARKS1,REMARKS2,REMARKS3,FLAG1,FLAG2,FLAG3
1,CHEMISTRY,Aldehydes and Ketones,ANANDALAKSHMI,2026,OFFLINE,BDZ,,BATCH1,23-02-2025,12,11,1,COMPLETED,,,,,,,,
2,CHEMISTRY,Aldehydes and Ketones,ANANDALAKSHMI,2026,OFFLINE,BDZ,,BATCH1,23-02-2025,14,12,2,COMPLETED,,,,,,,,
3,CHEMISTRY,Aldehydes and Ketones,ANANDALAKSHMI,2026,OFFLINE,BDZ,,BATCH1,23-02-2025,10,9,1,COMPLETED,,,,,,,,
4,BOTANY,Anatomy of Flowering Plants,ANANDALAKSHMI,2026,OFFLINE,BAE,,BATCH1,23-02-2025,12,11,1,COMPLETED,,,,,,,,
5,BOTANY,Anatomy of Flowering Plants,ANANDALAKSHMI,2026,OFFLINE,BAE,,BATCH1,23-02-2025,12,11,1,COMPLETED,,,,,,,,
6,ZOOLOGY,Animal Kingdom Non Chordata,ANANDALAKSHMI,2026,OFFLINE,MAI,,BATCH1,23-02-2025,21,17,4,COMPLETED,,,,,,,,
7,ZOOLOGY,Animal Kingdom Non Chordata,ANANDALAKSHMI,2026,OFFLINE,MAI,,BATCH1,23-02-2025,9,8,1,COMPLETED,,,,,,,,
8,MATHS,Applications of Differentiation,ANANDALAKSHMI,2026,OFFLINE,CCV,,BATCH1,23-02-2025,12,11,1,COMPLETED,,,,,,,,
9,MATHS,Applications of Differentiation,ANANDALAKSHMI,2026,OFFLINE,CCV,,BATCH1,23-02-2025,10,9,1,COMPLETED,,,,,,,,
10,PHYSICS,Atoms and Nuclei,ANANDALAKSHMI,2026,OFFLINE,PAJ,,BATCH1,23-02-2025,9,8,1,COMPLETED,,,,,,,,
11,PHYSICS,Atoms and Nuclei,ANANDALAKSHMI,2026,OFFLINE,PAJ,,BATCH1,23-02-2025,15,13,2,COMPLETED,,,,,,,,
12,ZOOLOGY,Biodiversity and Conservation,ANANDALAKSHMI,2026,OFFLINE,BBO,,BATCH1,23-02-2025,9,8,1,COMPLETED,,,,,,,,
13,ZOOLOGY,Biodiversity and Conservation,ANANDALAKSHMI,2026,OFFLINE,BBO,,BATCH1,23-02-2025,7,7,0,COMPLETED,,,,,,,,
14,CHEMISTRY,Biomolecules,ANANDALAKSHMI,2026,OFFLINE,BAN,,BATCH1,23-02-2025,10,9,1,COMPLETED,,,,,,,,
15,CHEMISTRY,Biomolecules,ANANDALAKSHMI,2026,OFFLINE,BAN,,BATCH1,23-02-2025,12,11,1,COMPLETED,,,,,,,,
16,CHEMISTRY,Biomolecules,ANANDALAKSHMI,2026,OFFLINE,BAN,,BATCH1,23-02-2025,10,9,1,COMPLETED,,,,,,,,
17,BOTANY,Biotechnology and its Applications,ANANDALAKSHMI,2026,OFFLINE,ZBF,,BATCH1,23-02-2025,12,11,1,COMPLETED,,,,,,,,
18,BOTANY,Biotechnology and its Applications,ANANDALAKSHMI,2026,OFFLINE,ZBF,,BATCH1,23-02-2025,9,8,1,COMPLETED,,,,,,,,
19,ZOOLOGY,Body Fluids and Circulation,ANANDALAKSHMI,2026,OFFLINE,ZBK,,BATCH1,23-02-2025,14,12,2,COMPLETED,,,,,,,,
20,ZOOLOGY,Body Fluids and Circulation,ANANDALAKSHMI,2026,OFFLINE,ZBK,,BATCH1,23-02-2025,9,8,1,COMPLETED,,,,,,,,
21,ZOOLOGY,Breathing and Exchange of Gases,ANANDALAKSHMI,2026,OFFLINE,MAW,,BATCH1,23-02-2025,15,13,2,COMPLETED,,,,,,,,
22,ZOOLOGY,Breathing and Exchange of Gases,ANANDALAKSHMI,2026,OFFLINE,MAW,,BATCH1,23-02-2025,9,8,1,COMPLETED,,,,,,,,
23,ZOOLOGY,Breathing and Exchange of Gases,ANANDALAKSHMI,2026,OFFLINE,MAW,,BATCH1,23-02-2025,17,14,3,COMPLETED,,,,,,,,
24,CHEMISTRY,Carboxylic Acids and It's Derivatives  Derivatives,ANANDALAKSHMI,2026,OFFLINE,ZAN,,BATCH1,23-02-2025,10,9,1,COMPLETED,,,,,,,,
25,CHEMISTRY,Carboxylic Acids and It's Derivatives  Derivatives,ANANDALAKSHMI,2026,OFFLINE,ZAN,,BATCH1,23-02-2025,15,13,2,COMPLETED,,,,,,,,
26,BOTANY,Cell : The unit of life,ANANDALAKSHMI,2026,OFFLINE,CBP,,BATCH1,23-02-2025,14,12,2,COMPLETED,,,,,,,,
27,BOTANY,Cell : The unit of life,ANANDALAKSHMI,2026,OFFLINE,CBP,,BATCH1,23-02-2025,29,21,8,COMPLETED,,,,,,,,
28,BOTANY,Cell : The unit of life,ANANDALAKSHMI,2026,OFFLINE,CBP,,BATCH1,23-02-2025,12,11,1,COMPLETED,,,,,,,,
29,BOTANY,Cell Cycle and Cell Division,ANANDALAKSHMI,2026,OFFLINE,MAD,,BATCH1,23-02-2025,17,14,3,COMPLETED,,,,,,,,
30,BOTANY,Cell Cycle and Cell Division,ANANDALAKSHMI,2026,OFFLINE,MAD,,BATCH1,23-02-2025,14,12,2,COMPLETED,,,,,,,,
31,CHEMISTRY,Chemical Bonding and Molecular Structure  Structure,ANANDALAKSHMI,2026,OFFLINE,CAS,,BATCH1,23-02-2025,9,8,1,COMPLETED,,,,,,,,
32,CHEMISTRY,Chemical Bonding and Molecular Structure  Structure,ANANDALAKSHMI,2026,OFFLINE,CAS,,BATCH1,23-02-2025,12,11,1,COMPLETED,,,,,,,,
33,CHEMISTRY,Chemical Bonding and Molecular Structure  Structure,ANANDALAKSHMI,2026,OFFLINE,CAS,,BATCH1,23-02-2025,9,8,1,COMPLETED,,,,,,,,
34,CHEMISTRY,Chemical Kinetics,ANANDALAKSHMI,2026,OFFLINE,BDL,,BATCH1,23-02-2025,10,9,1,COMPLETED,,,,,,,,
35,CHEMISTRY,Chemical Kinetics,ANANDALAKSHMI,2026,OFFLINE,BDL,,BATCH1,23-02-2025,7,7,0,COMPLETED,,,,,,,,
36,MATHS,Circles,ANANDALAKSHMI,2026,OFFLINE,PDD,,BATCH1,23-02-2025,15,13,2,COMPLETED,,,,,,,,
37,MATHS,Circles,ANANDALAKSHMI,2026,OFFLINE,PDD,,BATCH1,23-02-2025,10,9,1,COMPLETED,,,,,,,,
38,MATHS,Circles,ANANDALAKSHMI,2026,OFFLINE,PDD,,BATCH1,23-02-2025,17,14,3,COMPLETED,,,,,,,,
39,CHEMISTRY,Classification of Elements and Periodicity Periodicity in Properties,ANANDALAKSHMI,2026,OFFLINE,ZDI,,BATCH1,23-02-2025,9,8,1,COMPLETED,,,,,,,,
40,CHEMISTRY,Classification of Elements and Periodicity Periodicity in Properties,ANANDALAKSHMI,2026,OFFLINE,ZDI,,BATCH1,23-02-2025,15,13,2,COMPLETED,,,,,,,,
41,MATHS,Conic Section,ANANDALAKSHMI,2026,OFFLINE,BBT,,BATCH1,23-02-2025,19,15,4,COMPLETED,,,,,,,,
42,MATHS,Conic Section,ANANDALAKSHMI,2026,OFFLINE,BBT,,BATCH1,23-02-2025,10,9,1,COMPLETED,,,,,,,,
43,MATHS,"Continuity, Differentiability and Derivatives",ANANDALAKSHMI,2026,OFFLINE,BCG,,BATCH1,23-02-2025,14,12,2,COMPLETED,,,,,,,,
44,MATHS,"Continuity, Differentiability and Derivatives",ANANDALAKSHMI,2026,OFFLINE,BCG,,BATCH1,23-02-2025,9,8,1,COMPLETED,,,,,,,,
45,MATHS,"Continuity, Differentiability and Derivatives",ANANDALAKSHMI,2026,OFFLINE,BCG,,BATCH1,23-02-2025,21,17,4,COMPLETED,,,,,,,,
46,CHEMISTRY,Coordination Compounds and Organometallics,ANANDALAKSHMI,2026,OFFLINE,MDL,,BATCH1,23-02-2025,10,9,1,COMPLETED,,,,,,,,
47,CHEMISTRY,Coordination Compounds and Organometallics,ANANDALAKSHMI,2026,OFFLINE,MDL,,BATCH1,23-02-2025,14,12,2,COMPLETED,,,,,,,,
48,CHEMISTRY,Coordination Compounds and Organometallics,ANANDALAKSHMI,2026,OFFLINE,MDL,,BATCH1,23-02-2025,9,8,1,COMPLETED,,,,,,,,
49,MATHS,Differential Equations,ANANDALAKSHMI,2026,OFFLINE,ZCU,,BATCH1,23-02-2025,14,12,2,COMPLETED,,,,,,,,
50,MATHS,Differential Equations,ANANDALAKSHMI,2026,OFFLINE,ZCU,,BATCH1,23-02-2025,14,12,2,COMPLETED,,,,,,,,
51,MATHS,Differential Equations,ANANDALAKSHMI,2026,OFFLINE,ZCU,,BATCH1,23-02-2025,14,12,2,COMPLETED,,,,,,,,
52,PHYSICS,Dual Nature of Matter and Radiation,ANANDALAKSHMI,2026,OFFLINE,ZDQ,,BATCH1,23-02-2025,7,7,0,COMPLETED,,,,,,,,
53,PHYSICS,Dual Nature of Matter and Radiation,ANANDALAKSHMI,2026,OFFLINE,ZDQ,,BATCH1,23-02-2025,14,12,2,COMPLETED,,,,,,,,
54,PHYSICS,Dual Nature of Matter and Radiation,ANANDALAKSHMI,2026,OFFLINE,ZDQ,,BATCH1,23-02-2025,10,9,1,COMPLETED,,,,,,,,
55,CHEMISTRY,Electrochemistry,ANANDALAKSHMI,2026,OFFLINE,CAX,,BATCH1,23-02-2025,10,9,1,COMPLETED,,,,,,,,
56,CHEMISTRY,Electrochemistry,ANANDALAKSHMI,2026,OFFLINE,CAX,,BATCH1,23-02-2025,24,18,6,COMPLETED,,,,,,,,
57,CHEMISTRY,Electrochemistry,ANANDALAKSHMI,2026,OFFLINE,CAX,,BATCH1,23-02-2025,9,8,1,COMPLETED,,,,,,,,
58,PHYSICS,Electromagnetic Waves,ANANDALAKSHMI,2026,OFFLINE,BDD,,BATCH1,23-02-2025,5,5,0,COMPLETED,,,,,,,,
59,PHYSICS,Electromagnetic Waves,ANANDALAKSHMI,2026,OFFLINE,BDD,,BATCH1,23-02-2025,15,13,2,COMPLETED,,,,,,,,
60,PHYSICS,Electromagnetic Waves,ANANDALAKSHMI,2026,OFFLINE,BDD,,BATCH1,23-02-2025,10,9,1,COMPLETED,,,,,,,,
61,PHYSICS,Electrostatics,ANANDALAKSHMI,2026,OFFLINE,BCP,,BATCH1,23-02-2025,17,14,3,COMPLETED,,,,,,,,
62,PHYSICS,Electrostatics,ANANDALAKSHMI,2026,OFFLINE,BCP,,BATCH1,23-02-2025,12,11,1,COMPLETED,,,,,,,,
63,ZOOLOGY,Evolution,ANANDALAKSHMI,2026,OFFLINE,MBA,,BATCH1,23-02-2025,24,18,6,COMPLETED,,,,,,,,
64,ZOOLOGY,Evolution,ANANDALAKSHMI,2026,OFFLINE,MBA,,BATCH1,23-02-2025,7,7,0,COMPLETED,,,,,,,,
65,CHEMISTRY,Halo Alkanes and Halo Arenes  Arenes,ANANDALAKSHMI,2026,OFFLINE,ZDZ,,BATCH1,23-02-2025,12,11,1,COMPLETED,,,,,,,,
66,CHEMISTRY,Halo Alkanes and Halo Arenes  Arenes,ANANDALAKSHMI,2026,OFFLINE,ZDZ,,BATCH1,23-02-2025,17,14,3,COMPLETED,,,,,,,,
67,ZOOLOGY,Human Health and Disease,ANANDALAKSHMI,2026,OFFLINE,PAX,,BATCH1,23-02-2025,17,14,3,COMPLETED,,,,,,,,
68,ZOOLOGY,Human Health and Disease,ANANDALAKSHMI,2026,OFFLINE,PAX,,BATCH1,23-02-2025,9,8,1,COMPLETED,,,,,,,,
69,ZOOLOGY,Human Reproduction,ANANDALAKSHMI,2026,OFFLINE,ZBY,,BATCH1,23-02-2025,21,17,4,COMPLETED,,,,,,,,
70,ZOOLOGY,Human Reproduction,ANANDALAKSHMI,2026,OFFLINE,ZBY,,BATCH1,23-02-2025,14,12,2,COMPLETED,,,,,,,,
71,ZOOLOGY,Human Reproduction,ANANDALAKSHMI,2026,OFFLINE,ZBY,,BATCH1,23-02-2025,21,17,4,COMPLETED,,,,,,,,
72,CHEMISTRY,Hydrocarbons,ANANDALAKSHMI,2026,OFFLINE,MCY,,BATCH1,23-02-2025,10,9,1,COMPLETED,,,,,,,,
73,CHEMISTRY,Hydrocarbons,ANANDALAKSHMI,2026,OFFLINE,MCY,,BATCH1,23-02-2025,9,8,1,COMPLETED,,,,,,,,
74,MATHS,Linear Inequations and Inequalities,ANANDALAKSHMI,2026,OFFLINE,ZCC,,BATCH1,23-02-2025,7,7,0,COMPLETED,,,,,,,,
75,MATHS,Linear Inequations and Inequalities,ANANDALAKSHMI,2026,OFFLINE,ZCC,,BATCH1,23-02-2025,9,8,1,COMPLETED,,,,,,,,
76,MATHS,Linear Programming,ANANDALAKSHMI,2026,OFFLINE,MBX,,BATCH1,23-02-2025,7,7,0,COMPLETED,,,,,,,,
77,MATHS,Linear Programming,ANANDALAKSHMI,2026,OFFLINE,MBX,,BATCH1,23-02-2025,10,9,1,COMPLETED,,,,,,,,
78,ZOOLOGY,Locomotion and Movement,ANANDALAKSHMI,2026,OFFLINE,BBK,,BATCH1,23-02-2025,19,15,4,COMPLETED,,,,,,,,
79,ZOOLOGY,Locomotion and Movement,ANANDALAKSHMI,2026,OFFLINE,BBK,,BATCH1,23-02-2025,12,11,1,COMPLETED,,,,,,,,
80,ZOOLOGY,Locomotion and Movement,ANANDALAKSHMI,2026,OFFLINE,BBK,,BATCH1,23-02-2025,14,12,2,COMPLETED,,,,,,,,
81,MATHS,Logarithm,ANANDALAKSHMI,2026,OFFLINE,ZCL,,BATCH1,23-02-2025,9,8,1,COMPLETED,,,,,,,,
82,MATHS,Logarithm,ANANDALAKSHMI,2026,OFFLINE,ZCL,,BATCH1,23-02-2025,9,8,1,COMPLETED,,,,,,,,
83,PHYSICS,Magnetism and Matter,ANANDALAKSHMI,2026,OFFLINE,ZDD,,BATCH1,23-02-2025,9,8,1,COMPLETED,,,,,,,,
84,PHYSICS,Magnetism and Matter,ANANDALAKSHMI,2026,OFFLINE,ZDD,,BATCH1,23-02-2025,9,8,1,COMPLETED,,,,,,,,
85,MATHS,Matrices and Determinants,ANANDALAKSHMI,2026,OFFLINE,ZCH,,BATCH1,23-02-2025,21,17,4,COMPLETED,,,,,,,,
86,MATHS,Matrices and Determinants,ANANDALAKSHMI,2026,OFFLINE,ZCH,,BATCH1,23-02-2025,10,9,1,COMPLETED,,,,,,,,
87,PHYSICS,Mechanical Properties of Solids & Fluids,ANANDALAKSHMI,2026,OFFLINE,CDN,,BATCH1,23-02-2025,12,11,1,COMPLETED,,,,,,,,
88,PHYSICS,Mechanical Properties of Solids & Fluids,ANANDALAKSHMI,2026,OFFLINE,CDN,,BATCH1,23-02-2025,14,12,2,COMPLETED,,,,,,,,
89,ZOOLOGY,Molecular Basis of Inheritance,ANANDALAKSHMI,2026,OFFLINE,CCM,,BATCH1,23-02-2025,17,14,3,COMPLETED,,,,,,,,
90,ZOOLOGY,Molecular Basis of Inheritance,ANANDALAKSHMI,2026,OFFLINE,CCM,,BATCH1,23-02-2025,7,7,0,COMPLETED,,,,,,,,
91,ZOOLOGY,Molecular Basis of Inheritance,ANANDALAKSHMI,2026,OFFLINE,CCM,,BATCH1,23-02-2025,21,17,4,COMPLETED,,,,,,,,
92,BOTANY,Morphology of Flowering Plants,ANANDALAKSHMI,2026,OFFLINE,MDP,,BATCH1,23-02-2025,14,12,2,COMPLETED,,,,,,,,
93,BOTANY,Morphology of Flowering Plants,ANANDALAKSHMI,2026,OFFLINE,MDP,,BATCH1,23-02-2025,14,12,2,COMPLETED,,,,,,,,
94,PHYSICS,Motion in a Plane,ANANDALAKSHMI,2026,OFFLINE,CCZ,,BATCH1,23-02-2025,9,8,1,COMPLETED,,,,,,,,
95,PHYSICS,Motion in a Plane,ANANDALAKSHMI,2026,OFFLINE,CCZ,,BATCH1,23-02-2025,14,12,2,COMPLETED,,,,,,,,
96,PHYSICS,Motion in a Straight Line,ANANDALAKSHMI,2026,OFFLINE,BCL,,BATCH1,23-02-2025,9,8,1,COMPLETED,,,,,,,,
97,PHYSICS,Motion in a Straight Line,ANANDALAKSHMI,2026,OFFLINE,BCL,,BATCH1,23-02-2025,12,11,1,COMPLETED,,,,,,,,
98,PHYSICS,Moving Charges and Magnetism,ANANDALAKSHMI,2026,OFFLINE,MCP,,BATCH1,23-02-2025,12,11,1,COMPLETED,,,,,,,,
99,PHYSICS,Moving Charges and Magnetism,ANANDALAKSHMI,2026,OFFLINE,MCP,,BATCH1,23-02-2025,9,8,1,COMPLETED,,,,,,,,
100,PHYSICS,Moving Charges and Magnetism,ANANDALAKSHMI,2026,OFFLINE,MCP,,BATCH1,23-02-2025,9,8,1,COMPLETED,,,,,,,,
101,ZOOLOGY,Neural Control and Coordination,ANANDALAKSHMI,2026,OFFLINE,CBY,,BATCH1,23-02-2025,15,13,2,COMPLETED,,,,,,,,
102,ZOOLOGY,Neural Control and Coordination,ANANDALAKSHMI,2026,OFFLINE,CBY,,BATCH1,23-02-2025,12,11,1,COMPLETED,,,,,,,,
103,CHEMISTRY,Organic Chemistry–Some Basic Principles–Part I I (Nomenclature),ANANDALAKSHMI,2026,OFFLINE,CAJ,,BATCH1,23-02-2025,10,9,1,COMPLETED,,,,,,,,
104,CHEMISTRY,Organic Chemistry–Some Basic Principles–Part I I (Nomenclature),ANANDALAKSHMI,2026,OFFLINE,CAJ,,BATCH1,23-02-2025,24,18,6,COMPLETED,,,,,,,,
105,CHEMISTRY,Organic Chemistry–Some Basic Principles–Part III III (Purification),ANANDALAKSHMI,2026,OFFLINE,ZAJ,,BATCH1,23-02-2025,10,9,1,COMPLETED,,,,,,,,
106,CHEMISTRY,Organic Chemistry–Some Basic Principles–Part III III (Purification),ANANDALAKSHMI,2026,OFFLINE,ZAJ,,BATCH1,23-02-2025,15,13,2,COMPLETED,,,,,,,,
107,BOTANY,Organism and Population,ANANDALAKSHMI,2026,OFFLINE,MDU,,BATCH1,23-02-2025,14,12,2,COMPLETED,,,,,,,,
108,BOTANY,Organism and Population,ANANDALAKSHMI,2026,OFFLINE,MDU,,BATCH1,23-02-2025,9,8,1,COMPLETED,,,,,,,,
109,MATHS,"Permutation, Combination and Binomial Theorem",ANANDALAKSHMI,2026,OFFLINE,CCQ,,BATCH1,23-02-2025,17,14,3,COMPLETED,,,,,,,,
110,MATHS,"Permutation, Combination and Binomial Theorem",ANANDALAKSHMI,2026,OFFLINE,CCQ,,BATCH1,23-02-2025,9,8,1,COMPLETED,,,,,,,,
111,MATHS,"Permutation, Combination and Binomial Theorem",ANANDALAKSHMI,2026,OFFLINE,CCQ,,BATCH1,23-02-2025,14,12,2,COMPLETED,,,,,,,,
112,BOTANY,Photosynthesis in Higher Plants,ANANDALAKSHMI,2026,OFFLINE,ZAS,,BATCH1,23-02-2025,19,15,4,COMPLETED,,,,,,,,
113,BOTANY,Photosynthesis in Higher Plants,ANANDALAKSHMI,2026,OFFLINE,ZAS,,BATCH1,23-02-2025,15,13,2,COMPLETED,,,,,,,,
114,PHYSICS,"Physical World, Units and Measurements",ANANDALAKSHMI,2026,OFFLINE,PDV,,BATCH1,23-02-2025,9,8,1,COMPLETED,,,,,,,,
115,PHYSICS,"Physical World, Units and Measurements",ANANDALAKSHMI,2026,OFFLINE,PDV,,BATCH1,23-02-2025,12,11,1,COMPLETED,,,,,,,,
116,PHYSICS,"Physical World, Units and Measurements",ANANDALAKSHMI,2026,OFFLINE,PDV,,BATCH1,23-02-2025,21,17,4,COMPLETED,,,,,,,,
117,BOTANY,Plant Growth and Development,ANANDALAKSHMI,2026,OFFLINE,BAR,,BATCH1,23-02-2025,10,9,1,COMPLETED,,,,,,,,
118,BOTANY,Plant Growth and Development,ANANDALAKSHMI,2026,OFFLINE,BAR,,BATCH1,23-02-2025,14,12,2,COMPLETED,,,,,,,,
119,BOTANY,Plant Kingdom,ANANDALAKSHMI,2026,OFFLINE,ZBB,,BATCH1,23-02-2025,12,11,1,COMPLETED,,,,,,,,
120,BOTANY,Plant Kingdom,ANANDALAKSHMI,2026,OFFLINE,ZBB,,BATCH1,23-02-2025,10,9,1,COMPLETED,,,,,,,,
121,BOTANY,Plant Kingdom,ANANDALAKSHMI,2026,OFFLINE,ZBB,,BATCH1,23-02-2025,10,9,1,COMPLETED,,,,,,,,
122,CHEMISTRY,Practical Chemistry,ANANDALAKSHMI,2026,OFFLINE,CBB,,BATCH1,23-02-2025,9,8,1,COMPLETED,,,,,,,,
123,CHEMISTRY,Practical Chemistry,ANANDALAKSHMI,2026,OFFLINE,CBB,,BATCH1,23-02-2025,26,19,7,COMPLETED,,,,,,,,
124,ZOOLOGY,Principles of Inheritance and Variation,ANANDALAKSHMI,2026,OFFLINE,PBG,,BATCH1,23-02-2025,14,12,2,COMPLETED,,,,,,,,
125,ZOOLOGY,Principles of Inheritance and Variation,ANANDALAKSHMI,2026,OFFLINE,PBG,,BATCH1,23-02-2025,12,11,1,COMPLETED,,,,,,,,
126,MATHS,Quadratic Equation,ANANDALAKSHMI,2026,OFFLINE,PCQ,,BATCH1,23-02-2025,21,17,4,COMPLETED,,,,,,,,
127,MATHS,Quadratic Equation,ANANDALAKSHMI,2026,OFFLINE,PCQ,,BATCH1,23-02-2025,9,8,1,COMPLETED,,,,,,,,
128,PHYSICS,Ray Optics & Optical Instruments,ANANDALAKSHMI,2026,OFFLINE,PAA,,BATCH1,23-02-2025,12,11,1,COMPLETED,,,,,,,,
129,PHYSICS,Ray Optics & Optical Instruments,ANANDALAKSHMI,2026,OFFLINE,PAA,,BATCH1,23-02-2025,14,12,2,COMPLETED,,,,,,,,
130,CHEMISTRY,Redox Reaction,ANANDALAKSHMI,2026,OFFLINE,BDI,,BATCH1,23-02-2025,9,8,1,COMPLETED,,,,,,,,
131,CHEMISTRY,Redox Reaction,ANANDALAKSHMI,2026,OFFLINE,BDI,,BATCH1,23-02-2025,21,17,4,COMPLETED,,,,,,,,
132,ZOOLOGY,Reproductive Health,ANANDALAKSHMI,2026,OFFLINE,PCL,,BATCH1,23-02-2025,15,13,2,COMPLETED,,,,,,,,
133,ZOOLOGY,Reproductive Health,ANANDALAKSHMI,2026,OFFLINE,PCL,,BATCH1,23-02-2025,5,5,0,COMPLETED,,,,,,,,
134,PHYSICS,Semiconductor Electronics,ANANDALAKSHMI,2026,OFFLINE,BCU,,BATCH1,23-02-2025,10,9,1,COMPLETED,,,,,,,,
135,PHYSICS,Semiconductor Electronics,ANANDALAKSHMI,2026,OFFLINE,BCU,,BATCH1,23-02-2025,14,12,2,COMPLETED,,,,,,,,
136,MATHS,Sequences and Series,ANANDALAKSHMI,2026,OFFLINE,MBF,,BATCH1,23-02-2025,14,12,2,COMPLETED,,,,,,,,
137,MATHS,Sequences and Series,ANANDALAKSHMI,2026,OFFLINE,MBF,,BATCH1,23-02-2025,9,8,1,COMPLETED,,,,,,,,
138,MATHS,"Sets, Relations and  Functions",ANANDALAKSHMI,2026,OFFLINE,PAO,,BATCH1,23-02-2025,31,21,10,COMPLETED,,,,,,,,
139,MATHS,"Sets, Relations and  Functions",ANANDALAKSHMI,2026,OFFLINE,PAO,,BATCH1,23-02-2025,12,11,1,COMPLETED,,,,,,,,
140,BOTANY,Sexual reproduction in Flowering Plants,ANANDALAKSHMI,2026,OFFLINE,CBG,,BATCH1,23-02-2025,17,14,3,COMPLETED,,,,,,,,
141,BOTANY,Sexual reproduction in Flowering Plants,ANANDALAKSHMI,2026,OFFLINE,CBG,,BATCH1,23-02-2025,7,7,0,COMPLETED,,,,,,,,
142,CHEMISTRY,Some Basic Concepts of Chemistry,ANANDALAKSHMI,2026,OFFLINE,ZAE,,BATCH1,23-02-2025,7,7,0,COMPLETED,,,,,,,,
143,CHEMISTRY,Some Basic Concepts of Chemistry,ANANDALAKSHMI,2026,OFFLINE,ZAE,,BATCH1,23-02-2025,15,13,2,COMPLETED,,,,,,,,
144,CHEMISTRY,Some Basic Concepts of Chemistry,ANANDALAKSHMI,2026,OFFLINE,ZAE,,BATCH1,23-02-2025,17,14,3,COMPLETED,,,,,,,,
145,ZOOLOGY,Structural organisation in Animals Animal Tissue,ANANDALAKSHMI,2026,OFFLINE,PAE,,BATCH1,23-02-2025,14,12,2,COMPLETED,,,,,,,,
146,ZOOLOGY,Structural organisation in Animals Animal Tissue,ANANDALAKSHMI,2026,OFFLINE,PAE,,BATCH1,23-02-2025,9,8,1,COMPLETED,,,,,,,,
147,ZOOLOGY,Structural organisation in Animals Animal Tissue,ANANDALAKSHMI,2026,OFFLINE,PAE,,BATCH1,23-02-2025,19,15,4,COMPLETED,,,,,,,,
148,ZOOLOGY,Structural organisation in Animals Morphology of Animals,ANANDALAKSHMI,2026,OFFLINE,BAW,,BATCH1,23-02-2025,21,17,4,COMPLETED,,,,,,,,
149,ZOOLOGY,Structural organisation in Animals Morphology of Animals,ANANDALAKSHMI,2026,OFFLINE,BAW,,BATCH1,23-02-2025,12,11,1,COMPLETED,,,,,,,,
150,CHEMISTRY,Structure of Atoms,ANANDALAKSHMI,2026,OFFLINE,MCU,,BATCH1,23-02-2025,12,11,1,COMPLETED,,,,,,,,
151,CHEMISTRY,Structure of Atoms,ANANDALAKSHMI,2026,OFFLINE,MCU,,BATCH1,23-02-2025,19,15,4,COMPLETED,,,,,,,,
152,PHYSICS,System of Particles and Rigid Body Rotation,ANANDALAKSHMI,2026,OFFLINE,PDM,,BATCH1,23-02-2025,10,9,1,COMPLETED,,,,,,,,
153,PHYSICS,System of Particles and Rigid Body Rotation,ANANDALAKSHMI,2026,OFFLINE,PDM,,BATCH1,23-02-2025,17,14,3,COMPLETED,,,,,,,,
154,ZOOLOGY,The Living World,ANANDALAKSHMI,2026,OFFLINE,CBT,,BATCH1,23-02-2025,9,8,1,COMPLETED,,,,,,,,
155,ZOOLOGY,The Living World,ANANDALAKSHMI,2026,OFFLINE,CBT,,BATCH1,23-02-2025,10,9,1,COMPLETED,,,,,,,,
156,ZOOLOGY,The Living World,ANANDALAKSHMI,2026,OFFLINE,CBT,,BATCH1,23-02-2025,12,11,1,COMPLETED,,,,,,,,
157,CHEMISTRY,The p Block Elements (XI) (XI) & (XII),ANANDALAKSHMI,2026,OFFLINE,ZDV,,BATCH1,23-02-2025,9,8,1,COMPLETED,,,,,,,,
158,CHEMISTRY,The p Block Elements (XI) (XI) & (XII),ANANDALAKSHMI,2026,OFFLINE,ZDV,,BATCH1,23-02-2025,17,14,3,COMPLETED,,,,,,,,
159,MATHS,Theory of Probability,ANANDALAKSHMI,2026,OFFLINE,CDI,,BATCH1,23-02-2025,14,12,2,COMPLETED,,,,,,,,
160,MATHS,Theory of Probability,ANANDALAKSHMI,2026,OFFLINE,CDI,,BATCH1,23-02-2025,15,13,2,COMPLETED,,,,,,,,
161,MATHS,Theory of Probability,ANANDALAKSHMI,2026,OFFLINE,CDI,,BATCH1,23-02-2025,19,15,4,COMPLETED,,,,,,,,
162,PHYSICS,"Thermal Properties of Matter, Thermodynamics and Kinetic Theory",ANANDALAKSHMI,2026,OFFLINE,MCB,,BATCH1,23-02-2025,10,9,1,COMPLETED,,,,,,,,
163,PHYSICS,"Thermal Properties of Matter, Thermodynamics and Kinetic Theory",ANANDALAKSHMI,2026,OFFLINE,MCB,,BATCH1,23-02-2025,10,9,1,COMPLETED,,,,,,,,
164,CHEMISTRY,Thermodynamics and Chemical Energetics,ANANDALAKSHMI,2026,OFFLINE,CDV,,BATCH1,23-02-2025,9,8,1,COMPLETED,,,,,,,,
165,CHEMISTRY,Thermodynamics and Chemical Energetics,ANANDALAKSHMI,2026,OFFLINE,CDV,,BATCH1,23-02-2025,15,13,2,COMPLETED,,,,,,,,
166,MATHS,Three Dimensional Geometry,ANANDALAKSHMI,2026,OFFLINE,BBX,,BATCH1,23-02-2025,17,14,3,COMPLETED,,,,,,,,
167,MATHS,Three Dimensional Geometry,ANANDALAKSHMI,2026,OFFLINE,BBX,,BATCH1,23-02-2025,10,9,1,COMPLETED,,,,,,,,
168,MATHS,Trigonometry II,ANANDALAKSHMI,2026,OFFLINE,MBS,,BATCH1,23-02-2025,26,19,7,COMPLETED,,,,,,,,
169,MATHS,Trigonometry II,ANANDALAKSHMI,2026,OFFLINE,MBS,,BATCH1,23-02-2025,7,7,0,COMPLETED,,,,,,,,
170,MATHS,Trigonometry II,ANANDALAKSHMI,2026,OFFLINE,MBS,,BATCH1,23-02-2025,31,21,10,COMPLETED,,,,,,,,
171,MATHS,Vectors,ANANDALAKSHMI,2026,OFFLINE,PDI,,BATCH1,23-02-2025,15,13,2,COMPLETED,,,,,,,,
172,MATHS,Vectors,ANANDALAKSHMI,2026,OFFLINE,PDI,,BATCH1,23-02-2025,12,11,1,COMPLETED,,,,,,,,
173,PHYSICS,Waves,ANANDALAKSHMI,2026,OFFLINE,CAA,,BATCH1,23-02-2025,9,8,1,COMPLETED,,,,,,,,
174,PHYSICS,Waves,ANANDALAKSHMI,2026,OFFLINE,CAA,,BATCH1,23-02-2025,14,12,2,COMPLETED,,,,,,,,
175,PHYSICS,Waves,ANANDALAKSHMI,2026,OFFLINE,CAA,,BATCH1,23-02-2025,9,8,1,COMPLETED,,,,,,,,
176,PHYSICS,Work Energy & Power,ANANDALAKSHMI,2026,OFFLINE,ZCZ,,BATCH1,23-02-2025,9,8,1,COMPLETED,,,,,,,,
177,PHYSICS,Work Energy & Power,ANANDALAKSHMI,2026,OFFLINE,ZCZ,,BATCH1,23-02-2025,14,12,2,COMPLETED,,,,,,,,
178,CHEMISTRY,Aldehydes and Ketones,ANJU.K,2026,OFFLINE,ZAR,,BATCH10,23-02-2025,12,11,1,COMPLETED,,,,,,,,
179,CHEMISTRY,Aldehydes and Ketones,ANJU.K,2026,OFFLINE,ZAR,,BATCH10,23-02-2025,14,12,2,COMPLETED,,,,,,,,
180,ZOOLOGY,Animal Kingdom Non Chordata,ANJU.K,2026,OFFLINE,ZBA,,BATCH10,23-02-2025,21,17,4,COMPLETED,,,,,,,,
181,ZOOLOGY,Animal Kingdom Non Chordata,ANJU.K,2026,OFFLINE,ZBA,,BATCH10,23-02-2025,9,8,1,COMPLETED,,,,,,,,
182,MATHS,Applications of Differentiation,ANJU.K,2026,OFFLINE,MBN,,BATCH10,23-02-2025,12,11,1,COMPLETED,,,,,,,,
183,MATHS,Applications of Differentiation,ANJU.K,2026,OFFLINE,MBN,,BATCH10,23-02-2025,10,9,1,COMPLETED,,,,,,,,
184,PHYSICS,Atoms and Nuclei,ANJU.K,2026,OFFLINE,BCY,,BATCH10,23-02-2025,9,8,1,COMPLETED,,,,,,,,
185,PHYSICS,Atoms and Nuclei,ANJU.K,2026,OFFLINE,BCY,,BATCH10,23-02-2025,15,13,2,COMPLETED,,,,,,,,
186,ZOOLOGY,Biodiversity and Conservation,ANJU.K,2026,OFFLINE,CCG,,BATCH10,23-02-2025,9,8,1,COMPLETED,,,,,,,,
187,ZOOLOGY,Biodiversity and Conservation,ANJU.K,2026,OFFLINE,CCG,,BATCH10,23-02-2025,7,7,0,COMPLETED,,,,,,,,
188,CHEMISTRY,Biomolecules,ANJU.K,2026,OFFLINE,CBF,,BATCH10,23-02-2025,10,9,1,COMPLETED,,,,,,,,
189,CHEMISTRY,Biomolecules,ANJU.K,2026,OFFLINE,CBF,,BATCH10,23-02-2025,12,11,1,COMPLETED,,,,,,,,
190,CHEMISTRY,Biomolecules,ANJU.K,2026,OFFLINE,CBF,,BATCH10,23-02-2025,10,9,1,COMPLETED,,,,,,,,
191,BOTANY,Biotechnology : Principles and processes,ANJU.K,2026,OFFLINE,ZBJ,,BATCH10,23-02-2025,14,12,2,COMPLETED,,,,,,,,
192,BOTANY,Biotechnology : Principles and processes,ANJU.K,2026,OFFLINE,ZBJ,,BATCH10,23-02-2025,9,8,1,COMPLETED,,,,,,,,
193,BOTANY,Biotechnology : Principles and processes,ANJU.K,2026,OFFLINE,ZBJ,,BATCH10,23-02-2025,9,8,1,COMPLETED,,,,,,,,
194,BOTANY,Biotechnology and its Applications,ANJU.K,2026,OFFLINE,MDY,,BATCH10,23-02-2025,12,11,1,COMPLETED,,,,,,,,
195,BOTANY,Biotechnology and its Applications,ANJU.K,2026,OFFLINE,MDY,,BATCH10,23-02-2025,9,8,1,COMPLETED,,,,,,,,
196,ZOOLOGY,Body Fluids and Circulation,ANJU.K,2026,OFFLINE,PCB,,BATCH10,23-02-2025,14,12,2,COMPLETED,,,,,,,,
197,ZOOLOGY,Body Fluids and Circulation,ANJU.K,2026,OFFLINE,PCB,,BATCH10,23-02-2025,9,8,1,COMPLETED,,,,,,,,
198,ZOOLOGY,Breathing and Exchange of Gases,ANJU.K,2026,OFFLINE,ZBO,,BATCH10,23-02-2025,15,13,2,COMPLETED,,,,,,,,
199,ZOOLOGY,Breathing and Exchange of Gases,ANJU.K,2026,OFFLINE,ZBO,,BATCH10,23-02-2025,9,8,1,COMPLETED,,,,,,,,
200,CHEMISTRY,Carboxylic Acids and It's Derivatives  Derivatives,ANJU.K,2026,OFFLINE,MDF,,BATCH10,23-02-2025,10,9,1,COMPLETED,,,,,,,,
201,CHEMISTRY,Carboxylic Acids and It's Derivatives  Derivatives,ANJU.K,2026,OFFLINE,MDF,,BATCH10,23-02-2025,15,13,2,COMPLETED,,,,,,,,
202,BOTANY,Cell : The unit of life,ANJU.K,2026,OFFLINE,MAH,,BATCH10,23-02-2025,14,12,2,COMPLETED,,,,,,,,
203,BOTANY,Cell : The unit of life,ANJU.K,2026,OFFLINE,MAH,,BATCH10,23-02-2025,29,21,8,COMPLETED,,,,,,,,
204,BOTANY,Cell : The unit of life,ANJU.K,2026,OFFLINE,MAH,,BATCH10,23-02-2025,12,11,1,COMPLETED,,,,,,,,
205,BOTANY,Cell Cycle and Cell Division,ANJU.K,2026,OFFLINE,ZAV,,BATCH10,23-02-2025,17,14,3,COMPLETED,,,,,,,,
206,BOTANY,Cell Cycle and Cell Division,ANJU.K,2026,OFFLINE,ZAV,,BATCH10,23-02-2025,14,12,2,COMPLETED,,,,,,,,
207,CHEMISTRY,Chemical and Ionic Equilibrium,ANJU.K,2026,OFFLINE,ZDY,,BATCH10,23-02-2025,9,8,1,COMPLETED,,,,,,,,
208,CHEMISTRY,Chemical and Ionic Equilibrium,ANJU.K,2026,OFFLINE,ZDY,,BATCH10,23-02-2025,14,12,2,COMPLETED,,,,,,,,
209,CHEMISTRY,Chemical and Ionic Equilibrium,ANJU.K,2026,OFFLINE,ZDY,,BATCH10,23-02-2025,12,11,1,COMPLETED,,,,,,,,
210,CHEMISTRY,Chemical Bonding and Molecular Structure  Structure,ANJU.K,2026,OFFLINE,BDK,,BATCH10,23-02-2025,9,8,1,COMPLETED,,,,,,,,
211,CHEMISTRY,Chemical Bonding and Molecular Structure  Structure,ANJU.K,2026,OFFLINE,BDK,,BATCH10,23-02-2025,12,11,1,COMPLETED,,,,,,,,
212,CHEMISTRY,Chemical Bonding and Molecular Structure  Structure,ANJU.K,2026,OFFLINE,BDK,,BATCH10,23-02-2025,9,8,1,COMPLETED,,,,,,,,
213,CHEMISTRY,Chemical Kinetics,ANJU.K,2026,OFFLINE,ZAD,,BATCH10,23-02-2025,10,9,1,COMPLETED,,,,,,,,
214,CHEMISTRY,Chemical Kinetics,ANJU.K,2026,OFFLINE,ZAD,,BATCH10,23-02-2025,7,7,0,COMPLETED,,,,,,,,
215,MATHS,Circles,ANJU.K,2026,OFFLINE,BBW,,BATCH10,23-02-2025,15,13,2,COMPLETED,,,,,,,,
216,MATHS,Circles,ANJU.K,2026,OFFLINE,BBW,,BATCH10,23-02-2025,10,9,1,COMPLETED,,,,,,,,
217,MATHS,Complex Numbers,ANJU.K,2026,OFFLINE,CCU,,BATCH10,23-02-2025,14,12,2,COMPLETED,,,,,,,,
218,MATHS,Complex Numbers,ANJU.K,2026,OFFLINE,CCU,,BATCH10,23-02-2025,9,8,1,COMPLETED,,,,,,,,
219,MATHS,Complex Numbers,ANJU.K,2026,OFFLINE,CCU,,BATCH10,23-02-2025,15,13,2,COMPLETED,,,,,,,,
220,MATHS,Conic Section,ANJU.K,2026,OFFLINE,CCL,,BATCH10,23-02-2025,19,15,4,COMPLETED,,,,,,,,
221,MATHS,Conic Section,ANJU.K,2026,OFFLINE,CCL,,BATCH10,23-02-2025,10,9,1,COMPLETED,,,,,,,,
222,MATHS,"Continuity, Differentiability and Derivatives",ANJU.K,2026,OFFLINE,CCY,,BATCH10,23-02-2025,14,12,2,COMPLETED,,,,,,,,
223,MATHS,"Continuity, Differentiability and Derivatives",ANJU.K,2026,OFFLINE,CCY,,BATCH10,23-02-2025,9,8,1,COMPLETED,,,,,,,,
224,MATHS,"Continuity, Differentiability and Derivatives",ANJU.K,2026,OFFLINE,CCY,,BATCH10,23-02-2025,21,17,4,COMPLETED,,,,,,,,
225,CHEMISTRY,Coordination Compounds and Organometallics,ANJU.K,2026,OFFLINE,BAD,,BATCH10,23-02-2025,10,9,1,COMPLETED,,,,,,,,
226,CHEMISTRY,Coordination Compounds and Organometallics,ANJU.K,2026,OFFLINE,BAD,,BATCH10,23-02-2025,14,12,2,COMPLETED,,,,,,,,
227,MATHS,Differential Equations,ANJU.K,2026,OFFLINE,PDL,,BATCH10,23-02-2025,14,12,2,COMPLETED,,,,,,,,
228,MATHS,Differential Equations,ANJU.K,2026,OFFLINE,PDL,,BATCH10,23-02-2025,14,12,2,COMPLETED,,,,,,,,
229,MATHS,Differential Equations,ANJU.K,2026,OFFLINE,PDL,,BATCH10,23-02-2025,14,12,2,COMPLETED,,,,,,,,
230,PHYSICS,Dual Nature of Matter and Radiation,ANJU.K,2026,OFFLINE,CAI,,BATCH10,23-02-2025,7,7,0,COMPLETED,,,,,,,,
231,PHYSICS,Dual Nature of Matter and Radiation,ANJU.K,2026,OFFLINE,CAI,,BATCH10,23-02-2025,14,12,2,COMPLETED,,,,,,,,
232,PHYSICS,Dual Nature of Matter and Radiation,ANJU.K,2026,OFFLINE,CAI,,BATCH10,23-02-2025,10,9,1,COMPLETED,,,,,,,,
233,BOTANY,Ecosystem,ANJU.K,2026,OFFLINE,CBX,,BATCH10,23-02-2025,9,8,1,COMPLETED,,,,,,,,
234,BOTANY,Ecosystem,ANJU.K,2026,OFFLINE,CBX,,BATCH10,23-02-2025,9,8,1,COMPLETED,,,,,,,,
235,BOTANY,Ecosystem,ANJU.K,2026,OFFLINE,CBX,,BATCH10,23-02-2025,14,12,2,COMPLETED,,,,,,,,
236,CHEMISTRY,Electrochemistry,ANJU.K,2026,OFFLINE,BDP,,BATCH10,23-02-2025,10,9,1,COMPLETED,,,,,,,,
237,CHEMISTRY,Electrochemistry,ANJU.K,2026,OFFLINE,BDP,,BATCH10,23-02-2025,24,18,6,COMPLETED,,,,,,,,
238,PHYSICS,Electromagnetic Waves,ANJU.K,2026,OFFLINE,CDU,,BATCH10,23-02-2025,5,5,0,COMPLETED,,,,,,,,
239,PHYSICS,Electromagnetic Waves,ANJU.K,2026,OFFLINE,CDU,,BATCH10,23-02-2025,15,13,2,COMPLETED,,,,,,,,
240,PHYSICS,Electrostatics,ANJU.K,2026,OFFLINE,CDH,,BATCH10,23-02-2025,17,14,3,COMPLETED,,,,,,,,
241,PHYSICS,Electrostatics,ANJU.K,2026,OFFLINE,CDH,,BATCH10,23-02-2025,12,11,1,COMPLETED,,,,,,,,
242,ZOOLOGY,Evolution,ANJU.K,2026,OFFLINE,ZBS,,BATCH10,23-02-2025,24,18,6,COMPLETED,,,,,,,,
243,ZOOLOGY,Evolution,ANJU.K,2026,OFFLINE,ZBS,,BATCH10,23-02-2025,7,7,0,COMPLETED,,,,,,,,
244,PHYSICS,Gravitation,ANJU.K,2026,OFFLINE,PAS,,BATCH10,23-02-2025,9,8,1,COMPLETED,,,,,,,,
245,PHYSICS,Gravitation,ANJU.K,2026,OFFLINE,PAS,,BATCH10,23-02-2025,19,15,4,COMPLETED,,,,,,,,
246,PHYSICS,Gravitation,ANJU.K,2026,OFFLINE,PAS,,BATCH10,23-02-2025,15,13,2,COMPLETED,,,,,,,,
247,CHEMISTRY,Halo Alkanes and Halo Arenes  Arenes,ANJU.K,2026,OFFLINE,CAR,,BATCH10,23-02-2025,12,11,1,COMPLETED,,,,,,,,
248,CHEMISTRY,Halo Alkanes and Halo Arenes  Arenes,ANJU.K,2026,OFFLINE,CAR,,BATCH10,23-02-2025,17,14,3,COMPLETED,,,,,,,,
249,ZOOLOGY,Human Reproduction,ANJU.K,2026,OFFLINE,PCP,,BATCH10,23-02-2025,21,17,4,COMPLETED,,,,,,,,
250,ZOOLOGY,Human Reproduction,ANJU.K,2026,OFFLINE,PCP,,BATCH10,23-02-2025,14,12,2,COMPLETED,,,,,,,,
251,ZOOLOGY,Human Reproduction,ANJU.K,2026,OFFLINE,PCP,,BATCH10,23-02-2025,21,17,4,COMPLETED,,,,,,,,
252,CHEMISTRY,Hydrocarbons,ANJU.K,2026,OFFLINE,ZDP,,BATCH10,23-02-2025,10,9,1,COMPLETED,,,,,,,,
253,CHEMISTRY,Hydrocarbons,ANJU.K,2026,OFFLINE,ZDP,,BATCH10,23-02-2025,9,8,1,COMPLETED,,,,,,,,
254,PHYSICS,Laws of Motion,ANJU.K,2026,OFFLINE,PBB,,BATCH10,23-02-2025,10,9,1,COMPLETED,,,,,,,,
255,PHYSICS,Laws of Motion,ANJU.K,2026,OFFLINE,PBB,,BATCH10,23-02-2025,12,11,1,COMPLETED,,,,,,,,
256,PHYSICS,Laws of Motion,ANJU.K,2026,OFFLINE,PBB,,BATCH10,23-02-2025,12,11,1,COMPLETED,,,,,,,,
257,MATHS,Linear Inequations and Inequalities,ANJU.K,2026,OFFLINE,PCT,,BATCH10,23-02-2025,7,7,0,COMPLETED,,,,,,,,
258,MATHS,Linear Inequations and Inequalities,ANJU.K,2026,OFFLINE,PCT,,BATCH10,23-02-2025,9,8,1,COMPLETED,,,,,,,,
259,MATHS,Linear Programming,ANJU.K,2026,OFFLINE,ZCP,,BATCH10,23-02-2025,7,7,0,COMPLETED,,,,,,,,
260,MATHS,Linear Programming,ANJU.K,2026,OFFLINE,ZCP,,BATCH10,23-02-2025,10,9,1,COMPLETED,,,,,,,,
261,ZOOLOGY,Locomotion and Movement,ANJU.K,2026,OFFLINE,CCC,,BATCH10,23-02-2025,19,15,4,COMPLETED,,,,,,,,
262,ZOOLOGY,Locomotion and Movement,ANJU.K,2026,OFFLINE,CCC,,BATCH10,23-02-2025,12,11,1,COMPLETED,,,,,,,,
263,ZOOLOGY,Locomotion and Movement,ANJU.K,2026,OFFLINE,CCC,,BATCH10,23-02-2025,14,12,2,COMPLETED,,,,,,,,
264,PHYSICS,Magnetism and Matter,ANJU.K,2026,OFFLINE,PAI,,BATCH10,23-02-2025,9,8,1,COMPLETED,,,,,,,,
265,PHYSICS,Magnetism and Matter,ANJU.K,2026,OFFLINE,PAI,,BATCH10,23-02-2025,9,8,1,COMPLETED,,,,,,,,
266,MATHS,Matrices and Determinants,ANJU.K,2026,OFFLINE,PCY,,BATCH10,23-02-2025,21,17,4,COMPLETED,,,,,,,,
267,MATHS,Matrices and Determinants,ANJU.K,2026,OFFLINE,PCY,,BATCH10,23-02-2025,10,9,1,COMPLETED,,,,,,,,
268,PHYSICS,Mechanical Properties of Solids & Fluids,ANJU.K,2026,OFFLINE,MCF,,BATCH10,23-02-2025,12,11,1,COMPLETED,,,,,,,,
269,PHYSICS,Mechanical Properties of Solids & Fluids,ANJU.K,2026,OFFLINE,MCF,,BATCH10,23-02-2025,14,12,2,COMPLETED,,,,,,,,
270,ZOOLOGY,Microbes in Human Welfare,ANJU.K,2026,OFFLINE,BBS,,BATCH10,23-02-2025,15,13,2,COMPLETED,,,,,,,,
271,ZOOLOGY,Microbes in Human Welfare,ANJU.K,2026,OFFLINE,BBS,,BATCH10,23-02-2025,10,9,1,COMPLETED,,,,,,,,
272,ZOOLOGY,Microbes in Human Welfare,ANJU.K,2026,OFFLINE,BBS,,BATCH10,23-02-2025,14,12,2,COMPLETED,,,,,,,,
273,ZOOLOGY,Molecular Basis of Inheritance,ANJU.K,2026,OFFLINE,MBE,,BATCH10,23-02-2025,17,14,3,COMPLETED,,,,,,,,
274,ZOOLOGY,Molecular Basis of Inheritance,ANJU.K,2026,OFFLINE,MBE,,BATCH10,23-02-2025,7,7,0,COMPLETED,,,,,,,,
275,ZOOLOGY,Molecular Basis of Inheritance,ANJU.K,2026,OFFLINE,MBE,,BATCH10,23-02-2025,21,17,4,COMPLETED,,,,,,,,
276,BOTANY,Morphology of Flowering Plants,ANJU.K,2026,OFFLINE,BAH,,BATCH10,23-02-2025,14,12,2,COMPLETED,,,,,,,,
277,BOTANY,Morphology of Flowering Plants,ANJU.K,2026,OFFLINE,BAH,,BATCH10,23-02-2025,14,12,2,COMPLETED,,,,,,,,
278,PHYSICS,Motion in a Straight Line,ANJU.K,2026,OFFLINE,CDD,,BATCH10,23-02-2025,9,8,1,COMPLETED,,,,,,,,
279,PHYSICS,Motion in a Straight Line,ANJU.K,2026,OFFLINE,CDD,,BATCH10,23-02-2025,12,11,1,COMPLETED,,,,,,,,
280,PHYSICS,Moving Charges and Magnetism,ANJU.K,2026,OFFLINE,ZDH,,BATCH10,23-02-2025,12,11,1,COMPLETED,,,,,,,,
281,PHYSICS,Moving Charges and Magnetism,ANJU.K,2026,OFFLINE,ZDH,,BATCH10,23-02-2025,9,8,1,COMPLETED,,,,,,,,
282,ZOOLOGY,Neural Control and Coordination,ANJU.K,2026,OFFLINE,MAQ,,BATCH10,23-02-2025,15,13,2,COMPLETED,,,,,,,,
283,ZOOLOGY,Neural Control and Coordination,ANJU.K,2026,OFFLINE,MAQ,,BATCH10,23-02-2025,12,11,1,COMPLETED,,,,,,,,
284,CHEMISTRY,Organic Chemistry–Some Basic Principles–Part I I (Nomenclature),ANJU.K,2026,OFFLINE,BDC,,BATCH10,23-02-2025,10,9,1,COMPLETED,,,,,,,,
285,CHEMISTRY,Organic Chemistry–Some Basic Principles–Part I I (Nomenclature),ANJU.K,2026,OFFLINE,BDC,,BATCH10,23-02-2025,24,18,6,COMPLETED,,,,,,,,
286,CHEMISTRY,Organic Chemistry–Some Basic Principles–Part II II (Reaction Mechanism),ANJU.K,2026,OFFLINE,ZAM,,BATCH10,23-02-2025,10,9,1,COMPLETED,,,,,,,,
287,CHEMISTRY,Organic Chemistry–Some Basic Principles–Part II II (Reaction Mechanism),ANJU.K,2026,OFFLINE,ZAM,,BATCH10,23-02-2025,17,14,3,COMPLETED,,,,,,,,
288,CHEMISTRY,Organic Chemistry–Some Basic Principles–Part II II (Reaction Mechanism),ANJU.K,2026,OFFLINE,ZAM,,BATCH10,23-02-2025,9,8,1,COMPLETED,,,,,,,,
289,CHEMISTRY,Organic Chemistry–Some Basic Principles–Part III III (Purification),ANJU.K,2026,OFFLINE,MDC,,BATCH10,23-02-2025,10,9,1,COMPLETED,,,,,,,,
290,CHEMISTRY,Organic Chemistry–Some Basic Principles–Part III III (Purification),ANJU.K,2026,OFFLINE,MDC,,BATCH10,23-02-2025,15,13,2,COMPLETED,,,,,,,,
291,BOTANY,Organism and Population,ANJU.K,2026,OFFLINE,BAM,,BATCH10,23-02-2025,14,12,2,COMPLETED,,,,,,,,
292,BOTANY,Organism and Population,ANJU.K,2026,OFFLINE,BAM,,BATCH10,23-02-2025,9,8,1,COMPLETED,,,,,,,,
293,PHYSICS,Oscillations,ANJU.K,2026,OFFLINE,CAE,,BATCH10,23-02-2025,9,8,1,COMPLETED,,,,,,,,
294,PHYSICS,Oscillations,ANJU.K,2026,OFFLINE,CAE,,BATCH10,23-02-2025,17,14,3,COMPLETED,,,,,,,,
295,PHYSICS,Oscillations,ANJU.K,2026,OFFLINE,CAE,,BATCH10,23-02-2025,7,7,0,COMPLETED,,,,,,,,
296,MATHS,"Permutation, Combination and Binomial Theorem",ANJU.K,2026,OFFLINE,MBI,,BATCH10,23-02-2025,17,14,3,COMPLETED,,,,,,,,
297,MATHS,"Permutation, Combination and Binomial Theorem",ANJU.K,2026,OFFLINE,MBI,,BATCH10,23-02-2025,9,8,1,COMPLETED,,,,,,,,
298,PHYSICS,"Physical World, Units and Measurements",ANJU.K,2026,OFFLINE,PBK,,BATCH10,23-02-2025,9,8,1,COMPLETED,,,,,,,,
299,PHYSICS,"Physical World, Units and Measurements",ANJU.K,2026,OFFLINE,PBK,,BATCH10,23-02-2025,12,11,1,COMPLETED,,,,,,,,
300,PHYSICS,"Physical World, Units and Measurements",ANJU.K,2026,OFFLINE,PBK,,BATCH10,23-02-2025,21,17,4,COMPLETED,,,,,,,,
301,BOTANY,Plant Growth and Development,ANJU.K,2026,OFFLINE,CBJ,,BATCH10,23-02-2025,10,9,1,COMPLETED,,,,,,,,
302,BOTANY,Plant Growth and Development,ANJU.K,2026,OFFLINE,CBJ,,BATCH10,23-02-2025,14,12,2,COMPLETED,,,,,,,,
303,BOTANY,Plant Kingdom,ANJU.K,2026,OFFLINE,MDT,,BATCH10,23-02-2025,12,11,1,COMPLETED,,,,,,,,
304,BOTANY,Plant Kingdom,ANJU.K,2026,OFFLINE,MDT,,BATCH10,23-02-2025,10,9,1,COMPLETED,,,,,,,,
305,BOTANY,Plant Kingdom,ANJU.K,2026,OFFLINE,MDT,,BATCH10,23-02-2025,10,9,1,COMPLETED,,,,,,,,
306,CHEMISTRY,Practical Chemistry,ANJU.K,2026,OFFLINE,BDT,,BATCH10,23-02-2025,9,8,1,COMPLETED,,,,,,,,
307,CHEMISTRY,Practical Chemistry,ANJU.K,2026,OFFLINE,BDT,,BATCH10,23-02-2025,26,19,7,COMPLETED,,,,,,,,
308,MATHS,Quadratic Equation,ANJU.K,2026,OFFLINE,BBJ,,BATCH10,23-02-2025,21,17,4,COMPLETED,,,,,,,,
309,MATHS,Quadratic Equation,ANJU.K,2026,OFFLINE,BBJ,,BATCH10,23-02-2025,9,8,1,COMPLETED,,,,,,,,
310,PHYSICS,Ray Optics & Optical Instruments,ANJU.K,2026,OFFLINE,MCK,,BATCH10,23-02-2025,12,11,1,COMPLETED,,,,,,,,
311,PHYSICS,Ray Optics & Optical Instruments,ANJU.K,2026,OFFLINE,MCK,,BATCH10,23-02-2025,14,12,2,COMPLETED,,,,,,,,
312,CHEMISTRY,Redox Reaction,ANJU.K,2026,OFFLINE,CDZ,,BATCH10,23-02-2025,9,8,1,COMPLETED,,,,,,,,
313,CHEMISTRY,Redox Reaction,ANJU.K,2026,OFFLINE,CDZ,,BATCH10,23-02-2025,21,17,4,COMPLETED,,,,,,,,
314,ZOOLOGY,Reproductive Health,ANJU.K,2026,OFFLINE,BBE,,BATCH10,23-02-2025,15,13,2,COMPLETED,,,,,,,,
315,ZOOLOGY,Reproductive Health,ANJU.K,2026,OFFLINE,BBE,,BATCH10,23-02-2025,5,5,0,COMPLETED,,,,,,,,
316,BOTANY,Respiration in Plants,ANJU.K,2026,OFFLINE,BAV,,BATCH10,23-02-2025,14,12,2,COMPLETED,,,,,,,,
317,BOTANY,Respiration in Plants,ANJU.K,2026,OFFLINE,BAV,,BATCH10,23-02-2025,17,14,3,COMPLETED,,,,,,,,
318,BOTANY,Respiration in Plants,ANJU.K,2026,OFFLINE,BAV,,BATCH10,23-02-2025,10,9,1,COMPLETED,,,,,,,,
319,MATHS,Sequences and Series,ANJU.K,2026,OFFLINE,ZBX,,BATCH10,23-02-2025,14,12,2,COMPLETED,,,,,,,,
320,MATHS,Sequences and Series,ANJU.K,2026,OFFLINE,ZBX,,BATCH10,23-02-2025,9,8,1,COMPLETED,,,,,,,,
321,CHEMISTRY,Solutions,ANJU.K,2026,OFFLINE,CBA,,BATCH10,23-02-2025,7,7,0,COMPLETED,,,,,,,,
322,CHEMISTRY,Solutions,ANJU.K,2026,OFFLINE,CBA,,BATCH10,23-02-2025,31,21,10,COMPLETED,,,,,,,,
323,CHEMISTRY,Solutions,ANJU.K,2026,OFFLINE,CBA,,BATCH10,23-02-2025,12,11,1,COMPLETED,,,,,,,,
324,CHEMISTRY,Some Basic Concepts of Chemistry,ANJU.K,2026,OFFLINE,MCX,,BATCH10,23-02-2025,7,7,0,COMPLETED,,,,,,,,
325,CHEMISTRY,Some Basic Concepts of Chemistry,ANJU.K,2026,OFFLINE,MCX,,BATCH10,23-02-2025,15,13,2,COMPLETED,,,,,,,,
326,CHEMISTRY,Some Basic Concepts of Chemistry,ANJU.K,2026,OFFLINE,MCX,,BATCH10,23-02-2025,17,14,3,COMPLETED,,,,,,,,
327,ZOOLOGY,Structural organisation in Animals Animal Tissue,ANJU.K,2026,OFFLINE,BBA,,BATCH10,23-02-2025,14,12,2,COMPLETED,,,,,,,,
328,ZOOLOGY,Structural organisation in Animals Animal Tissue,ANJU.K,2026,OFFLINE,BBA,,BATCH10,23-02-2025,9,8,1,COMPLETED,,,,,,,,
329,ZOOLOGY,Structural organisation in Animals Morphology of Animals,ANJU.K,2026,OFFLINE,CBO,,BATCH10,23-02-2025,21,17,4,COMPLETED,,,,,,,,
330,ZOOLOGY,Structural organisation in Animals Morphology of Animals,ANJU.K,2026,OFFLINE,CBO,,BATCH10,23-02-2025,12,11,1,COMPLETED,,,,,,,,
331,CHEMISTRY,Structure of Atoms,ANJU.K,2026,OFFLINE,ZDM,,BATCH10,23-02-2025,12,11,1,COMPLETED,,,,,,,,
332,CHEMISTRY,Structure of Atoms,ANJU.K,2026,OFFLINE,ZDM,,BATCH10,23-02-2025,19,15,4,COMPLETED,,,,,,,,
333,PHYSICS,System of Particles and Rigid Body Rotation,ANJU.K,2026,OFFLINE,BCF,,BATCH10,23-02-2025,10,9,1,COMPLETED,,,,,,,,
334,PHYSICS,System of Particles and Rigid Body Rotation,ANJU.K,2026,OFFLINE,BCF,,BATCH10,23-02-2025,17,14,3,COMPLETED,,,,,,,,
335,ZOOLOGY,The Living World,ANJU.K,2026,OFFLINE,MAM,,BATCH10,23-02-2025,9,8,1,COMPLETED,,,,,,,,
336,ZOOLOGY,The Living World,ANJU.K,2026,OFFLINE,MAM,,BATCH10,23-02-2025,10,9,1,COMPLETED,,,,,,,,
337,CHEMISTRY,The p Block Elements (XI) (XI) & (XII),ANJU.K,2026,OFFLINE,CAN,,BATCH10,23-02-2025,9,8,1,COMPLETED,,,,,,,,
338,CHEMISTRY,The p Block Elements (XI) (XI) & (XII),ANJU.K,2026,OFFLINE,CAN,,BATCH10,23-02-2025,17,14,3,COMPLETED,,,,,,,,
339,MATHS,Theory of Probability,ANJU.K,2026,OFFLINE,PBT,,BATCH10,23-02-2025,14,12,2,COMPLETED,,,,,,,,
340,MATHS,Theory of Probability,ANJU.K,2026,OFFLINE,PBT,,BATCH10,23-02-2025,15,13,2,COMPLETED,,,,,,,,
341,MATHS,Theory of Probability,ANJU.K,2026,OFFLINE,PBT,,BATCH10,23-02-2025,19,15,4,COMPLETED,,,,,,,,
342,PHYSICS,"Thermal Properties of Matter, Thermodynamics and Kinetic Theory",ANJU.K,2026,OFFLINE,ZCT,,BATCH10,23-02-2025,10,9,1,COMPLETED,,,,,,,,
343,PHYSICS,"Thermal Properties of Matter, Thermodynamics and Kinetic Theory",ANJU.K,2026,OFFLINE,ZCT,,BATCH10,23-02-2025,10,9,1,COMPLETED,,,,,,,,
344,MATHS,Trigonometry I,ANJU.K,2026,OFFLINE,ZCG,,BATCH10,23-02-2025,24,18,6,COMPLETED,,,,,,,,
345,MATHS,Trigonometry I,ANJU.K,2026,OFFLINE,ZCG,,BATCH10,23-02-2025,9,8,1,COMPLETED,,,,,,,,
346,MATHS,Trigonometry I,ANJU.K,2026,OFFLINE,ZCG,,BATCH10,23-02-2025,15,13,2,COMPLETED,,,,,,,,
347,MATHS,Trigonometry II,ANJU.K,2026,OFFLINE,ZCK,,BATCH10,23-02-2025,26,19,7,COMPLETED,,,,,,,,
348,MATHS,Trigonometry II,ANJU.K,2026,OFFLINE,ZCK,,BATCH10,23-02-2025,7,7,0,COMPLETED,,,,,,,,
349,MATHS,Vectors,ANJU.K,2026,OFFLINE,BCB,,BATCH10,23-02-2025,15,13,2,COMPLETED,,,,,,,,
350,MATHS,Vectors,ANJU.K,2026,OFFLINE,BCB,,BATCH10,23-02-2025,12,11,1,COMPLETED,,,,,,,,
351,PHYSICS,Waves,ANJU.K,2026,OFFLINE,BCT,,BATCH10,23-02-2025,9,8,1,COMPLETED,,,,,,,,
352,PHYSICS,Waves,ANJU.K,2026,OFFLINE,BCT,,BATCH10,23-02-2025,14,12,2,COMPLETED,,,,,,,,
353,PHYSICS,Work Energy & Power,ANJU.K,2026,OFFLINE,PDQ,,BATCH10,23-02-2025,9,8,1,COMPLETED,,,,,,,,
354,PHYSICS,Work Energy & Power,ANJU.K,2026,OFFLINE,PDQ,,BATCH10,23-02-2025,14,12,2,COMPLETED,,,,,,,,
355,CHEMISTRY,"Alcohols, Phenols and Ethers",DEEPA.MD.(WB),2026,OFFLINE,CAS,,BATCH11,23-02-2025,14,12,2,COMPLETED,,,,,,,,
356,CHEMISTRY,"Alcohols, Phenols and Ethers",DEEPA.MD.(WB),2026,OFFLINE,CAS,,BATCH11,23-02-2025,14,12,2,COMPLETED,,,,,,,,
357,CHEMISTRY,Amines,DEEPA.MD.(WB),2026,OFFLINE,MDG,,BATCH11,23-02-2025,15,13,2,COMPLETED,,,,,,,,
358,CHEMISTRY,Amines,DEEPA.MD.(WB),2026,OFFLINE,MDG,,BATCH11,23-02-2025,19,15,4,COMPLETED,,,,,,,,
359,BOTANY,Anatomy of Flowering Plants,DEEPA.MD.(WB),2026,OFFLINE,BAI,,BATCH11,23-02-2025,12,11,1,COMPLETED,,,,,,,,
360,BOTANY,Anatomy of Flowering Plants,DEEPA.MD.(WB),2026,OFFLINE,BAI,,BATCH11,23-02-2025,12,11,1,COMPLETED,,,,,,,,
361,ZOOLOGY,Animal Kingdom Non Chordata,DEEPA.MD.(WB),2026,OFFLINE,PBP,,BATCH11,23-02-2025,21,17,4,COMPLETED,,,,,,,,
362,ZOOLOGY,Animal Kingdom Non Chordata,DEEPA.MD.(WB),2026,OFFLINE,PBP,,BATCH11,23-02-2025,9,8,1,COMPLETED,,,,,,,,
363,ZOOLOGY,Animal Kingdom Phylum Chordata,DEEPA.MD.(WB),2026,OFFLINE,ZBB,,BATCH11,23-02-2025,15,13,2,COMPLETED,,,,,,,,
364,ZOOLOGY,Animal Kingdom Phylum Chordata,DEEPA.MD.(WB),2026,OFFLINE,ZBB,,BATCH11,23-02-2025,10,9,1,COMPLETED,,,,,,,,
365,MATHS,Applications of Differentiation,DEEPA.MD.(WB),2026,OFFLINE,CCZ,,BATCH11,23-02-2025,12,11,1,COMPLETED,,,,,,,,
366,MATHS,Applications of Differentiation,DEEPA.MD.(WB),2026,OFFLINE,CCZ,,BATCH11,23-02-2025,10,9,1,COMPLETED,,,,,,,,
367,MATHS,Applications of Differentiation,DEEPA.MD.(WB),2026,OFFLINE,CCZ,,BATCH11,23-02-2025,14,12,2,COMPLETED,,,,,,,,
368,PHYSICS,Atoms and Nuclei,DEEPA.MD.(WB),2026,OFFLINE,CAJ,,BATCH11,23-02-2025,9,8,1,COMPLETED,,,,,,,,
369,PHYSICS,Atoms and Nuclei,DEEPA.MD.(WB),2026,OFFLINE,CAJ,,BATCH11,23-02-2025,15,13,2,COMPLETED,,,,,,,,
370,PHYSICS,Atoms and Nuclei,DEEPA.MD.(WB),2026,OFFLINE,CAJ,,BATCH11,23-02-2025,9,8,1,COMPLETED,,,,,,,,
371,ZOOLOGY,Biodiversity and Conservation,DEEPA.MD.(WB),2026,OFFLINE,BBT,,BATCH11,23-02-2025,9,8,1,COMPLETED,,,,,,,,
372,ZOOLOGY,Biodiversity and Conservation,DEEPA.MD.(WB),2026,OFFLINE,BBT,,BATCH11,23-02-2025,7,7,0,COMPLETED,,,,,,,,
373,ZOOLOGY,Biodiversity and Conservation,DEEPA.MD.(WB),2026,OFFLINE,BBT,,BATCH11,23-02-2025,15,13,2,COMPLETED,,,,,,,,
374,BOTANY,Biological Classification,DEEPA.MD.(WB),2026,OFFLINE,BDU,,BATCH11,23-02-2025,12,11,1,COMPLETED,,,,,,,,
375,BOTANY,Biological Classification,DEEPA.MD.(WB),2026,OFFLINE,BDU,,BATCH11,23-02-2025,21,17,4,COMPLETED,,,,,,,,
376,ZOOLOGY,Biomolecules,DEEPA.MD.(WB),2026,OFFLINE,CBP,,BATCH11,23-02-2025,14,12,2,COMPLETED,,,,,,,,
377,ZOOLOGY,Biomolecules,DEEPA.MD.(WB),2026,OFFLINE,CBP,,BATCH11,23-02-2025,10,9,1,COMPLETED,,,,,,,,
378,BOTANY,Biotechnology and its Applications,DEEPA.MD.(WB),2026,OFFLINE,ZBK,,BATCH11,23-02-2025,12,11,1,COMPLETED,,,,,,,,
379,BOTANY,Biotechnology and its Applications,DEEPA.MD.(WB),2026,OFFLINE,ZBK,,BATCH11,23-02-2025,9,8,1,COMPLETED,,,,,,,,
380,BOTANY,Biotechnology and its Applications,DEEPA.MD.(WB),2026,OFFLINE,ZBK,,BATCH11,23-02-2025,12,11,1,COMPLETED,,,,,,,,
381,ZOOLOGY,Body Fluids and Circulation,DEEPA.MD.(WB),2026,OFFLINE,PAX,,BATCH11,23-02-2025,14,12,2,COMPLETED,,,,,,,,
382,ZOOLOGY,Body Fluids and Circulation,DEEPA.MD.(WB),2026,OFFLINE,PAX,,BATCH11,23-02-2025,9,8,1,COMPLETED,,,,,,,,
383,CHEMISTRY,Carboxylic Acids and It's Derivatives  Derivatives,DEEPA.MD.(WB),2026,OFFLINE,ZAS,,BATCH11,23-02-2025,10,9,1,COMPLETED,,,,,,,,
384,CHEMISTRY,Carboxylic Acids and It's Derivatives  Derivatives,DEEPA.MD.(WB),2026,OFFLINE,ZAS,,BATCH11,23-02-2025,15,13,2,COMPLETED,,,,,,,,
385,BOTANY,Cell Cycle and Cell Division,DEEPA.MD.(WB),2026,OFFLINE,MAI,,BATCH11,23-02-2025,17,14,3,COMPLETED,,,,,,,,
386,BOTANY,Cell Cycle and Cell Division,DEEPA.MD.(WB),2026,OFFLINE,MAI,,BATCH11,23-02-2025,14,12,2,COMPLETED,,,,,,,,
387,BOTANY,Cell Cycle and Cell Division,DEEPA.MD.(WB),2026,OFFLINE,MAI,,BATCH11,23-02-2025,14,12,2,COMPLETED,,,,,,,,
388,ZOOLOGY,Chemical Coordination and Integration,DEEPA.MD.(WB),2026,OFFLINE,MAY,,BATCH11,23-02-2025,12,11,1,COMPLETED,,,,,,,,
389,ZOOLOGY,Chemical Coordination and Integration,DEEPA.MD.(WB),2026,OFFLINE,JUNE,,BATCH11,23-02-2025,9,8,1,COMPLETED,,,,,,,,
390,CHEMISTRY,Chemical Kinetics,DEEPA.MD.(WB),2026,OFFLINE,BDQ,,BATCH11,23-02-2025,10,9,1,COMPLETED,,,,,,,,
391,CHEMISTRY,Chemical Kinetics,DEEPA.MD.(WB),2026,OFFLINE,BDQ,,BATCH11,23-02-2025,7,7,0,COMPLETED,,,,,,,,
392,CHEMISTRY,Classification of Elements and Periodicity Periodicity in Properties,DEEPA.MD.(WB),2026,OFFLINE,PBC,,BATCH11,23-02-2025,9,8,1,COMPLETED,,,,,,,,
393,CHEMISTRY,Classification of Elements and Periodicity Periodicity in Properties,DEEPA.MD.(WB),2026,OFFLINE,PBC,,BATCH11,23-02-2025,15,13,2,COMPLETED,,,,,,,,
394,MATHS,Complex Numbers,DEEPA.MD.(WB),2026,OFFLINE,BBK,,BATCH11,23-02-2025,14,12,2,COMPLETED,,,,,,,,
395,MATHS,Complex Numbers,DEEPA.MD.(WB),2026,OFFLINE,BBK,,BATCH11,23-02-2025,9,8,1,COMPLETED,,,,,,,,
396,MATHS,Conic Section,DEEPA.MD.(WB),2026,OFFLINE,BBX,,BATCH11,23-02-2025,19,15,4,COMPLETED,,,,,,,,
397,MATHS,Conic Section,DEEPA.MD.(WB),2026,OFFLINE,BBX,,BATCH11,23-02-2025,10,9,1,COMPLETED,,,,,,,,
398,PHYSICS,Current Electricity,DEEPA.MD.(WB),2026,OFFLINE,CDI,,BATCH11,23-02-2025,12,11,1,COMPLETED,,,,,,,,
399,PHYSICS,Current Electricity,DEEPA.MD.(WB),2026,OFFLINE,CDI,,BATCH11,23-02-2025,14,12,2,COMPLETED,,,,,,,,
400,BOTANY,Ecosystem,DEEPA.MD.(WB),2026,OFFLINE,BAN,,BATCH11,23-02-2025,9,8,1,COMPLETED,,,,,,,,
401,BOTANY,Ecosystem,DEEPA.MD.(WB),2026,OFFLINE,BAN,,BATCH11,23-02-2025,9,8,1,COMPLETED,,,,,,,,
402,CHEMISTRY,Electrochemistry,DEEPA.MD.(WB),2026,OFFLINE,CBB,,BATCH11,23-02-2025,10,9,1,COMPLETED,,,,,,,,
403,CHEMISTRY,Electrochemistry,DEEPA.MD.(WB),2026,OFFLINE,CBB,,BATCH11,23-02-2025,24,18,6,COMPLETED,,,,,,,,
404,CHEMISTRY,Electrochemistry,DEEPA.MD.(WB),2026,OFFLINE,CBB,,BATCH11,23-02-2025,9,8,1,COMPLETED,,,,,,,,
405,PHYSICS,Electromagnetic Induction and Alternating Current,DEEPA.MD.(WB),2026,OFFLINE,PDV,,BATCH11,23-02-2025,14,12,2,COMPLETED,,,,,,,,
406,PHYSICS,Electromagnetic Induction and Alternating Current,DEEPA.MD.(WB),2026,OFFLINE,PDV,,BATCH11,23-02-2025,21,17,4,COMPLETED,,,,,,,,
407,PHYSICS,Electrostatics,DEEPA.MD.(WB),2026,OFFLINE,BCU,,BATCH11,23-02-2025,17,14,3,COMPLETED,,,,,,,,
408,PHYSICS,Electrostatics,DEEPA.MD.(WB),2026,OFFLINE,BCU,,BATCH11,23-02-2025,12,11,1,COMPLETED,,,,,,,,
409,ZOOLOGY,Evolution,DEEPA.MD.(WB),2026,OFFLINE,MBF,,BATCH11,23-02-2025,24,18,6,COMPLETED,,,,,,,,
410,ZOOLOGY,Evolution,DEEPA.MD.(WB),2026,OFFLINE,MBF,,BATCH11,23-02-2025,7,7,0,COMPLETED,,,,,,,,
411,ZOOLOGY,Evolution,DEEPA.MD.(WB),2026,OFFLINE,MBF,,BATCH11,23-02-2025,14,12,2,COMPLETED,,,,,,,,
412,ZOOLOGY,Excretory Products and Their Elimination,DEEPA.MD.(WB),2026,OFFLINE,PCC,,BATCH11,23-02-2025,15,13,2,COMPLETED,,,,,,,,
413,ZOOLOGY,Excretory Products and Their Elimination,DEEPA.MD.(WB),2026,OFFLINE,PCC,,BATCH11,23-02-2025,17,14,3,COMPLETED,,,,,,,,
414,PHYSICS,Gravitation,DEEPA.MD.(WB),2026,OFFLINE,BCG,,BATCH11,23-02-2025,9,8,1,COMPLETED,,,,,,,,
415,PHYSICS,Gravitation,DEEPA.MD.(WB),2026,OFFLINE,BCG,,BATCH11,23-02-2025,19,15,4,COMPLETED,,,,,,,,
416,CHEMISTRY,Halo Alkanes and Halo Arenes  Arenes,DEEPA.MD.(WB),2026,OFFLINE,BAE,,BATCH11,23-02-2025,12,11,1,COMPLETED,,,,,,,,
417,CHEMISTRY,Halo Alkanes and Halo Arenes  Arenes,DEEPA.MD.(WB),2026,OFFLINE,BAE,,BATCH11,23-02-2025,17,14,3,COMPLETED,,,,,,,,
418,ZOOLOGY,Human Health and Disease,DEEPA.MD.(WB),2026,OFFLINE,ZBT,,BATCH11,23-02-2025,17,14,3,COMPLETED,,,,,,,,
419,ZOOLOGY,Human Health and Disease,DEEPA.MD.(WB),2026,OFFLINE,ZBT,,BATCH11,23-02-2025,9,8,1,COMPLETED,,,,,,,,
420,CHEMISTRY,Hydrocarbons,DEEPA.MD.(WB),2026,OFFLINE,MDD,,BATCH11,23-02-2025,10,9,1,COMPLETED,,,,,,,,
421,CHEMISTRY,Hydrocarbons,DEEPA.MD.(WB),2026,OFFLINE,MDD,,BATCH11,23-02-2025,9,8,1,COMPLETED,,,,,,,,
422,MATHS,Integration and its Applications,DEEPA.MD.(WB),2026,OFFLINE,MBO,,BATCH11,23-02-2025,29,21,8,COMPLETED,,,,,,,,
423,MATHS,Integration and its Applications,DEEPA.MD.(WB),2026,OFFLINE,MBO,,BATCH11,23-02-2025,12,11,1,COMPLETED,,,,,,,,
424,MATHS,Limits of Real Functions,DEEPA.MD.(WB),2026,OFFLINE,PCZ,,BATCH11,23-02-2025,10,9,1,COMPLETED,,,,,,,,
425,MATHS,Limits of Real Functions,DEEPA.MD.(WB),2026,OFFLINE,PCZ,,BATCH11,23-02-2025,10,9,1,COMPLETED,,,,,,,,
426,MATHS,Linear Inequations and Inequalities,DEEPA.MD.(WB),2026,OFFLINE,ZCH,,BATCH11,23-02-2025,7,7,0,COMPLETED,,,,,,,,
427,MATHS,Linear Inequations and Inequalities,DEEPA.MD.(WB),2026,OFFLINE,ZCH,,BATCH11,23-02-2025,9,8,1,COMPLETED,,,,,,,,
428,MATHS,Linear Inequations and Inequalities,DEEPA.MD.(WB),2026,OFFLINE,ZCH,,BATCH11,23-02-2025,12,11,1,COMPLETED,,,,,,,,
429,MATHS,Linear Programming,DEEPA.MD.(WB),2026,OFFLINE,MCB,,BATCH11,23-02-2025,7,7,0,COMPLETED,,,,,,,,
430,MATHS,Linear Programming,DEEPA.MD.(WB),2026,OFFLINE,MCB,,BATCH11,23-02-2025,10,9,1,COMPLETED,,,,,,,,
431,MATHS,Linear Programming,DEEPA.MD.(WB),2026,OFFLINE,MCB,,BATCH11,23-02-2025,12,11,1,COMPLETED,,,,,,,,
432,MATHS,Logarithm,DEEPA.MD.(WB),2026,OFFLINE,ZCQ,,BATCH11,23-02-2025,9,8,1,COMPLETED,,,,,,,,
433,MATHS,Logarithm,DEEPA.MD.(WB),2026,OFFLINE,ZCQ,,BATCH11,23-02-2025,9,8,1,COMPLETED,,,,,,,,
434,PHYSICS,Magnetism and Matter,DEEPA.MD.(WB),2026,OFFLINE,ZDI,,BATCH11,23-02-2025,9,8,1,COMPLETED,,,,,,,,
435,PHYSICS,Magnetism and Matter,DEEPA.MD.(WB),2026,OFFLINE,ZDI,,BATCH11,23-02-2025,9,8,1,COMPLETED,,,,,,,,
436,MATHS,Matrices and Determinants,DEEPA.MD.(WB),2026,OFFLINE,ZCL,,BATCH11,23-02-2025,21,17,4,COMPLETED,,,,,,,,
437,MATHS,Matrices and Determinants,DEEPA.MD.(WB),2026,OFFLINE,ZCL,,BATCH11,23-02-2025,10,9,1,COMPLETED,,,,,,,,
438,PHYSICS,Mechanical Properties of Solids & Fluids,DEEPA.MD.(WB),2026,OFFLINE,PAA,,BATCH11,23-02-2025,12,11,1,COMPLETED,,,,,,,,
439,PHYSICS,Mechanical Properties of Solids & Fluids,DEEPA.MD.(WB),2026,OFFLINE,PAA,,BATCH11,23-02-2025,14,12,2,COMPLETED,,,,,,,,
440,PHYSICS,Mechanical Properties of Solids & Fluids,DEEPA.MD.(WB),2026,OFFLINE,PAA,,BATCH11,23-02-2025,17,14,3,COMPLETED,,,,,,,,
441,BOTANY,Morphology of Flowering Plants,DEEPA.MD.(WB),2026,OFFLINE,MDU,,BATCH11,23-02-2025,14,12,2,COMPLETED,,,,,,,,
442,BOTANY,Morphology of Flowering Plants,DEEPA.MD.(WB),2026,OFFLINE,MDU,,BATCH11,23-02-2025,14,12,2,COMPLETED,,,,,,,,
443,BOTANY,Morphology of Flowering Plants,DEEPA.MD.(WB),2026,OFFLINE,MDU,,BATCH11,23-02-2025,9,8,1,COMPLETED,,,,,,,,
444,PHYSICS,Motion in a Plane,DEEPA.MD.(WB),2026,OFFLINE,CDE,,BATCH11,23-02-2025,9,8,1,COMPLETED,,,,,,,,
445,PHYSICS,Motion in a Plane,DEEPA.MD.(WB),2026,OFFLINE,CDE,,BATCH11,23-02-2025,14,12,2,COMPLETED,,,,,,,,
446,PHYSICS,Motion in a Straight Line,DEEPA.MD.(WB),2026,OFFLINE,BCP,,BATCH11,23-02-2025,9,8,1,COMPLETED,,,,,,,,
447,PHYSICS,Motion in a Straight Line,DEEPA.MD.(WB),2026,OFFLINE,BCP,,BATCH11,23-02-2025,12,11,1,COMPLETED,,,,,,,,
448,PHYSICS,Motion in a Straight Line,DEEPA.MD.(WB),2026,OFFLINE,BCP,,BATCH11,23-02-2025,10,9,1,COMPLETED,,,,,,,,
449,ZOOLOGY,Neural Control and Coordination,DEEPA.MD.(WB),2026,OFFLINE,PAO,,BATCH11,23-02-2025,15,13,2,COMPLETED,,,,,,,,
450,ZOOLOGY,Neural Control and Coordination,DEEPA.MD.(WB),2026,OFFLINE,PAO,,BATCH11,23-02-2025,12,11,1,COMPLETED,,,,,,,,
451,ZOOLOGY,Neural Control and Coordination,DEEPA.MD.(WB),2026,OFFLINE,PAO,,BATCH11,23-02-2025,9,8,1,COMPLETED,,,,,,,,
452,CHEMISTRY,Organic Chemistry–Some Basic Principles–Part I I (Nomenclature),DEEPA.MD.(WB),2026,OFFLINE,CAO,,BATCH11,23-02-2025,10,9,1,COMPLETED,,,,,,,,
453,CHEMISTRY,Organic Chemistry–Some Basic Principles–Part I I (Nomenclature),DEEPA.MD.(WB),2026,OFFLINE,CAO,,BATCH11,23-02-2025,24,18,6,COMPLETED,,,,,,,,
454,CHEMISTRY,Organic Chemistry–Some Basic Principles–Part II II (Reaction Mechanism),DEEPA.MD.(WB),2026,OFFLINE,BDD,,BATCH11,23-02-2025,10,9,1,COMPLETED,,,,,,,,
455,CHEMISTRY,Organic Chemistry–Some Basic Principles–Part II II (Reaction Mechanism),DEEPA.MD.(WB),2026,OFFLINE,BDD,,BATCH11,23-02-2025,17,14,3,COMPLETED,,,,,,,,
456,CHEMISTRY,Organic Chemistry–Some Basic Principles–Part III III (Purification),DEEPA.MD.(WB),2026,OFFLINE,ZAN,,BATCH11,23-02-2025,10,9,1,COMPLETED,,,,,,,,
457,CHEMISTRY,Organic Chemistry–Some Basic Principles–Part III III (Purification),DEEPA.MD.(WB),2026,OFFLINE,ZAN,,BATCH11,23-02-2025,15,13,2,COMPLETED,,,,,,,,
458,CHEMISTRY,Organic Chemistry–Some Basic Principles–Part III III (Purification),DEEPA.MD.(WB),2026,OFFLINE,ZAN,,BATCH11,23-02-2025,10,9,1,COMPLETED,,,,,,,,
459,BOTANY,Organism and Population,DEEPA.MD.(WB),2026,OFFLINE,PBY,,BATCH11,23-02-2025,14,12,2,COMPLETED,,,,,,,,
460,BOTANY,Organism and Population,DEEPA.MD.(WB),2026,OFFLINE,PBY,,BATCH11,23-02-2025,9,8,1,COMPLETED,,,,,,,,
461,PHYSICS,Oscillations,DEEPA.MD.(WB),2026,OFFLINE,ZCU,,BATCH11,23-02-2025,9,8,1,COMPLETED,,,,,,,,
462,PHYSICS,Oscillations,DEEPA.MD.(WB),2026,OFFLINE,ZCU,,BATCH11,23-02-2025,17,14,3,COMPLETED,,,,,,,,
463,MATHS,"Permutation, Combination and Binomial Theorem",DEEPA.MD.(WB),2026,OFFLINE,CCV,,BATCH11,23-02-2025,17,14,3,COMPLETED,,,,,,,,
464,MATHS,"Permutation, Combination and Binomial Theorem",DEEPA.MD.(WB),2026,OFFLINE,CCV,,BATCH11,23-02-2025,9,8,1,COMPLETED,,,,,,,,
465,MATHS,"Permutation, Combination and Binomial Theorem",DEEPA.MD.(WB),2026,OFFLINE,CCV,,BATCH11,23-02-2025,14,12,2,COMPLETED,,,,,,,,
466,BOTANY,Photosynthesis in Higher Plants,DEEPA.MD.(WB),2026,OFFLINE,ZAW,,BATCH11,23-02-2025,19,15,4,COMPLETED,,,,,,,,
467,BOTANY,Photosynthesis in Higher Plants,DEEPA.MD.(WB),2026,OFFLINE,ZAW,,BATCH11,23-02-2025,15,13,2,COMPLETED,,,,,,,,
468,BOTANY,Plant Growth and Development,DEEPA.MD.(WB),2026,OFFLINE,BAW,,BATCH11,23-02-2025,10,9,1,COMPLETED,,,,,,,,
469,BOTANY,Plant Growth and Development,DEEPA.MD.(WB),2026,OFFLINE,BAW,,BATCH11,23-02-2025,14,12,2,COMPLETED,,,,,,,,
470,BOTANY,Plant Growth and Development,DEEPA.MD.(WB),2026,OFFLINE,BAW,,BATCH11,23-02-2025,15,13,2,COMPLETED,,,,,,,,
471,CHEMISTRY,Practical Chemistry,DEEPA.MD.(WB),2026,OFFLINE,CBG,,BATCH11,23-02-2025,9,8,1,COMPLETED,,,,,,,,
472,CHEMISTRY,Practical Chemistry,DEEPA.MD.(WB),2026,OFFLINE,CBG,,BATCH11,23-02-2025,26,19,7,COMPLETED,,,,,,,,
473,CHEMISTRY,Practical Chemistry,DEEPA.MD.(WB),2026,OFFLINE,CBG,,BATCH11,23-02-2025,7,7,0,COMPLETED,,,,,,,,
474,ZOOLOGY,Principles of Inheritance and Variation,DEEPA.MD.(WB),2026,OFFLINE,BBF,,BATCH11,23-02-2025,14,12,2,COMPLETED,,,,,,,,
475,ZOOLOGY,Principles of Inheritance and Variation,DEEPA.MD.(WB),2026,OFFLINE,BBF,,BATCH11,23-02-2025,12,11,1,COMPLETED,,,,,,,,
476,MATHS,Quadratic Equation,DEEPA.MD.(WB),2026,OFFLINE,PCU,,BATCH11,23-02-2025,21,17,4,COMPLETED,,,,,,,,
477,MATHS,Quadratic Equation,DEEPA.MD.(WB),2026,OFFLINE,PCU,,BATCH11,23-02-2025,9,8,1,COMPLETED,,,,,,,,
478,PHYSICS,Ray Optics & Optical Instruments,DEEPA.MD.(WB),2026,OFFLINE,CDV,,BATCH11,23-02-2025,12,11,1,COMPLETED,,,,,,,,
479,PHYSICS,Ray Optics & Optical Instruments,DEEPA.MD.(WB),2026,OFFLINE,CDV,,BATCH11,23-02-2025,14,12,2,COMPLETED,,,,,,,,
480,CHEMISTRY,Redox Reaction,DEEPA.MD.(WB),2026,OFFLINE,BDL,,BATCH11,23-02-2025,9,8,1,COMPLETED,,,,,,,,
481,CHEMISTRY,Redox Reaction,DEEPA.MD.(WB),2026,OFFLINE,BDL,,BATCH11,23-02-2025,21,17,4,COMPLETED,,,,,,,,
482,CHEMISTRY,Redox Reaction,DEEPA.MD.(WB),2026,OFFLINE,BDL,,BATCH11,23-02-2025,14,12,2,COMPLETED,,,,,,,,
483,ZOOLOGY,Reproductive Health,DEEPA.MD.(WB),2026,OFFLINE,PCQ,,BATCH11,23-02-2025,15,13,2,COMPLETED,,,,,,,,
484,ZOOLOGY,Reproductive Health,DEEPA.MD.(WB),2026,OFFLINE,PCQ,,BATCH11,23-02-2025,5,5,0,COMPLETED,,,,,,,,
485,ZOOLOGY,Reproductive Health,DEEPA.MD.(WB),2026,OFFLINE,PCQ,,BATCH11,23-02-2025,15,13,2,COMPLETED,,,,,,,,
486,PHYSICS,Semiconductor Electronics,DEEPA.MD.(WB),2026,OFFLINE,PBL,,BATCH11,23-02-2025,10,9,1,COMPLETED,,,,,,,,
487,PHYSICS,Semiconductor Electronics,DEEPA.MD.(WB),2026,OFFLINE,PBL,,BATCH11,23-02-2025,14,12,2,COMPLETED,,,,,,,,
488,MATHS,Sequences and Series,DEEPA.MD.(WB),2026,OFFLINE,MBJ,,BATCH11,23-02-2025,14,12,2,COMPLETED,,,,,,,,
489,MATHS,Sequences and Series,DEEPA.MD.(WB),2026,OFFLINE,MBJ,,BATCH11,23-02-2025,9,8,1,COMPLETED,,,,,,,,
490,MATHS,"Sets, Relations and  Functions",DEEPA.MD.(WB),2026,OFFLINE,CCH,,BATCH11,23-02-2025,31,21,10,COMPLETED,,,,,,,,
491,MATHS,"Sets, Relations and  Functions",DEEPA.MD.(WB),2026,OFFLINE,CCH,,BATCH11,23-02-2025,12,11,1,COMPLETED,,,,,,,,
492,BOTANY,Sexual reproduction in Flowering Plants,DEEPA.MD.(WB),2026,OFFLINE,CBK,,BATCH11,23-02-2025,17,14,3,COMPLETED,,,,,,,,
493,BOTANY,Sexual reproduction in Flowering Plants,DEEPA.MD.(WB),2026,OFFLINE,CBK,,BATCH11,23-02-2025,7,7,0,COMPLETED,,,,,,,,
494,CHEMISTRY,Solutions,DEEPA.MD.(WB),2026,OFFLINE,ZDQ,,BATCH11,23-02-2025,7,7,0,COMPLETED,,,,,,,,
495,CHEMISTRY,Solutions,DEEPA.MD.(WB),2026,OFFLINE,ZDQ,,BATCH11,23-02-2025,31,21,10,COMPLETED,,,,,,,,
496,MATHS,Statistics,DEEPA.MD.(WB),2026,OFFLINE,CCM,,BATCH11,23-02-2025,12,11,1,COMPLETED,,,,,,,,
497,MATHS,Statistics,DEEPA.MD.(WB),2026,OFFLINE,CCM,,BATCH11,23-02-2025,10,9,1,COMPLETED,,,,,,,,
498,MATHS,Straight Lines,DEEPA.MD.(WB),2026,OFFLINE,ZBY,,BATCH11,23-02-2025,14,12,2,COMPLETED,,,,,,,,
499,MATHS,Straight Lines,DEEPA.MD.(WB),2026,OFFLINE,ZBY,,BATCH11,23-02-2025,10,9,1,COMPLETED,,,,,,,,
500,ZOOLOGY,Structural organisation in Animals Morphology of Animals,DEEPA.MD.(WB),2026,OFFLINE,PBG,,BATCH11,23-02-2025,21,17,4,COMPLETED,,,,,,,,
501,ZOOLOGY,Structural organisation in Animals Morphology of Animals,DEEPA.MD.(WB),2026,OFFLINE,PBG,,BATCH11,23-02-2025,12,11,1,COMPLETED,,,,,,,,
502,CHEMISTRY,Structure of Atoms,DEEPA.MD.(WB),2026,OFFLINE,MCY,,BATCH11,23-02-2025,12,11,1,COMPLETED,,,,,,,,
503,CHEMISTRY,Structure of Atoms,DEEPA.MD.(WB),2026,OFFLINE,MCY,,BATCH11,23-02-2025,19,15,4,COMPLETED,,,,,,,,
504,CHEMISTRY,Structure of Atoms,DEEPA.MD.(WB),2026,OFFLINE,MCY,,BATCH11,23-02-2025,12,11,1,COMPLETED,,,,,,,,
505,PHYSICS,System of Particles and Rigid Body Rotation,DEEPA.MD.(WB),2026,OFFLINE,PDR,,BATCH11,23-02-2025,10,9,1,COMPLETED,,,,,,,,
506,PHYSICS,System of Particles and Rigid Body Rotation,DEEPA.MD.(WB),2026,OFFLINE,PDR,,BATCH11,23-02-2025,17,14,3,COMPLETED,,,,,,,,
507,CHEMISTRY,The d and f Block Block Elements,DEEPA.MD.(WB),2026,OFFLINE,ZAE,,BATCH11,23-02-2025,9,8,1,COMPLETED,,,,,,,,
508,CHEMISTRY,The d and f Block Block Elements,DEEPA.MD.(WB),2026,OFFLINE,ZAE,,BATCH11,23-02-2025,21,17,4,COMPLETED,,,,,,,,
509,ZOOLOGY,The Living World,DEEPA.MD.(WB),2026,OFFLINE,CBY,,BATCH11,23-02-2025,9,8,1,COMPLETED,,,,,,,,
510,ZOOLOGY,The Living World,DEEPA.MD.(WB),2026,OFFLINE,CBY,,BATCH11,23-02-2025,10,9,1,COMPLETED,,,,,,,,
511,ZOOLOGY,The Living World,DEEPA.MD.(WB),2026,OFFLINE,CBY,,BATCH11,23-02-2025,12,11,1,COMPLETED,,,,,,,,
512,CHEMISTRY,The p Block Elements (XI) (XI) & (XII),DEEPA.MD.(WB),2026,OFFLINE,ZDZ,,BATCH11,23-02-2025,9,8,1,COMPLETED,,,,,,,,
513,CHEMISTRY,The p Block Elements (XI) (XI) & (XII),DEEPA.MD.(WB),2026,OFFLINE,ZDZ,,BATCH11,23-02-2025,17,14,3,COMPLETED,,,,,,,,
514,CHEMISTRY,The p Block Elements (XI) (XI) & (XII),DEEPA.MD.(WB),2026,OFFLINE,ZDZ,,BATCH11,23-02-2025,7,7,0,COMPLETED,,,,,,,,
515,PHYSICS,"Thermal Properties of Matter, Thermodynamics and Kinetic Theory",DEEPA.MD.(WB),2026,OFFLINE,MCG,,BATCH11,23-02-2025,10,9,1,COMPLETED,,,,,,,,
516,PHYSICS,"Thermal Properties of Matter, Thermodynamics and Kinetic Theory",DEEPA.MD.(WB),2026,OFFLINE,MCG,,BATCH11,23-02-2025,10,9,1,COMPLETED,,,,,,,,
517,CHEMISTRY,Thermodynamics and Chemical Energetics,DEEPA.MD.(WB),2026,OFFLINE,ZAA,,BATCH11,23-02-2025,9,8,1,COMPLETED,,,,,,,,
518,CHEMISTRY,Thermodynamics and Chemical Energetics,DEEPA.MD.(WB),2026,OFFLINE,ZAA,,BATCH11,23-02-2025,15,13,2,COMPLETED,,,,,,,,
519,MATHS,Three Dimensional Geometry,DEEPA.MD.(WB),2026,OFFLINE,BCC,,BATCH11,23-02-2025,17,14,3,COMPLETED,,,,,,,,
520,MATHS,Three Dimensional Geometry,DEEPA.MD.(WB),2026,OFFLINE,BCC,,BATCH11,23-02-2025,10,9,1,COMPLETED,,,,,,,,
521,MATHS,Vectors,DEEPA.MD.(WB),2026,OFFLINE,PDM,,BATCH11,23-02-2025,15,13,2,COMPLETED,,,,,,,,
522,MATHS,Vectors,DEEPA.MD.(WB),2026,OFFLINE,PDM,,BATCH11,23-02-2025,12,11,1,COMPLETED,,,,,,,,
523,MATHS,Vectors,DEEPA.MD.(WB),2026,OFFLINE,PDM,,BATCH11,23-02-2025,14,12,2,COMPLETED,,,,,,,,
524,PHYSICS,Wave Optics,DEEPA.MD.(WB),2026,OFFLINE,PBU,,BATCH11,23-02-2025,7,7,0,COMPLETED,,,,,,,,
525,PHYSICS,Wave Optics,DEEPA.MD.(WB),2026,OFFLINE,PBU,,BATCH11,23-02-2025,21,17,4,COMPLETED,,,,,,,,
526,PHYSICS,Waves,DEEPA.MD.(WB),2026,OFFLINE,PAJ,,BATCH11,23-02-2025,9,8,1,COMPLETED,,,,,,,,
527,PHYSICS,Waves,DEEPA.MD.(WB),2026,OFFLINE,PAJ,,BATCH11,23-02-2025,14,12,2,COMPLETED,,,,,,,,
528,PHYSICS,Waves,DEEPA.MD.(WB),2026,OFFLINE,PAJ,,BATCH11,23-02-2025,9,8,1,COMPLETED,,,,,,,,
529,PHYSICS,Work Energy & Power,DEEPA.MD.(WB),2026,OFFLINE,ZDD,,BATCH11,23-02-2025,9,8,1,COMPLETED,,,,,,,,
530,PHYSICS,Work Energy & Power,DEEPA.MD.(WB),2026,OFFLINE,ZDD,,BATCH11,23-02-2025,14,12,2,COMPLETED,,,,,,,,
531,PHYSICS,Work Energy & Power,DEEPA.MD.(WB),2026,OFFLINE,ZDD,,BATCH11,23-02-2025,29,21,8,COMPLETED,,,,,,,,
532,CHEMISTRY,"Alcohols, Phenols and Ethers",MANJIMA.JIMMY,2026,OFFLINE,BAF,,BATCH12,23-02-2025,14,12,2,COMPLETED,,,,,,,,
533,CHEMISTRY,"Alcohols, Phenols and Ethers",MANJIMA.JIMMY,2026,OFFLINE,BAF,,BATCH12,23-02-2025,14,12,2,COMPLETED,,,,,,,,
534,CHEMISTRY,Aldehydes and Ketones,MANJIMA.JIMMY,2026,OFFLINE,CAT,,BATCH12,23-02-2025,12,11,1,COMPLETED,,,,,,,,
535,CHEMISTRY,Aldehydes and Ketones,MANJIMA.JIMMY,2026,OFFLINE,CAT,,BATCH12,23-02-2025,14,12,2,COMPLETED,,,,,,,,
536,CHEMISTRY,Amines,MANJIMA.JIMMY,2026,OFFLINE,ZAT,,BATCH12,23-02-2025,15,13,2,COMPLETED,,,,,,,,
537,CHEMISTRY,Amines,MANJIMA.JIMMY,2026,OFFLINE,ZAT,,BATCH12,23-02-2025,19,15,4,COMPLETED,,,,,,,,
538,BOTANY,Anatomy of Flowering Plants,MANJIMA.JIMMY,2026,OFFLINE,MDV,,BATCH12,23-02-2025,12,11,1,COMPLETED,,,,,,,,
539,BOTANY,Anatomy of Flowering Plants,MANJIMA.JIMMY,2026,OFFLINE,MDV,,BATCH12,23-02-2025,12,11,1,COMPLETED,,,,,,,,
540,BOTANY,Anatomy of Flowering Plants,MANJIMA.JIMMY,2026,OFFLINE,MDV,,BATCH12,23-02-2025,10,9,1,COMPLETED,,,,,,,,
541,ZOOLOGY,Animal Kingdom Non Chordata,MANJIMA.JIMMY,2026,OFFLINE,CBZ,,BATCH12,23-02-2025,21,17,4,COMPLETED,,,,,,,,
542,ZOOLOGY,Animal Kingdom Non Chordata,MANJIMA.JIMMY,2026,OFFLINE,CBZ,,BATCH12,23-02-2025,9,8,1,COMPLETED,,,,,,,,
543,ZOOLOGY,Animal Kingdom Non Chordata,MANJIMA.JIMMY,2026,OFFLINE,CBZ,,BATCH12,23-02-2025,14,12,2,COMPLETED,,,,,,,,
544,ZOOLOGY,Animal Kingdom Phylum Chordata,MANJIMA.JIMMY,2026,OFFLINE,MAN,,BATCH12,23-02-2025,15,13,2,COMPLETED,,,,,,,,
545,ZOOLOGY,Animal Kingdom Phylum Chordata,MANJIMA.JIMMY,2026,OFFLINE,MAN,,BATCH12,23-02-2025,10,9,1,COMPLETED,,,,,,,,
546,BOTANY,Biological Classification,MANJIMA.JIMMY,2026,OFFLINE,CBH,,BATCH12,23-02-2025,12,11,1,COMPLETED,,,,,,,,
547,BOTANY,Biological Classification,MANJIMA.JIMMY,2026,OFFLINE,CBH,,BATCH12,23-02-2025,21,17,4,COMPLETED,,,,,,,,
548,BOTANY,Biological Classification,MANJIMA.JIMMY,2026,OFFLINE,CBH,,BATCH12,23-02-2025,10,9,1,COMPLETED,,,,,,,,
549,ZOOLOGY,Biomolecules,MANJIMA.JIMMY,2026,OFFLINE,BBB,,BATCH12,23-02-2025,14,12,2,COMPLETED,,,,,,,,
550,CHEMISTRY,Biomolecules,MANJIMA.JIMMY,2026,OFFLINE,MDH,,BATCH12,23-02-2025,10,9,1,COMPLETED,,,,,,,,
551,ZOOLOGY,Biomolecules,MANJIMA.JIMMY,2026,OFFLINE,BBB,,BATCH12,23-02-2025,10,9,1,COMPLETED,,,,,,,,
552,CHEMISTRY,Biomolecules,MANJIMA.JIMMY,2026,OFFLINE,MDH,,BATCH12,23-02-2025,12,11,1,COMPLETED,,,,,,,,
553,BOTANY,Biotechnology : Principles and processes,MANJIMA.JIMMY,2026,OFFLINE,CBL,,BATCH12,23-02-2025,14,12,2,COMPLETED,,,,,,,,
554,BOTANY,Biotechnology : Principles and processes,MANJIMA.JIMMY,2026,OFFLINE,CBL,,BATCH12,23-02-2025,9,8,1,COMPLETED,,,,,,,,
555,ZOOLOGY,Breathing and Exchange of Gases,MANJIMA.JIMMY,2026,OFFLINE,CBQ,,BATCH12,23-02-2025,15,13,2,COMPLETED,,,,,,,,
556,ZOOLOGY,Breathing and Exchange of Gases,MANJIMA.JIMMY,2026,OFFLINE,CBQ,,BATCH12,23-02-2025,9,8,1,COMPLETED,,,,,,,,
557,BOTANY,Cell : The unit of life,MANJIMA.JIMMY,2026,OFFLINE,BAJ,,BATCH12,23-02-2025,14,12,2,COMPLETED,,,,,,,,
558,BOTANY,Cell : The unit of life,MANJIMA.JIMMY,2026,OFFLINE,BAJ,,BATCH12,23-02-2025,29,21,8,COMPLETED,,,,,,,,
559,CHEMISTRY,Chemical and Ionic Equilibrium,MANJIMA.JIMMY,2026,OFFLINE,PAT,,BATCH12,23-02-2025,9,8,1,COMPLETED,,,,,,,,
560,CHEMISTRY,Chemical and Ionic Equilibrium,MANJIMA.JIMMY,2026,OFFLINE,PAT,,BATCH12,23-02-2025,14,12,2,COMPLETED,,,,,,,,
561,CHEMISTRY,Chemical Bonding and Molecular Structure  Structure,MANJIMA.JIMMY,2026,OFFLINE,PAB,,BATCH12,23-02-2025,9,8,1,COMPLETED,,,,,,,,
562,CHEMISTRY,Chemical Bonding and Molecular Structure  Structure,MANJIMA.JIMMY,2026,OFFLINE,PAB,,BATCH12,23-02-2025,12,11,1,COMPLETED,,,,,,,,
563,ZOOLOGY,Chemical Coordination and Integration,MANJIMA.JIMMY,2026,OFFLINE,CCD,,BATCH12,23-02-2025,12,11,1,COMPLETED,,,,,,,,
564,ZOOLOGY,Chemical Coordination and Integration,MANJIMA.JIMMY,2026,OFFLINE,CCD,,BATCH12,23-02-2025,9,8,1,COMPLETED,,,,,,,,
565,ZOOLOGY,Chemical Coordination and Integration,MANJIMA.JIMMY,2026,OFFLINE,CCD,,BATCH12,23-02-2025,9,8,1,COMPLETED,,,,,,,,
566,CHEMISTRY,Chemical Kinetics,MANJIMA.JIMMY,2026,OFFLINE,CBC,,BATCH12,23-02-2025,10,9,1,COMPLETED,,,,,,,,
567,CHEMISTRY,Chemical Kinetics,MANJIMA.JIMMY,2026,OFFLINE,CBC,,BATCH12,23-02-2025,7,7,0,COMPLETED,,,,,,,,
568,CHEMISTRY,Chemical Kinetics,MANJIMA.JIMMY,2026,OFFLINE,CBC,,BATCH12,23-02-2025,9,8,1,COMPLETED,,,,,,,,
569,MATHS,Circles,MANJIMA.JIMMY,2026,OFFLINE,PAY,,BATCH12,23-02-2025,15,13,2,COMPLETED,,,,,,,,
570,MATHS,Circles,MANJIMA.JIMMY,2026,OFFLINE,PAY,,BATCH12,23-02-2025,10,9,1,COMPLETED,,,,,,,,
571,CHEMISTRY,Classification of Elements and Periodicity Periodicity in Properties,MANJIMA.JIMMY,2026,OFFLINE,MCZ,,BATCH12,23-02-2025,9,8,1,COMPLETED,,,,,,,,
572,CHEMISTRY,Classification of Elements and Periodicity Periodicity in Properties,MANJIMA.JIMMY,2026,OFFLINE,MCZ,,BATCH12,23-02-2025,15,13,2,COMPLETED,,,,,,,,
573,CHEMISTRY,Classification of Elements and Periodicity Periodicity in Properties,MANJIMA.JIMMY,2026,OFFLINE,MCZ,,BATCH12,23-02-2025,12,11,1,COMPLETED,,,,,,,,
574,MATHS,Complex Numbers,MANJIMA.JIMMY,2026,OFFLINE,PCV,,BATCH12,23-02-2025,14,12,2,COMPLETED,,,,,,,,
575,MATHS,Complex Numbers,MANJIMA.JIMMY,2026,OFFLINE,PCV,,BATCH12,23-02-2025,9,8,1,COMPLETED,,,,,,,,
576,MATHS,"Continuity, Differentiability and Derivatives",MANJIMA.JIMMY,2026,OFFLINE,PDA,,BATCH12,23-02-2025,14,12,2,COMPLETED,,,,,,,,
577,MATHS,"Continuity, Differentiability and Derivatives",MANJIMA.JIMMY,2026,OFFLINE,PDA,,BATCH12,23-02-2025,9,8,1,COMPLETED,,,,,,,,
578,CHEMISTRY,Coordination Compounds and Organometallics,MANJIMA.JIMMY,2026,OFFLINE,ZAF,,BATCH12,23-02-2025,10,9,1,COMPLETED,,,,,,,,
579,CHEMISTRY,Coordination Compounds and Organometallics,MANJIMA.JIMMY,2026,OFFLINE,ZAF,,BATCH12,23-02-2025,14,12,2,COMPLETED,,,,,,,,
580,PHYSICS,Current Electricity,MANJIMA.JIMMY,2026,OFFLINE,BCV,,BATCH12,23-02-2025,12,11,1,COMPLETED,,,,,,,,
581,PHYSICS,Current Electricity,MANJIMA.JIMMY,2026,OFFLINE,BCV,,BATCH12,23-02-2025,14,12,2,COMPLETED,,,,,,,,
582,MATHS,Differential Equations,MANJIMA.JIMMY,2026,OFFLINE,MBP,,BATCH12,23-02-2025,14,12,2,COMPLETED,,,,,,,,
583,MATHS,Differential Equations,MANJIMA.JIMMY,2026,OFFLINE,MBP,,BATCH12,23-02-2025,14,12,2,COMPLETED,,,,,,,,
584,PHYSICS,Dual Nature of Matter and Radiation,MANJIMA.JIMMY,2026,OFFLINE,MCL,,BATCH12,23-02-2025,7,7,0,COMPLETED,,,,,,,,
585,PHYSICS,Dual Nature of Matter and Radiation,MANJIMA.JIMMY,2026,OFFLINE,MCL,,BATCH12,23-02-2025,14,12,2,COMPLETED,,,,,,,,
586,BOTANY,Ecosystem,MANJIMA.JIMMY,2026,OFFLINE,MDZ,,BATCH12,23-02-2025,9,8,1,COMPLETED,,,,,,,,
587,BOTANY,Ecosystem,MANJIMA.JIMMY,2026,OFFLINE,MDZ,,BATCH12,23-02-2025,9,8,1,COMPLETED,,,,,,,,
588,CHEMISTRY,Electrochemistry,MANJIMA.JIMMY,2026,OFFLINE,ZDR,,BATCH12,23-02-2025,10,9,1,COMPLETED,,,,,,,,
589,CHEMISTRY,Electrochemistry,MANJIMA.JIMMY,2026,OFFLINE,ZDR,,BATCH12,23-02-2025,24,18,6,COMPLETED,,,,,,,,
590,PHYSICS,Electromagnetic Induction and Alternating Current,MANJIMA.JIMMY,2026,OFFLINE,ZDJ,,BATCH12,23-02-2025,14,12,2,COMPLETED,,,,,,,,
591,PHYSICS,Electromagnetic Induction and Alternating Current,MANJIMA.JIMMY,2026,OFFLINE,ZDJ,,BATCH12,23-02-2025,21,17,4,COMPLETED,,,,,,,,
592,PHYSICS,Electromagnetic Waves,MANJIMA.JIMMY,2026,OFFLINE,PDW,,BATCH12,23-02-2025,5,5,0,COMPLETED,,,,,,,,
593,PHYSICS,Electromagnetic Waves,MANJIMA.JIMMY,2026,OFFLINE,PDW,,BATCH12,23-02-2025,15,13,2,COMPLETED,,,,,,,,
594,PHYSICS,Electrostatics,MANJIMA.JIMMY,2026,OFFLINE,CAF,,BATCH12,23-02-2025,17,14,3,COMPLETED,,,,,,,,
595,PHYSICS,Electrostatics,MANJIMA.JIMMY,2026,OFFLINE,CAF,,BATCH12,23-02-2025,12,11,1,COMPLETED,,,,,,,,
596,PHYSICS,Electrostatics,MANJIMA.JIMMY,2026,OFFLINE,CAF,,BATCH12,23-02-2025,9,8,1,COMPLETED,,,,,,,,
597,ZOOLOGY,Excretory Products and Their Elimination,MANJIMA.JIMMY,2026,OFFLINE,ZBP,,BATCH12,23-02-2025,15,13,2,COMPLETED,,,,,,,,
598,ZOOLOGY,Excretory Products and Their Elimination,MANJIMA.JIMMY,2026,OFFLINE,ZBP,,BATCH12,23-02-2025,17,14,3,COMPLETED,,,,,,,,
599,PHYSICS,Gravitation,MANJIMA.JIMMY,2026,OFFLINE,PDS,,BATCH12,23-02-2025,9,8,1,COMPLETED,,,,,,,,
600,PHYSICS,Gravitation,MANJIMA.JIMMY,2026,OFFLINE,PDS,,BATCH12,23-02-2025,19,15,4,COMPLETED,,,,,,,,
601,ZOOLOGY,Human Health and Disease,MANJIMA.JIMMY,2026,OFFLINE,MBG,,BATCH12,23-02-2025,17,14,3,COMPLETED,,,,,,,,
602,ZOOLOGY,Human Health and Disease,MANJIMA.JIMMY,2026,OFFLINE,MBG,,BATCH12,23-02-2025,9,8,1,COMPLETED,,,,,,,,
603,ZOOLOGY,Human Health and Disease,MANJIMA.JIMMY,2026,OFFLINE,MBG,,BATCH12,23-02-2025,15,13,2,COMPLETED,,,,,,,,
604,ZOOLOGY,Human Reproduction,MANJIMA.JIMMY,2026,OFFLINE,MAS,,BATCH12,23-02-2025,21,17,4,COMPLETED,,,,,,,,
605,ZOOLOGY,Human Reproduction,MANJIMA.JIMMY,2026,OFFLINE,MAS,,BATCH12,23-02-2025,14,12,2,COMPLETED,,,,,,,,
606,CHEMISTRY,Hydrocarbons,MANJIMA.JIMMY,2026,OFFLINE,ZAO,,BATCH12,23-02-2025,10,9,1,COMPLETED,,,,,,,,
607,CHEMISTRY,Hydrocarbons,MANJIMA.JIMMY,2026,OFFLINE,ZAO,,BATCH12,23-02-2025,9,8,1,COMPLETED,,,,,,,,
608,CHEMISTRY,Hydrocarbons,MANJIMA.JIMMY,2026,OFFLINE,ZAO,,BATCH12,23-02-2025,7,7,0,COMPLETED,,,,,,,,
609,MATHS,Integration and its Applications,MANJIMA.JIMMY,2026,OFFLINE,CDA,,BATCH12,23-02-2025,29,21,8,COMPLETED,,,,,,,,
610,MATHS,Integration and its Applications,MANJIMA.JIMMY,2026,OFFLINE,CDA,,BATCH12,23-02-2025,12,11,1,COMPLETED,,,,,,,,
611,MATHS,Integration and its Applications,MANJIMA.JIMMY,2026,OFFLINE,CDA,,BATCH12,23-02-2025,17,14,3,COMPLETED,,,,,,,,
612,PHYSICS,Laws of Motion,MANJIMA.JIMMY,2026,OFFLINE,CDF,,BATCH12,23-02-2025,10,9,1,COMPLETED,,,,,,,,
613,PHYSICS,Laws of Motion,MANJIMA.JIMMY,2026,OFFLINE,CDF,,BATCH12,23-02-2025,12,11,1,COMPLETED,,,,,,,,
614,MATHS,Limits of Real Functions,MANJIMA.JIMMY,2026,OFFLINE,ZCM,,BATCH12,23-02-2025,10,9,1,COMPLETED,,,,,,,,
615,MATHS,Limits of Real Functions,MANJIMA.JIMMY,2026,OFFLINE,ZCM,,BATCH12,23-02-2025,10,9,1,COMPLETED,,,,,,,,
616,ZOOLOGY,Locomotion and Movement,MANJIMA.JIMMY,2026,OFFLINE,PCD,,BATCH12,23-02-2025,19,15,4,COMPLETED,,,,,,,,
617,ZOOLOGY,Locomotion and Movement,MANJIMA.JIMMY,2026,OFFLINE,PCD,,BATCH12,23-02-2025,12,11,1,COMPLETED,,,,,,,,
618,MATHS,Logarithm,MANJIMA.JIMMY,2026,OFFLINE,MCC,,BATCH12,23-02-2025,9,8,1,COMPLETED,,,,,,,,
619,MATHS,Logarithm,MANJIMA.JIMMY,2026,OFFLINE,MCC,,BATCH12,23-02-2025,9,8,1,COMPLETED,,,,,,,,
620,MATHS,Logarithm,MANJIMA.JIMMY,2026,OFFLINE,MCC,,BATCH12,23-02-2025,26,19,7,COMPLETED,,,,,,,,
621,PHYSICS,Mechanical Properties of Solids & Fluids,MANJIMA.JIMMY,2026,OFFLINE,BCH,,BATCH12,23-02-2025,12,11,1,COMPLETED,,,,,,,,
622,PHYSICS,Mechanical Properties of Solids & Fluids,MANJIMA.JIMMY,2026,OFFLINE,BCH,,BATCH12,23-02-2025,14,12,2,COMPLETED,,,,,,,,
623,ZOOLOGY,Microbes in Human Welfare,MANJIMA.JIMMY,2026,OFFLINE,ZBU,,BATCH12,23-02-2025,15,13,2,COMPLETED,,,,,,,,
624,ZOOLOGY,Microbes in Human Welfare,MANJIMA.JIMMY,2026,OFFLINE,ZBU,,BATCH12,23-02-2025,10,9,1,COMPLETED,,,,,,,,
625,ZOOLOGY,Molecular Basis of Inheritance,MANJIMA.JIMMY,2026,OFFLINE,BBG,,BATCH12,23-02-2025,17,14,3,COMPLETED,,,,,,,,
626,ZOOLOGY,Molecular Basis of Inheritance,MANJIMA.JIMMY,2026,OFFLINE,BBG,,BATCH12,23-02-2025,7,7,0,COMPLETED,,,,,,,,
627,PHYSICS,Motion in a Plane,MANJIMA.JIMMY,2026,OFFLINE,BCQ,,BATCH12,23-02-2025,9,8,1,COMPLETED,,,,,,,,
628,PHYSICS,Motion in a Plane,MANJIMA.JIMMY,2026,OFFLINE,BCQ,,BATCH12,23-02-2025,14,12,2,COMPLETED,,,,,,,,
629,PHYSICS,Motion in a Plane,MANJIMA.JIMMY,2026,OFFLINE,BCQ,,BATCH12,23-02-2025,14,12,2,COMPLETED,,,,,,,,
630,PHYSICS,Moving Charges and Magnetism,MANJIMA.JIMMY,2026,OFFLINE,CDJ,,BATCH12,23-02-2025,12,11,1,COMPLETED,,,,,,,,
631,PHYSICS,Moving Charges and Magnetism,MANJIMA.JIMMY,2026,OFFLINE,CDJ,,BATCH12,23-02-2025,9,8,1,COMPLETED,,,,,,,,
632,CHEMISTRY,Organic Chemistry–Some Basic Principles–Part I I (Nomenclature),MANJIMA.JIMMY,2026,OFFLINE,BAA,,BATCH12,23-02-2025,10,9,1,COMPLETED,,,,,,,,
633,CHEMISTRY,Organic Chemistry–Some Basic Principles–Part I I (Nomenclature),MANJIMA.JIMMY,2026,OFFLINE,BAA,,BATCH12,23-02-2025,24,18,6,COMPLETED,,,,,,,,
634,CHEMISTRY,Organic Chemistry–Some Basic Principles–Part I I (Nomenclature),MANJIMA.JIMMY,2026,OFFLINE,BAA,,BATCH12,23-02-2025,7,7,0,COMPLETED,,,,,,,,
635,CHEMISTRY,Organic Chemistry–Some Basic Principles–Part II II (Reaction Mechanism),MANJIMA.JIMMY,2026,OFFLINE,PAK,,BATCH12,23-02-2025,10,9,1,COMPLETED,,,,,,,,
636,CHEMISTRY,Organic Chemistry–Some Basic Principles–Part II II (Reaction Mechanism),MANJIMA.JIMMY,2026,OFFLINE,PAK,,BATCH12,23-02-2025,17,14,3,COMPLETED,,,,,,,,
637,CHEMISTRY,Organic Chemistry–Some Basic Principles–Part III III (Purification),MANJIMA.JIMMY,2026,OFFLINE,BDE,,BATCH12,23-02-2025,10,9,1,COMPLETED,,,,,,,,
638,CHEMISTRY,Organic Chemistry–Some Basic Principles–Part III III (Purification),MANJIMA.JIMMY,2026,OFFLINE,BDE,,BATCH12,23-02-2025,15,13,2,COMPLETED,,,,,,,,
639,BOTANY,Organism and Population,MANJIMA.JIMMY,2026,OFFLINE,ZBL,,BATCH12,23-02-2025,14,12,2,COMPLETED,,,,,,,,
640,BOTANY,Organism and Population,MANJIMA.JIMMY,2026,OFFLINE,ZBL,,BATCH12,23-02-2025,9,8,1,COMPLETED,,,,,,,,
641,BOTANY,Organism and Population,MANJIMA.JIMMY,2026,OFFLINE,ZBL,,BATCH12,23-02-2025,12,11,1,COMPLETED,,,,,,,,
642,PHYSICS,Oscillations,MANJIMA.JIMMY,2026,OFFLINE,MCH,,BATCH12,23-02-2025,9,8,1,COMPLETED,,,,,,,,
643,PHYSICS,Oscillations,MANJIMA.JIMMY,2026,OFFLINE,MCH,,BATCH12,23-02-2025,17,14,3,COMPLETED,,,,,,,,
644,MATHS,"Permutation, Combination and Binomial Theorem",MANJIMA.JIMMY,2026,OFFLINE,PBH,,BATCH12,23-02-2025,17,14,3,COMPLETED,,,,,,,,
645,MATHS,"Permutation, Combination and Binomial Theorem",MANJIMA.JIMMY,2026,OFFLINE,PBH,,BATCH12,23-02-2025,9,8,1,COMPLETED,,,,,,,,
646,BOTANY,Photosynthesis in Higher Plants,MANJIMA.JIMMY,2026,OFFLINE,MAJ,,BATCH12,23-02-2025,19,15,4,COMPLETED,,,,,,,,
647,BOTANY,Photosynthesis in Higher Plants,MANJIMA.JIMMY,2026,OFFLINE,MAJ,,BATCH12,23-02-2025,15,13,2,COMPLETED,,,,,,,,
648,BOTANY,Photosynthesis in Higher Plants,MANJIMA.JIMMY,2026,OFFLINE,MAJ,,BATCH12,23-02-2025,12,11,1,COMPLETED,,,,,,,,
649,PHYSICS,"Physical World, Units and Measurements",MANJIMA.JIMMY,2026,OFFLINE,ZCR,,BATCH12,23-02-2025,9,8,1,COMPLETED,,,,,,,,
650,PHYSICS,"Physical World, Units and Measurements",MANJIMA.JIMMY,2026,OFFLINE,ZCR,,BATCH12,23-02-2025,12,11,1,COMPLETED,,,,,,,,
651,BOTANY,Plant Kingdom,MANJIMA.JIMMY,2026,OFFLINE,BDV,,BATCH12,23-02-2025,12,11,1,COMPLETED,,,,,,,,
652,BOTANY,Plant Kingdom,MANJIMA.JIMMY,2026,OFFLINE,BDV,,BATCH12,23-02-2025,10,9,1,COMPLETED,,,,,,,,
653,ZOOLOGY,Principles of Inheritance and Variation,MANJIMA.JIMMY,2026,OFFLINE,PAF,,BATCH12,23-02-2025,14,12,2,COMPLETED,,,,,,,,
654,ZOOLOGY,Principles of Inheritance and Variation,MANJIMA.JIMMY,2026,OFFLINE,PAF,,BATCH12,23-02-2025,12,11,1,COMPLETED,,,,,,,,
655,ZOOLOGY,Principles of Inheritance and Variation,MANJIMA.JIMMY,2026,OFFLINE,PAF,,BATCH12,23-02-2025,14,12,2,COMPLETED,,,,,,,,
656,MATHS,Quadratic Equation,MANJIMA.JIMMY,2026,OFFLINE,ZCI,,BATCH12,23-02-2025,21,17,4,COMPLETED,,,,,,,,
657,MATHS,Quadratic Equation,MANJIMA.JIMMY,2026,OFFLINE,ZCI,,BATCH12,23-02-2025,9,8,1,COMPLETED,,,,,,,,
658,MATHS,Quadratic Equation,MANJIMA.JIMMY,2026,OFFLINE,ZCI,,BATCH12,23-02-2025,21,17,4,COMPLETED,,,,,,,,
659,BOTANY,Respiration in Plants,MANJIMA.JIMMY,2026,OFFLINE,ZAX,,BATCH12,23-02-2025,14,12,2,COMPLETED,,,,,,,,
660,BOTANY,Respiration in Plants,MANJIMA.JIMMY,2026,OFFLINE,ZAX,,BATCH12,23-02-2025,17,14,3,COMPLETED,,,,,,,,
661,PHYSICS,Semiconductor Electronics,MANJIMA.JIMMY,2026,OFFLINE,CAK,,BATCH12,23-02-2025,10,9,1,COMPLETED,,,,,,,,
662,PHYSICS,Semiconductor Electronics,MANJIMA.JIMMY,2026,OFFLINE,CAK,,BATCH12,23-02-2025,14,12,2,COMPLETED,,,,,,,,
663,PHYSICS,Semiconductor Electronics,MANJIMA.JIMMY,2026,OFFLINE,CAK,,BATCH12,23-02-2025,9,8,1,COMPLETED,,,,,,,,
664,MATHS,Sequences and Series,MANJIMA.JIMMY,2026,OFFLINE,CCW,,BATCH12,23-02-2025,14,12,2,COMPLETED,,,,,,,,
665,MATHS,Sequences and Series,MANJIMA.JIMMY,2026,OFFLINE,CCW,,BATCH12,23-02-2025,9,8,1,COMPLETED,,,,,,,,
666,MATHS,Sequences and Series,MANJIMA.JIMMY,2026,OFFLINE,CCW,,BATCH12,23-02-2025,17,14,3,COMPLETED,,,,,,,,
667,MATHS,"Sets, Relations and  Functions",MANJIMA.JIMMY,2026,OFFLINE,BBU,,BATCH12,23-02-2025,31,21,10,COMPLETED,,,,,,,,
668,MATHS,"Sets, Relations and  Functions",MANJIMA.JIMMY,2026,OFFLINE,BBU,,BATCH12,23-02-2025,12,11,1,COMPLETED,,,,,,,,
669,MATHS,"Sets, Relations and  Functions",MANJIMA.JIMMY,2026,OFFLINE,BBU,,BATCH12,23-02-2025,19,15,4,COMPLETED,,,,,,,,
670,BOTANY,Sexual reproduction in Flowering Plants,MANJIMA.JIMMY,2026,OFFLINE,BAX,,BATCH12,23-02-2025,17,14,3,COMPLETED,,,,,,,,
671,BOTANY,Sexual reproduction in Flowering Plants,MANJIMA.JIMMY,2026,OFFLINE,BAX,,BATCH12,23-02-2025,7,7,0,COMPLETED,,,,,,,,
672,BOTANY,Sexual reproduction in Flowering Plants,MANJIMA.JIMMY,2026,OFFLINE,BAX,,BATCH12,23-02-2025,10,9,1,COMPLETED,,,,,,,,
673,CHEMISTRY,Solutions,MANJIMA.JIMMY,2026,OFFLINE,MDE,,BATCH12,23-02-2025,7,7,0,COMPLETED,,,,,,,,
674,CHEMISTRY,Solutions,MANJIMA.JIMMY,2026,OFFLINE,MDE,,BATCH12,23-02-2025,31,21,10,COMPLETED,,,,,,,,
675,CHEMISTRY,Some Basic Concepts of Chemistry,MANJIMA.JIMMY,2026,OFFLINE,BCZ,,BATCH12,23-02-2025,7,7,0,COMPLETED,,,,,,,,
676,CHEMISTRY,Some Basic Concepts of Chemistry,MANJIMA.JIMMY,2026,OFFLINE,BCZ,,BATCH12,23-02-2025,15,13,2,COMPLETED,,,,,,,,
677,MATHS,Statistics,MANJIMA.JIMMY,2026,OFFLINE,BBY,,BATCH12,23-02-2025,12,11,1,COMPLETED,,,,,,,,
678,MATHS,Statistics,MANJIMA.JIMMY,2026,OFFLINE,BBY,,BATCH12,23-02-2025,10,9,1,COMPLETED,,,,,,,,
679,MATHS,Straight Lines,MANJIMA.JIMMY,2026,OFFLINE,MBK,,BATCH12,23-02-2025,14,12,2,COMPLETED,,,,,,,,
680,MATHS,Straight Lines,MANJIMA.JIMMY,2026,OFFLINE,MBK,,BATCH12,23-02-2025,10,9,1,COMPLETED,,,,,,,,
681,ZOOLOGY,Structural organisation in Animals Animal Tissue,MANJIMA.JIMMY,2026,OFFLINE,ZBC,,BATCH12,23-02-2025,14,12,2,COMPLETED,,,,,,,,
682,ZOOLOGY,Structural organisation in Animals Animal Tissue,MANJIMA.JIMMY,2026,OFFLINE,ZBC,,BATCH12,23-02-2025,9,8,1,COMPLETED,,,,,,,,
683,PHYSICS,System of Particles and Rigid Body Rotation,MANJIMA.JIMMY,2026,OFFLINE,ZDE,,BATCH12,23-02-2025,10,9,1,COMPLETED,,,,,,,,
684,PHYSICS,System of Particles and Rigid Body Rotation,MANJIMA.JIMMY,2026,OFFLINE,ZDE,,BATCH12,23-02-2025,17,14,3,COMPLETED,,,,,,,,
685,PHYSICS,System of Particles and Rigid Body Rotation,MANJIMA.JIMMY,2026,OFFLINE,ZDE,,BATCH12,23-02-2025,14,12,2,COMPLETED,,,,,,,,
686,CHEMISTRY,The d and f Block Block Elements,MANJIMA.JIMMY,2026,OFFLINE,BDR,,BATCH12,23-02-2025,9,8,1,COMPLETED,,,,,,,,
687,CHEMISTRY,The d and f Block Block Elements,MANJIMA.JIMMY,2026,OFFLINE,BDR,,BATCH12,23-02-2025,21,17,4,COMPLETED,,,,,,,,
688,ZOOLOGY,The Living World,MANJIMA.JIMMY,2026,OFFLINE,BAO,,BATCH12,23-02-2025,9,8,1,COMPLETED,,,,,,,,
689,ZOOLOGY,The Living World,MANJIMA.JIMMY,2026,OFFLINE,BAO,,BATCH12,23-02-2025,10,9,1,COMPLETED,,,,,,,,
690,MATHS,Theory of Probability,MANJIMA.JIMMY,2026,OFFLINE,BCD,,BATCH12,23-02-2025,14,12,2,COMPLETED,,,,,,,,
691,MATHS,Theory of Probability,MANJIMA.JIMMY,2026,OFFLINE,BCD,,BATCH12,23-02-2025,15,13,2,COMPLETED,,,,,,,,
692,PHYSICS,"Thermal Properties of Matter, Thermodynamics and Kinetic Theory",MANJIMA.JIMMY,2026,OFFLINE,CDR,,BATCH12,23-02-2025,10,9,1,COMPLETED,,,,,,,,
693,PHYSICS,"Thermal Properties of Matter, Thermodynamics and Kinetic Theory",MANJIMA.JIMMY,2026,OFFLINE,CDR,,BATCH12,23-02-2025,10,9,1,COMPLETED,,,,,,,,
694,PHYSICS,"Thermal Properties of Matter, Thermodynamics and Kinetic Theory",MANJIMA.JIMMY,2026,OFFLINE,CDR,,BATCH12,23-02-2025,14,12,2,COMPLETED,,,,,,,,
695,CHEMISTRY,Thermodynamics and Chemical Energetics,MANJIMA.JIMMY,2026,OFFLINE,BDM,,BATCH12,23-02-2025,9,8,1,COMPLETED,,,,,,,,
696,CHEMISTRY,Thermodynamics and Chemical Energetics,MANJIMA.JIMMY,2026,OFFLINE,BDM,,BATCH12,23-02-2025,15,13,2,COMPLETED,,,,,,,,
697,CHEMISTRY,Thermodynamics and Chemical Energetics,MANJIMA.JIMMY,2026,OFFLINE,BDM,,BATCH12,23-02-2025,5,5,0,COMPLETED,,,,,,,,
698,MATHS,Three Dimensional Geometry,MANJIMA.JIMMY,2026,OFFLINE,PDN,,BATCH12,23-02-2025,17,14,3,COMPLETED,,,,,,,,
699,MATHS,Three Dimensional Geometry,MANJIMA.JIMMY,2026,OFFLINE,PDN,,BATCH12,23-02-2025,10,9,1,COMPLETED,,,,,,,,
700,MATHS,Three Dimensional Geometry,MANJIMA.JIMMY,2026,OFFLINE,PDN,,BATCH12,23-02-2025,15,13,2,COMPLETED,,,,,,,,
701,MATHS,Trigonometry I,MANJIMA.JIMMY,2026,OFFLINE,CCI,,BATCH12,23-02-2025,24,18,6,COMPLETED,,,,,,,,
702,MATHS,Trigonometry I,MANJIMA.JIMMY,2026,OFFLINE,CCI,,BATCH12,23-02-2025,9,8,1,COMPLETED,,,,,,,,
703,MATHS,Trigonometry II,MANJIMA.JIMMY,2026,OFFLINE,PAP,,BATCH12,23-02-2025,26,19,7,COMPLETED,,,,,,,,
704,MATHS,Trigonometry II,MANJIMA.JIMMY,2026,OFFLINE,PAP,,BATCH12,23-02-2025,7,7,0,COMPLETED,,,,,,,,
705,PHYSICS,Wave Optics,MANJIMA.JIMMY,2026,OFFLINE,CDW,,BATCH12,23-02-2025,7,7,0,COMPLETED,,,,,,,,
706,PHYSICS,Wave Optics,MANJIMA.JIMMY,2026,OFFLINE,CDW,,BATCH12,23-02-2025,21,17,4,COMPLETED,,,,,,,,
707,PHYSICS,Waves,MANJIMA.JIMMY,2026,OFFLINE,ZCV,,BATCH12,23-02-2025,9,8,1,COMPLETED,,,,,,,,
708,PHYSICS,Waves,MANJIMA.JIMMY,2026,OFFLINE,ZCV,,BATCH12,23-02-2025,14,12,2,COMPLETED,,,,,,,,
709,CHEMISTRY,Aldehydes and Ketones,ANOOP.MOHAN,2026,OFFLINE,BAG,,BATCH13,23-02-2025,12,11,1,COMPLETED,,,,,,,,
710,CHEMISTRY,Aldehydes and Ketones,ANOOP.MOHAN,2026,OFFLINE,BAG,,BATCH13,23-02-2025,14,12,2,COMPLETED,,,,,,,,
711,ZOOLOGY,Animal Kingdom Non Chordata,ANOOP.MOHAN,2026,OFFLINE,BAP,,BATCH13,23-02-2025,21,17,4,COMPLETED,,,,,,,,
712,ZOOLOGY,Animal Kingdom Non Chordata,ANOOP.MOHAN,2026,OFFLINE,BAP,,BATCH13,23-02-2025,9,8,1,COMPLETED,,,,,,,,
713,ZOOLOGY,Animal Kingdom Phylum Chordata,ANOOP.MOHAN,2026,OFFLINE,CCA,,BATCH13,23-02-2025,15,13,2,COMPLETED,,,,,,,,
714,ZOOLOGY,Animal Kingdom Phylum Chordata,ANOOP.MOHAN,2026,OFFLINE,CCA,,BATCH13,23-02-2025,10,9,1,COMPLETED,,,,,,,,
715,ZOOLOGY,Animal Kingdom Phylum Chordata,ANOOP.MOHAN,2026,OFFLINE,CCA,,BATCH13,23-02-2025,17,14,3,COMPLETED,,,,,,,,
716,MATHS,Applications of Differentiation,ANOOP.MOHAN,2026,OFFLINE,PAG,,BATCH13,23-02-2025,12,11,1,COMPLETED,,,,,,,,
717,MATHS,Applications of Differentiation,ANOOP.MOHAN,2026,OFFLINE,PAG,,BATCH13,23-02-2025,10,9,1,COMPLETED,,,,,,,,
718,PHYSICS,Atoms and Nuclei,ANOOP.MOHAN,2026,OFFLINE,MCM,,BATCH13,23-02-2025,9,8,1,COMPLETED,,,,,,,,
719,PHYSICS,Atoms and Nuclei,ANOOP.MOHAN,2026,OFFLINE,MCM,,BATCH13,23-02-2025,15,13,2,COMPLETED,,,,,,,,
720,ZOOLOGY,Biodiversity and Conservation,ANOOP.MOHAN,2026,OFFLINE,ZBV,,BATCH13,23-02-2025,9,8,1,COMPLETED,,,,,,,,
721,ZOOLOGY,Biodiversity and Conservation,ANOOP.MOHAN,2026,OFFLINE,ZBV,,BATCH13,23-02-2025,7,7,0,COMPLETED,,,,,,,,
722,CHEMISTRY,Biomolecules,ANOOP.MOHAN,2026,OFFLINE,ZAU,,BATCH13,23-02-2025,10,9,1,COMPLETED,,,,,,,,
723,CHEMISTRY,Biomolecules,ANOOP.MOHAN,2026,OFFLINE,ZAU,,BATCH13,23-02-2025,12,11,1,COMPLETED,,,,,,,,
724,BOTANY,Biotechnology : Principles and processes,ANOOP.MOHAN,2026,OFFLINE,BAY,,BATCH13,23-02-2025,14,12,2,COMPLETED,,,,,,,,
725,BOTANY,Biotechnology : Principles and processes,ANOOP.MOHAN,2026,OFFLINE,BAY,,BATCH13,23-02-2025,9,8,1,COMPLETED,,,,,,,,
726,BOTANY,Biotechnology : Principles and processes,ANOOP.MOHAN,2026,OFFLINE,BAY,,BATCH13,23-02-2025,9,8,1,COMPLETED,,,,,,,,
727,BOTANY,Biotechnology and its Applications,ANOOP.MOHAN,2026,OFFLINE,CBM,,BATCH13,23-02-2025,12,11,1,COMPLETED,,,,,,,,
728,BOTANY,Biotechnology and its Applications,ANOOP.MOHAN,2026,OFFLINE,CBM,,BATCH13,23-02-2025,9,8,1,COMPLETED,,,,,,,,
729,ZOOLOGY,Body Fluids and Circulation,ANOOP.MOHAN,2026,OFFLINE,CBR,,BATCH13,23-02-2025,14,12,2,COMPLETED,,,,,,,,
730,ZOOLOGY,Body Fluids and Circulation,ANOOP.MOHAN,2026,OFFLINE,CBR,,BATCH13,23-02-2025,9,8,1,COMPLETED,,,,,,,,
731,ZOOLOGY,Breathing and Exchange of Gases,ANOOP.MOHAN,2026,OFFLINE,BBC,,BATCH13,23-02-2025,15,13,2,COMPLETED,,,,,,,,
732,ZOOLOGY,Breathing and Exchange of Gases,ANOOP.MOHAN,2026,OFFLINE,BBC,,BATCH13,23-02-2025,9,8,1,COMPLETED,,,,,,,,
733,CHEMISTRY,Carboxylic Acids and It's Derivatives  Derivatives,ANOOP.MOHAN,2026,OFFLINE,CAU,,BATCH13,23-02-2025,10,9,1,COMPLETED,,,,,,,,
734,CHEMISTRY,Carboxylic Acids and It's Derivatives  Derivatives,ANOOP.MOHAN,2026,OFFLINE,CAU,,BATCH13,23-02-2025,15,13,2,COMPLETED,,,,,,,,
735,BOTANY,Cell : The unit of life,ANOOP.MOHAN,2026,OFFLINE,MDW,,BATCH13,23-02-2025,14,12,2,COMPLETED,,,,,,,,
736,BOTANY,Cell : The unit of life,ANOOP.MOHAN,2026,OFFLINE,MDW,,BATCH13,23-02-2025,29,21,8,COMPLETED,,,,,,,,
737,BOTANY,Cell : The unit of life,ANOOP.MOHAN,2026,OFFLINE,MDW,,BATCH13,23-02-2025,12,11,1,COMPLETED,,,,,,,,
738,BOTANY,Cell Cycle and Cell Division,ANOOP.MOHAN,2026,OFFLINE,BAK,,BATCH13,23-02-2025,17,14,3,COMPLETED,,,,,,,,
739,BOTANY,Cell Cycle and Cell Division,ANOOP.MOHAN,2026,OFFLINE,BAK,,BATCH13,23-02-2025,14,12,2,COMPLETED,,,,,,,,
740,CHEMISTRY,Chemical and Ionic Equilibrium,ANOOP.MOHAN,2026,OFFLINE,BDN,,BATCH13,23-02-2025,9,8,1,COMPLETED,,,,,,,,
741,CHEMISTRY,Chemical and Ionic Equilibrium,ANOOP.MOHAN,2026,OFFLINE,BDN,,BATCH13,23-02-2025,14,12,2,COMPLETED,,,,,,,,
742,CHEMISTRY,Chemical and Ionic Equilibrium,ANOOP.MOHAN,2026,OFFLINE,BDN,,BATCH13,23-02-2025,12,11,1,COMPLETED,,,,,,,,
743,CHEMISTRY,Chemical Bonding and Molecular Structure  Structure,ANOOP.MOHAN,2026,OFFLINE,MDA,,BATCH13,23-02-2025,9,8,1,COMPLETED,,,,,,,,
744,CHEMISTRY,Chemical Bonding and Molecular Structure  Structure,ANOOP.MOHAN,2026,OFFLINE,MDA,,BATCH13,23-02-2025,12,11,1,COMPLETED,,,,,,,,
745,CHEMISTRY,Chemical Bonding and Molecular Structure  Structure,ANOOP.MOHAN,2026,OFFLINE,MDA,,BATCH13,23-02-2025,9,8,1,COMPLETED,,,,,,,,
746,CHEMISTRY,Chemical Kinetics,ANOOP.MOHAN,2026,OFFLINE,ZDS,,BATCH13,23-02-2025,10,9,1,COMPLETED,,,,,,,,
747,CHEMISTRY,Chemical Kinetics,ANOOP.MOHAN,2026,OFFLINE,ZDS,,BATCH13,23-02-2025,7,7,0,COMPLETED,,,,,,,,
748,MATHS,Circles,ANOOP.MOHAN,2026,OFFLINE,MBL,,BATCH13,23-02-2025,15,13,2,COMPLETED,,,,,,,,
749,MATHS,Circles,ANOOP.MOHAN,2026,OFFLINE,MBL,,BATCH13,23-02-2025,10,9,1,COMPLETED,,,,,,,,
750,MATHS,Complex Numbers,ANOOP.MOHAN,2026,OFFLINE,PAZ,,BATCH13,23-02-2025,14,12,2,COMPLETED,,,,,,,,
751,MATHS,Complex Numbers,ANOOP.MOHAN,2026,OFFLINE,PAZ,,BATCH13,23-02-2025,9,8,1,COMPLETED,,,,,,,,
752,MATHS,Complex Numbers,ANOOP.MOHAN,2026,OFFLINE,PAZ,,BATCH13,23-02-2025,15,13,2,COMPLETED,,,,,,,,
753,MATHS,Conic Section,ANOOP.MOHAN,2026,OFFLINE,ZBZ,,BATCH13,23-02-2025,19,15,4,COMPLETED,,,,,,,,
754,MATHS,Conic Section,ANOOP.MOHAN,2026,OFFLINE,ZBZ,,BATCH13,23-02-2025,10,9,1,COMPLETED,,,,,,,,
755,MATHS,"Continuity, Differentiability and Derivatives",ANOOP.MOHAN,2026,OFFLINE,ZCN,,BATCH13,23-02-2025,14,12,2,COMPLETED,,,,,,,,
756,MATHS,"Continuity, Differentiability and Derivatives",ANOOP.MOHAN,2026,OFFLINE,ZCN,,BATCH13,23-02-2025,9,8,1,COMPLETED,,,,,,,,
757,CHEMISTRY,Coordination Compounds and Organometallics,ANOOP.MOHAN,2026,OFFLINE,BDS,,BATCH13,23-02-2025,10,9,1,COMPLETED,,,,,,,,
758,CHEMISTRY,Coordination Compounds and Organometallics,ANOOP.MOHAN,2026,OFFLINE,BDS,,BATCH13,23-02-2025,14,12,2,COMPLETED,,,,,,,,
759,PHYSICS,Current Electricity,ANOOP.MOHAN,2026,OFFLINE,CAG,,BATCH13,23-02-2025,12,11,1,COMPLETED,,,,,,,,
760,PHYSICS,Current Electricity,ANOOP.MOHAN,2026,OFFLINE,CAG,,BATCH13,23-02-2025,14,12,2,COMPLETED,,,,,,,,
761,PHYSICS,Current Electricity,ANOOP.MOHAN,2026,OFFLINE,CAG,,BATCH13,23-02-2025,9,8,1,COMPLETED,,,,,,,,
762,MATHS,Differential Equations,ANOOP.MOHAN,2026,OFFLINE,CDB,,BATCH13,23-02-2025,14,12,2,COMPLETED,,,,,,,,
763,MATHS,Differential Equations,ANOOP.MOHAN,2026,OFFLINE,CDB,,BATCH13,23-02-2025,14,12,2,COMPLETED,,,,,,,,
764,MATHS,Differential Equations,ANOOP.MOHAN,2026,OFFLINE,CDB,,BATCH13,23-02-2025,14,12,2,COMPLETED,,,,,,,,
765,PHYSICS,Dual Nature of Matter and Radiation,ANOOP.MOHAN,2026,OFFLINE,CDX,,BATCH13,23-02-2025,7,7,0,COMPLETED,,,,,,,,
766,PHYSICS,Dual Nature of Matter and Radiation,ANOOP.MOHAN,2026,OFFLINE,CDX,,BATCH13,23-02-2025,14,12,2,COMPLETED,,,,,,,,
767,BOTANY,Ecosystem,ANOOP.MOHAN,2026,OFFLINE,ZBM,,BATCH13,23-02-2025,9,8,1,COMPLETED,,,,,,,,
768,BOTANY,Ecosystem,ANOOP.MOHAN,2026,OFFLINE,ZBM,,BATCH13,23-02-2025,9,8,1,COMPLETED,,,,,,,,
769,BOTANY,Ecosystem,ANOOP.MOHAN,2026,OFFLINE,ZBM,,BATCH13,23-02-2025,14,12,2,COMPLETED,,,,,,,,
770,CHEMISTRY,Electrochemistry,ANOOP.MOHAN,2026,OFFLINE,PBW,,BATCH13,23-02-2025,10,9,1,COMPLETED,,,,,,,,
771,CHEMISTRY,Electrochemistry,ANOOP.MOHAN,2026,OFFLINE,PBW,,BATCH13,23-02-2025,24,18,6,COMPLETED,,,,,,,,
772,PHYSICS,Electromagnetic Waves,ANOOP.MOHAN,2026,OFFLINE,ZDK,,BATCH13,23-02-2025,5,5,0,COMPLETED,,,,,,,,
773,PHYSICS,Electromagnetic Waves,ANOOP.MOHAN,2026,OFFLINE,ZDK,,BATCH13,23-02-2025,15,13,2,COMPLETED,,,,,,,,
774,PHYSICS,Electrostatics,ANOOP.MOHAN,2026,OFFLINE,ZCW,,BATCH13,23-02-2025,17,14,3,COMPLETED,,,,,,,,
775,PHYSICS,Electrostatics,ANOOP.MOHAN,2026,OFFLINE,ZCW,,BATCH13,23-02-2025,12,11,1,COMPLETED,,,,,,,,
776,ZOOLOGY,Evolution,ANOOP.MOHAN,2026,OFFLINE,BBH,,BATCH13,23-02-2025,24,18,6,COMPLETED,,,,,,,,
777,ZOOLOGY,Evolution,ANOOP.MOHAN,2026,OFFLINE,BBH,,BATCH13,23-02-2025,7,7,0,COMPLETED,,,,,,,,
778,PHYSICS,Gravitation,ANOOP.MOHAN,2026,OFFLINE,ZDF,,BATCH13,23-02-2025,9,8,1,COMPLETED,,,,,,,,
779,PHYSICS,Gravitation,ANOOP.MOHAN,2026,OFFLINE,ZDF,,BATCH13,23-02-2025,19,15,4,COMPLETED,,,,,,,,
780,PHYSICS,Gravitation,ANOOP.MOHAN,2026,OFFLINE,ZDF,,BATCH13,23-02-2025,15,13,2,COMPLETED,,,,,,,,
781,CHEMISTRY,Halo Alkanes and Halo Arenes  Arenes,ANOOP.MOHAN,2026,OFFLINE,ZAG,,BATCH13,23-02-2025,12,11,1,COMPLETED,,,,,,,,
782,CHEMISTRY,Halo Alkanes and Halo Arenes  Arenes,ANOOP.MOHAN,2026,OFFLINE,ZAG,,BATCH13,23-02-2025,17,14,3,COMPLETED,,,,,,,,
783,ZOOLOGY,Human Reproduction,ANOOP.MOHAN,2026,OFFLINE,CCE,,BATCH13,23-02-2025,21,17,4,COMPLETED,,,,,,,,
784,ZOOLOGY,Human Reproduction,ANOOP.MOHAN,2026,OFFLINE,CCE,,BATCH13,23-02-2025,14,12,2,COMPLETED,,,,,,,,
785,ZOOLOGY,Human Reproduction,ANOOP.MOHAN,2026,OFFLINE,CCE,,BATCH13,23-02-2025,21,17,4,COMPLETED,,,,,,,,
786,CHEMISTRY,Hydrocarbons,ANOOP.MOHAN,2026,OFFLINE,BDF,,BATCH13,23-02-2025,10,9,1,COMPLETED,,,,,,,,
787,CHEMISTRY,Hydrocarbons,ANOOP.MOHAN,2026,OFFLINE,BDF,,BATCH13,23-02-2025,9,8,1,COMPLETED,,,,,,,,
788,PHYSICS,Laws of Motion,ANOOP.MOHAN,2026,OFFLINE,BCR,,BATCH13,23-02-2025,10,9,1,COMPLETED,,,,,,,,
789,PHYSICS,Laws of Motion,ANOOP.MOHAN,2026,OFFLINE,BCR,,BATCH13,23-02-2025,12,11,1,COMPLETED,,,,,,,,
790,PHYSICS,Laws of Motion,ANOOP.MOHAN,2026,OFFLINE,BCR,,BATCH13,23-02-2025,12,11,1,COMPLETED,,,,,,,,
791,MATHS,Linear Inequations and Inequalities,ANOOP.MOHAN,2026,OFFLINE,CCJ,,BATCH13,23-02-2025,7,7,0,COMPLETED,,,,,,,,
792,MATHS,Linear Inequations and Inequalities,ANOOP.MOHAN,2026,OFFLINE,CCJ,,BATCH13,23-02-2025,9,8,1,COMPLETED,,,,,,,,
793,MATHS,Linear Programming,ANOOP.MOHAN,2026,OFFLINE,BCE,,BATCH13,23-02-2025,7,7,0,COMPLETED,,,,,,,,
794,MATHS,Linear Programming,ANOOP.MOHAN,2026,OFFLINE,BCE,,BATCH13,23-02-2025,10,9,1,COMPLETED,,,,,,,,
795,ZOOLOGY,Locomotion and Movement,ANOOP.MOHAN,2026,OFFLINE,ZBQ,,BATCH13,23-02-2025,19,15,4,COMPLETED,,,,,,,,
796,ZOOLOGY,Locomotion and Movement,ANOOP.MOHAN,2026,OFFLINE,ZBQ,,BATCH13,23-02-2025,12,11,1,COMPLETED,,,,,,,,
797,PHYSICS,Magnetism and Matter,ANOOP.MOHAN,2026,OFFLINE,CDK,,BATCH13,23-02-2025,9,8,1,COMPLETED,,,,,,,,
798,PHYSICS,Magnetism and Matter,ANOOP.MOHAN,2026,OFFLINE,CDK,,BATCH13,23-02-2025,9,8,1,COMPLETED,,,,,,,,
799,MATHS,Matrices and Determinants,ANOOP.MOHAN,2026,OFFLINE,CCN,,BATCH13,23-02-2025,21,17,4,COMPLETED,,,,,,,,
800,MATHS,Matrices and Determinants,ANOOP.MOHAN,2026,OFFLINE,CCN,,BATCH13,23-02-2025,10,9,1,COMPLETED,,,,,,,,
801,PHYSICS,Mechanical Properties of Solids & Fluids,ANOOP.MOHAN,2026,OFFLINE,PDT,,BATCH13,23-02-2025,12,11,1,COMPLETED,,,,,,,,
802,PHYSICS,Mechanical Properties of Solids & Fluids,ANOOP.MOHAN,2026,OFFLINE,PDT,,BATCH13,23-02-2025,14,12,2,COMPLETED,,,,,,,,
803,ZOOLOGY,Microbes in Human Welfare,ANOOP.MOHAN,2026,OFFLINE,PBR,,BATCH13,23-02-2025,15,13,2,COMPLETED,,,,,,,,
804,ZOOLOGY,Microbes in Human Welfare,ANOOP.MOHAN,2026,OFFLINE,PBR,,BATCH13,23-02-2025,10,9,1,COMPLETED,,,,,,,,
805,ZOOLOGY,Microbes in Human Welfare,ANOOP.MOHAN,2026,OFFLINE,PBR,,BATCH13,23-02-2025,14,12,2,COMPLETED,,,,,,,,
806,ZOOLOGY,Molecular Basis of Inheritance,ANOOP.MOHAN,2026,OFFLINE,PCR,,BATCH13,23-02-2025,17,14,3,COMPLETED,,,,,,,,
807,ZOOLOGY,Molecular Basis of Inheritance,ANOOP.MOHAN,2026,OFFLINE,PCR,,BATCH13,23-02-2025,7,7,0,COMPLETED,,,,,,,,
808,ZOOLOGY,Molecular Basis of Inheritance,ANOOP.MOHAN,2026,OFFLINE,PCR,,BATCH13,23-02-2025,21,17,4,COMPLETED,,,,,,,,
809,BOTANY,Morphology of Flowering Plants,ANOOP.MOHAN,2026,OFFLINE,BDW,,BATCH13,23-02-2025,14,12,2,COMPLETED,,,,,,,,
810,BOTANY,Morphology of Flowering Plants,ANOOP.MOHAN,2026,OFFLINE,BDW,,BATCH13,23-02-2025,14,12,2,COMPLETED,,,,,,,,
811,PHYSICS,Motion in a Straight Line,ANOOP.MOHAN,2026,OFFLINE,ZCS,,BATCH13,23-02-2025,9,8,1,COMPLETED,,,,,,,,
812,PHYSICS,Motion in a Straight Line,ANOOP.MOHAN,2026,OFFLINE,ZCS,,BATCH13,23-02-2025,12,11,1,COMPLETED,,,,,,,,
813,PHYSICS,Moving Charges and Magnetism,ANOOP.MOHAN,2026,OFFLINE,BCW,,BATCH13,23-02-2025,12,11,1,COMPLETED,,,,,,,,
814,PHYSICS,Moving Charges and Magnetism,ANOOP.MOHAN,2026,OFFLINE,BCW,,BATCH13,23-02-2025,9,8,1,COMPLETED,,,,,,,,
815,ZOOLOGY,Neural Control and Coordination,ANOOP.MOHAN,2026,OFFLINE,PCE,,BATCH13,23-02-2025,15,13,2,COMPLETED,,,,,,,,
816,ZOOLOGY,Neural Control and Coordination,ANOOP.MOHAN,2026,OFFLINE,PCE,,BATCH13,23-02-2025,12,11,1,COMPLETED,,,,,,,,
817,CHEMISTRY,Organic Chemistry–Some Basic Principles–Part II II (Reaction Mechanism),ANOOP.MOHAN,2026,OFFLINE,BAB,,BATCH13,23-02-2025,10,9,1,COMPLETED,,,,,,,,
818,CHEMISTRY,Organic Chemistry–Some Basic Principles–Part II II (Reaction Mechanism),ANOOP.MOHAN,2026,OFFLINE,BAB,,BATCH13,23-02-2025,17,14,3,COMPLETED,,,,,,,,
819,CHEMISTRY,Organic Chemistry–Some Basic Principles–Part II II (Reaction Mechanism),ANOOP.MOHAN,2026,OFFLINE,BAB,,BATCH13,23-02-2025,9,8,1,COMPLETED,,,,,,,,
820,CHEMISTRY,Organic Chemistry–Some Basic Principles–Part III III (Purification),ANOOP.MOHAN,2026,OFFLINE,CAP,,BATCH13,23-02-2025,10,9,1,COMPLETED,,,,,,,,
821,CHEMISTRY,Organic Chemistry–Some Basic Principles–Part III III (Purification),ANOOP.MOHAN,2026,OFFLINE,CAP,,BATCH13,23-02-2025,15,13,2,COMPLETED,,,,,,,,
822,PHYSICS,Oscillations,ANOOP.MOHAN,2026,OFFLINE,CDS,,BATCH13,23-02-2025,9,8,1,COMPLETED,,,,,,,,
823,PHYSICS,Oscillations,ANOOP.MOHAN,2026,OFFLINE,CDS,,BATCH13,23-02-2025,17,14,3,COMPLETED,,,,,,,,
824,PHYSICS,Oscillations,ANOOP.MOHAN,2026,OFFLINE,CDS,,BATCH13,23-02-2025,7,7,0,COMPLETED,,,,,,,,
825,MATHS,"Permutation, Combination and Binomial Theorem",ANOOP.MOHAN,2026,OFFLINE,PCW,,BATCH13,23-02-2025,17,14,3,COMPLETED,,,,,,,,
826,MATHS,"Permutation, Combination and Binomial Theorem",ANOOP.MOHAN,2026,OFFLINE,PCW,,BATCH13,23-02-2025,9,8,1,COMPLETED,,,,,,,,
827,PHYSICS,"Physical World, Units and Measurements",ANOOP.MOHAN,2026,OFFLINE,MCD,,BATCH13,23-02-2025,9,8,1,COMPLETED,,,,,,,,
828,PHYSICS,"Physical World, Units and Measurements",ANOOP.MOHAN,2026,OFFLINE,MCD,,BATCH13,23-02-2025,12,11,1,COMPLETED,,,,,,,,
829,PHYSICS,"Physical World, Units and Measurements",ANOOP.MOHAN,2026,OFFLINE,MCD,,BATCH13,23-02-2025,21,17,4,COMPLETED,,,,,,,,
830,BOTANY,Plant Growth and Development,ANOOP.MOHAN,2026,OFFLINE,ZAY,,BATCH13,23-02-2025,10,9,1,COMPLETED,,,,,,,,
831,BOTANY,Plant Growth and Development,ANOOP.MOHAN,2026,OFFLINE,ZAY,,BATCH13,23-02-2025,14,12,2,COMPLETED,,,,,,,,
832,BOTANY,Plant Kingdom,ANOOP.MOHAN,2026,OFFLINE,CBI,,BATCH13,23-02-2025,12,11,1,COMPLETED,,,,,,,,
833,BOTANY,Plant Kingdom,ANOOP.MOHAN,2026,OFFLINE,CBI,,BATCH13,23-02-2025,10,9,1,COMPLETED,,,,,,,,
834,BOTANY,Plant Kingdom,ANOOP.MOHAN,2026,OFFLINE,CBI,,BATCH13,23-02-2025,10,9,1,COMPLETED,,,,,,,,
835,CHEMISTRY,Practical Chemistry,ANOOP.MOHAN,2026,OFFLINE,MDI,,BATCH13,23-02-2025,9,8,1,COMPLETED,,,,,,,,
836,CHEMISTRY,Practical Chemistry,ANOOP.MOHAN,2026,OFFLINE,MDI,,BATCH13,23-02-2025,26,19,7,COMPLETED,,,,,,,,
837,PHYSICS,Ray Optics & Optical Instruments,ANOOP.MOHAN,2026,OFFLINE,PDX,,BATCH13,23-02-2025,12,11,1,COMPLETED,,,,,,,,
838,PHYSICS,Ray Optics & Optical Instruments,ANOOP.MOHAN,2026,OFFLINE,PDX,,BATCH13,23-02-2025,14,12,2,COMPLETED,,,,,,,,
839,CHEMISTRY,Redox Reaction,ANOOP.MOHAN,2026,OFFLINE,ZDN,,BATCH13,23-02-2025,9,8,1,COMPLETED,,,,,,,,
840,CHEMISTRY,Redox Reaction,ANOOP.MOHAN,2026,OFFLINE,ZDN,,BATCH13,23-02-2025,21,17,4,COMPLETED,,,,,,,,
841,ZOOLOGY,Reproductive Health,ANOOP.MOHAN,2026,OFFLINE,MAT,,BATCH13,23-02-2025,15,13,2,COMPLETED,,,,,,,,
842,ZOOLOGY,Reproductive Health,ANOOP.MOHAN,2026,OFFLINE,MAT,,BATCH13,23-02-2025,5,5,0,COMPLETED,,,,,,,,
843,BOTANY,Respiration in Plants,ANOOP.MOHAN,2026,OFFLINE,MAK,,BATCH13,23-02-2025,14,12,2,COMPLETED,,,,,,,,
844,BOTANY,Respiration in Plants,ANOOP.MOHAN,2026,OFFLINE,MAK,,BATCH13,23-02-2025,17,14,3,COMPLETED,,,,,,,,
845,BOTANY,Respiration in Plants,ANOOP.MOHAN,2026,OFFLINE,MAK,,BATCH13,23-02-2025,10,9,1,COMPLETED,,,,,,,,
846,MATHS,Sequences and Series,ANOOP.MOHAN,2026,OFFLINE,BBL,,BATCH13,23-02-2025,14,12,2,COMPLETED,,,,,,,,
847,MATHS,Sequences and Series,ANOOP.MOHAN,2026,OFFLINE,BBL,,BATCH13,23-02-2025,9,8,1,COMPLETED,,,,,,,,
848,CHEMISTRY,Solutions,ANOOP.MOHAN,2026,OFFLINE,ZAP,,BATCH13,23-02-2025,7,7,0,COMPLETED,,,,,,,,
849,CHEMISTRY,Solutions,ANOOP.MOHAN,2026,OFFLINE,ZAP,,BATCH13,23-02-2025,31,21,10,COMPLETED,,,,,,,,
850,CHEMISTRY,Solutions,ANOOP.MOHAN,2026,OFFLINE,ZAP,,BATCH13,23-02-2025,12,11,1,COMPLETED,,,,,,,,
851,CHEMISTRY,Some Basic Concepts of Chemistry,ANOOP.MOHAN,2026,OFFLINE,CAL,,BATCH13,23-02-2025,7,7,0,COMPLETED,,,,,,,,
852,CHEMISTRY,Some Basic Concepts of Chemistry,ANOOP.MOHAN,2026,OFFLINE,CAL,,BATCH13,23-02-2025,15,13,2,COMPLETED,,,,,,,,
853,CHEMISTRY,Some Basic Concepts of Chemistry,ANOOP.MOHAN,2026,OFFLINE,CAL,,BATCH13,23-02-2025,17,14,3,COMPLETED,,,,,,,,
854,MATHS,Straight Lines,ANOOP.MOHAN,2026,OFFLINE,PAQ,,BATCH13,23-02-2025,14,12,2,COMPLETED,,,,,,,,
855,MATHS,Straight Lines,ANOOP.MOHAN,2026,OFFLINE,PAQ,,BATCH13,23-02-2025,10,9,1,COMPLETED,,,,,,,,
856,MATHS,Straight Lines,ANOOP.MOHAN,2026,OFFLINE,PAQ,,BATCH13,23-02-2025,24,18,6,COMPLETED,,,,,,,,
857,ZOOLOGY,Structural organisation in Animals Animal Tissue,ANOOP.MOHAN,2026,OFFLINE,MAO,,BATCH13,23-02-2025,14,12,2,COMPLETED,,,,,,,,
858,ZOOLOGY,Structural organisation in Animals Animal Tissue,ANOOP.MOHAN,2026,OFFLINE,MAO,,BATCH13,23-02-2025,9,8,1,COMPLETED,,,,,,,,
859,ZOOLOGY,Structural organisation in Animals Morphology of Animals,ANOOP.MOHAN,2026,OFFLINE,ZBD,,BATCH13,23-02-2025,21,17,4,COMPLETED,,,,,,,,
860,ZOOLOGY,Structural organisation in Animals Morphology of Animals,ANOOP.MOHAN,2026,OFFLINE,ZBD,,BATCH13,23-02-2025,12,11,1,COMPLETED,,,,,,,,
861,CHEMISTRY,Structure of Atoms,ANOOP.MOHAN,2026,OFFLINE,BDA,,BATCH13,23-02-2025,12,11,1,COMPLETED,,,,,,,,
862,CHEMISTRY,Structure of Atoms,ANOOP.MOHAN,2026,OFFLINE,BDA,,BATCH13,23-02-2025,19,15,4,COMPLETED,,,,,,,,
863,CHEMISTRY,The d and f Block Block Elements,ANOOP.MOHAN,2026,OFFLINE,CBD,,BATCH13,23-02-2025,9,8,1,COMPLETED,,,,,,,,
864,CHEMISTRY,The d and f Block Block Elements,ANOOP.MOHAN,2026,OFFLINE,CBD,,BATCH13,23-02-2025,21,17,4,COMPLETED,,,,,,,,
865,CHEMISTRY,The d and f Block Block Elements,ANOOP.MOHAN,2026,OFFLINE,CBD,,BATCH13,23-02-2025,9,8,1,COMPLETED,,,,,,,,
866,ZOOLOGY,The Living World,ANOOP.MOHAN,2026,OFFLINE,PBZ,,BATCH13,23-02-2025,9,8,1,COMPLETED,,,,,,,,
867,ZOOLOGY,The Living World,ANOOP.MOHAN,2026,OFFLINE,PBZ,,BATCH13,23-02-2025,10,9,1,COMPLETED,,,,,,,,
868,CHEMISTRY,The p Block Elements (XI) (XI) & (XII),ANOOP.MOHAN,2026,OFFLINE,ZAB,,BATCH13,23-02-2025,9,8,1,COMPLETED,,,,,,,,
869,CHEMISTRY,The p Block Elements (XI) (XI) & (XII),ANOOP.MOHAN,2026,OFFLINE,ZAB,,BATCH13,23-02-2025,17,14,3,COMPLETED,,,,,,,,
870,MATHS,Theory of Probability,ANOOP.MOHAN,2026,OFFLINE,PDO,,BATCH13,23-02-2025,14,12,2,COMPLETED,,,,,,,,
871,MATHS,Theory of Probability,ANOOP.MOHAN,2026,OFFLINE,PDO,,BATCH13,23-02-2025,15,13,2,COMPLETED,,,,,,,,
872,MATHS,Theory of Probability,ANOOP.MOHAN,2026,OFFLINE,PDO,,BATCH13,23-02-2025,19,15,4,COMPLETED,,,,,,,,
873,PHYSICS,"Thermal Properties of Matter, Thermodynamics and Kinetic Theory",ANOOP.MOHAN,2026,OFFLINE,BCI,,BATCH13,23-02-2025,10,9,1,COMPLETED,,,,,,,,
874,PHYSICS,"Thermal Properties of Matter, Thermodynamics and Kinetic Theory",ANOOP.MOHAN,2026,OFFLINE,BCI,,BATCH13,23-02-2025,10,9,1,COMPLETED,,,,,,,,
875,MATHS,Trigonometry I,ANOOP.MOHAN,2026,OFFLINE,PBI,,BATCH13,23-02-2025,24,18,6,COMPLETED,,,,,,,,
876,MATHS,Trigonometry I,ANOOP.MOHAN,2026,OFFLINE,PBI,,BATCH13,23-02-2025,9,8,1,COMPLETED,,,,,,,,
877,MATHS,Trigonometry I,ANOOP.MOHAN,2026,OFFLINE,PBI,,BATCH13,23-02-2025,15,13,2,COMPLETED,,,,,,,,
878,MATHS,Trigonometry II,ANOOP.MOHAN,2026,OFFLINE,BBZ,,BATCH13,23-02-2025,26,19,7,COMPLETED,,,,,,,,
879,MATHS,Trigonometry II,ANOOP.MOHAN,2026,OFFLINE,BBZ,,BATCH13,23-02-2025,7,7,0,COMPLETED,,,,,,,,
880,MATHS,Vectors,ANOOP.MOHAN,2026,OFFLINE,MBQ,,BATCH13,23-02-2025,15,13,2,COMPLETED,,,,,,,,
881,MATHS,Vectors,ANOOP.MOHAN,2026,OFFLINE,MBQ,,BATCH13,23-02-2025,12,11,1,COMPLETED,,,,,,,,
882,PHYSICS,Waves,ANOOP.MOHAN,2026,OFFLINE,MCI,,BATCH13,23-02-2025,9,8,1,COMPLETED,,,,,,,,
883,PHYSICS,Waves,ANOOP.MOHAN,2026,OFFLINE,MCI,,BATCH13,23-02-2025,14,12,2,COMPLETED,,,,,,,,
884,PHYSICS,Work Energy & Power,ANOOP.MOHAN,2026,OFFLINE,CDG,,BATCH13,23-02-2025,9,8,1,COMPLETED,,,,,,,,
885,PHYSICS,Work Energy & Power,ANOOP.MOHAN,2026,OFFLINE,CDG,,BATCH13,23-02-2025,14,12,2,COMPLETED,,,,,,,,
886,CHEMISTRY,"Alcohols, Phenols and Ethers",ARYA.R,2026,OFFLINE,ZAH,,BATCH14,23-02-2025,14,12,2,COMPLETED,,,,,,,,
887,CHEMISTRY,"Alcohols, Phenols and Ethers",ARYA.R,2026,OFFLINE,ZAH,,BATCH14,23-02-2025,14,12,2,COMPLETED,,,,,,,,
888,CHEMISTRY,Amines,ARYA.R,2026,OFFLINE,CAV,,BATCH14,23-02-2025,15,13,2,COMPLETED,,,,,,,,
889,CHEMISTRY,Amines,ARYA.R,2026,OFFLINE,CAV,,BATCH14,23-02-2025,19,15,4,COMPLETED,,,,,,,,
890,BOTANY,Anatomy of Flowering Plants,ARYA.R,2026,OFFLINE,BDX,,BATCH14,23-02-2025,12,11,1,COMPLETED,,,,,,,,
891,BOTANY,Anatomy of Flowering Plants,ARYA.R,2026,OFFLINE,BDX,,BATCH14,23-02-2025,12,11,1,COMPLETED,,,,,,,,
892,ZOOLOGY,Animal Kingdom Non Chordata,ARYA.R,2026,OFFLINE,PCA,,BATCH14,23-02-2025,21,17,4,COMPLETED,,,,,,,,
893,ZOOLOGY,Animal Kingdom Non Chordata,ARYA.R,2026,OFFLINE,PCA,,BATCH14,23-02-2025,9,8,1,COMPLETED,,,,,,,,
894,ZOOLOGY,Animal Kingdom Phylum Chordata,ARYA.R,2026,OFFLINE,BAQ,,BATCH14,23-02-2025,15,13,2,COMPLETED,,,,,,,,
895,ZOOLOGY,Animal Kingdom Phylum Chordata,ARYA.R,2026,OFFLINE,BAQ,,BATCH14,23-02-2025,10,9,1,COMPLETED,,,,,,,,
896,MATHS,Applications of Differentiation,ARYA.R,2026,OFFLINE,ZCO,,BATCH14,23-02-2025,12,11,1,COMPLETED,,,,,,,,
897,MATHS,Applications of Differentiation,ARYA.R,2026,OFFLINE,ZCO,,BATCH14,23-02-2025,10,9,1,COMPLETED,,,,,,,,
898,PHYSICS,Atoms and Nuclei,ARYA.R,2026,OFFLINE,CDY,,BATCH14,23-02-2025,9,8,1,COMPLETED,,,,,,,,
899,PHYSICS,Atoms and Nuclei,ARYA.R,2026,OFFLINE,CDY,,BATCH14,23-02-2025,15,13,2,COMPLETED,,,,,,,,
900,ZOOLOGY,Biodiversity and Conservation,ARYA.R,2026,OFFLINE,MBH,,BATCH14,23-02-2025,9,8,1,COMPLETED,,,,,,,,
901,ZOOLOGY,Biodiversity and Conservation,ARYA.R,2026,OFFLINE,MBH,,BATCH14,23-02-2025,7,7,0,COMPLETED,,,,,,,,
902,ZOOLOGY,Biodiversity and Conservation,ARYA.R,2026,OFFLINE,MBH,,BATCH14,23-02-2025,15,13,2,COMPLETED,,,,,,,,
903,BOTANY,Biological Classification,ARYA.R,2026,OFFLINE,MDJ,,BATCH14,23-02-2025,12,11,1,COMPLETED,,,,,,,,
904,BOTANY,Biological Classification,ARYA.R,2026,OFFLINE,MDJ,,BATCH14,23-02-2025,21,17,4,COMPLETED,,,,,,,,
905,ZOOLOGY,Biomolecules,ARYA.R,2026,OFFLINE,ZBE,,BATCH14,23-02-2025,14,12,2,COMPLETED,,,,,,,,
906,ZOOLOGY,Biomolecules,ARYA.R,2026,OFFLINE,ZBE,,BATCH14,23-02-2025,10,9,1,COMPLETED,,,,,,,,
907,BOTANY,Biotechnology and its Applications,ARYA.R,2026,OFFLINE,BAZ,,BATCH14,23-02-2025,12,11,1,COMPLETED,,,,,,,,
908,BOTANY,Biotechnology and its Applications,ARYA.R,2026,OFFLINE,BAZ,,BATCH14,23-02-2025,9,8,1,COMPLETED,,,,,,,,
909,BOTANY,Biotechnology and its Applications,ARYA.R,2026,OFFLINE,BAZ,,BATCH14,23-02-2025,12,11,1,COMPLETED,,,,,,,,
910,ZOOLOGY,Body Fluids and Circulation,ARYA.R,2026,OFFLINE,BBD,,BATCH14,23-02-2025,14,12,2,COMPLETED,,,,,,,,
911,ZOOLOGY,Body Fluids and Circulation,ARYA.R,2026,OFFLINE,BBD,,BATCH14,23-02-2025,9,8,1,COMPLETED,,,,,,,,
912,CHEMISTRY,Carboxylic Acids and It's Derivatives  Derivatives,ARYA.R,2026,OFFLINE,PBE,,BATCH14,23-02-2025,10,9,1,COMPLETED,,,,,,,,
913,CHEMISTRY,Carboxylic Acids and It's Derivatives  Derivatives,ARYA.R,2026,OFFLINE,PBE,,BATCH14,23-02-2025,15,13,2,COMPLETED,,,,,,,,
914,BOTANY,Cell Cycle and Cell Division,ARYA.R,2026,OFFLINE,MDX,,BATCH14,23-02-2025,17,14,3,COMPLETED,,,,,,,,
915,BOTANY,Cell Cycle and Cell Division,ARYA.R,2026,OFFLINE,MDX,,BATCH14,23-02-2025,14,12,2,COMPLETED,,,,,,,,
916,BOTANY,Cell Cycle and Cell Division,ARYA.R,2026,OFFLINE,MDX,,BATCH14,23-02-2025,14,12,2,COMPLETED,,,,,,,,
917,ZOOLOGY,Chemical Coordination and Integration,ARYA.R,2026,OFFLINE,PCF,,BATCH14,23-02-2025,12,11,1,COMPLETED,,,,,,,,
918,ZOOLOGY,Chemical Coordination and Integration,ARYA.R,2026,OFFLINE,PCF,,BATCH14,23-02-2025,9,8,1,COMPLETED,,,,,,,,
919,CHEMISTRY,Chemical Kinetics,ARYA.R,2026,OFFLINE,PAD,,BATCH14,23-02-2025,10,9,1,COMPLETED,,,,,,,,
920,CHEMISTRY,Chemical Kinetics,ARYA.R,2026,OFFLINE,PAD,,BATCH14,23-02-2025,7,7,0,COMPLETED,,,,,,,,
921,MATHS,Circles,ARYA.R,2026,OFFLINE,CCX,,BATCH14,23-02-2025,15,13,2,COMPLETED,,,,,,,,
922,MATHS,Circles,ARYA.R,2026,OFFLINE,CCX,,BATCH14,23-02-2025,10,9,1,COMPLETED,,,,,,,,
923,MATHS,Circles,ARYA.R,2026,OFFLINE,CCX,,BATCH14,23-02-2025,17,14,3,COMPLETED,,,,,,,,
924,CHEMISTRY,Classification of Elements and Periodicity Periodicity in Properties,ARYA.R,2026,OFFLINE,BDB,,BATCH14,23-02-2025,9,8,1,COMPLETED,,,,,,,,
925,CHEMISTRY,Classification of Elements and Periodicity Periodicity in Properties,ARYA.R,2026,OFFLINE,BDB,,BATCH14,23-02-2025,15,13,2,COMPLETED,,,,,,,,
926,MATHS,Conic Section,ARYA.R,2026,OFFLINE,MBM,,BATCH14,23-02-2025,19,15,4,COMPLETED,,,,,,,,
927,MATHS,Conic Section,ARYA.R,2026,OFFLINE,MBM,,BATCH14,23-02-2025,10,9,1,COMPLETED,,,,,,,,
928,CHEMISTRY,Coordination Compounds and Organometallics,ARYA.R,2026,OFFLINE,CBE,,BATCH14,23-02-2025,10,9,1,COMPLETED,,,,,,,,
929,CHEMISTRY,Coordination Compounds and Organometallics,ARYA.R,2026,OFFLINE,CBE,,BATCH14,23-02-2025,14,12,2,COMPLETED,,,,,,,,
930,CHEMISTRY,Coordination Compounds and Organometallics,ARYA.R,2026,OFFLINE,CBE,,BATCH14,23-02-2025,9,8,1,COMPLETED,,,,,,,,
931,PHYSICS,Current Electricity,ARYA.R,2026,OFFLINE,ZCX,,BATCH14,23-02-2025,12,11,1,COMPLETED,,,,,,,,
932,PHYSICS,Current Electricity,ARYA.R,2026,OFFLINE,ZCX,,BATCH14,23-02-2025,14,12,2,COMPLETED,,,,,,,,
933,CHEMISTRY,Electrochemistry,ARYA.R,2026,OFFLINE,ZAQ,,BATCH14,23-02-2025,10,9,1,COMPLETED,,,,,,,,
934,CHEMISTRY,Electrochemistry,ARYA.R,2026,OFFLINE,ZAQ,,BATCH14,23-02-2025,24,18,6,COMPLETED,,,,,,,,
935,CHEMISTRY,Electrochemistry,ARYA.R,2026,OFFLINE,ZAQ,,BATCH14,23-02-2025,9,8,1,COMPLETED,,,,,,,,
936,PHYSICS,Electromagnetic Induction and Alternating Current,ARYA.R,2026,OFFLINE,CDL,,BATCH14,23-02-2025,14,12,2,COMPLETED,,,,,,,,
937,PHYSICS,Electromagnetic Induction and Alternating Current,ARYA.R,2026,OFFLINE,CDL,,BATCH14,23-02-2025,21,17,4,COMPLETED,,,,,,,,
938,PHYSICS,Electrostatics,ARYA.R,2026,OFFLINE,MCJ,,BATCH14,23-02-2025,17,14,3,COMPLETED,,,,,,,,
939,PHYSICS,Electrostatics,ARYA.R,2026,OFFLINE,MCJ,,BATCH14,23-02-2025,12,11,1,COMPLETED,,,,,,,,
940,ZOOLOGY,Evolution,ARYA.R,2026,OFFLINE,PCS,,BATCH14,23-02-2025,24,18,6,COMPLETED,,,,,,,,
941,ZOOLOGY,Evolution,ARYA.R,2026,OFFLINE,PCS,,BATCH14,23-02-2025,7,7,0,COMPLETED,,,,,,,,
942,ZOOLOGY,Evolution,ARYA.R,2026,OFFLINE,PCS,,BATCH14,23-02-2025,14,12,2,COMPLETED,,,,,,,,
943,ZOOLOGY,Excretory Products and Their Elimination,ARYA.R,2026,OFFLINE,CBS,,BATCH14,23-02-2025,15,13,2,COMPLETED,,,,,,,,
944,ZOOLOGY,Excretory Products and Their Elimination,ARYA.R,2026,OFFLINE,CBS,,BATCH14,23-02-2025,17,14,3,COMPLETED,,,,,,,,
945,CHEMISTRY,Halo Alkanes and Halo Arenes  Arenes,ARYA.R,2026,OFFLINE,PBN,,BATCH14,23-02-2025,12,11,1,COMPLETED,,,,,,,,
946,CHEMISTRY,Halo Alkanes and Halo Arenes  Arenes,ARYA.R,2026,OFFLINE,PBN,,BATCH14,23-02-2025,17,14,3,COMPLETED,,,,,,,,
947,ZOOLOGY,Human Health and Disease,ARYA.R,2026,OFFLINE,BBI,,BATCH14,23-02-2025,17,14,3,COMPLETED,,,,,,,,
948,ZOOLOGY,Human Health and Disease,ARYA.R,2026,OFFLINE,BBI,,BATCH14,23-02-2025,9,8,1,COMPLETED,,,,,,,,
949,CHEMISTRY,Hydrocarbons,ARYA.R,2026,OFFLINE,CAQ,,BATCH14,23-02-2025,10,9,1,COMPLETED,,,,,,,,
950,CHEMISTRY,Hydrocarbons,ARYA.R,2026,OFFLINE,CAQ,,BATCH14,23-02-2025,9,8,1,COMPLETED,,,,,,,,
951,MATHS,Integration and its Applications,ARYA.R,2026,OFFLINE,PDB,,BATCH14,23-02-2025,29,21,8,COMPLETED,,,,,,,,
952,MATHS,Integration and its Applications,ARYA.R,2026,OFFLINE,PDB,,BATCH14,23-02-2025,12,11,1,COMPLETED,,,,,,,,
953,MATHS,Limits of Real Functions,ARYA.R,2026,OFFLINE,CCO,,BATCH14,23-02-2025,10,9,1,COMPLETED,,,,,,,,
954,MATHS,Limits of Real Functions,ARYA.R,2026,OFFLINE,CCO,,BATCH14,23-02-2025,10,9,1,COMPLETED,,,,,,,,
955,MATHS,Linear Inequations and Inequalities,ARYA.R,2026,OFFLINE,BBV,,BATCH14,23-02-2025,7,7,0,COMPLETED,,,,,,,,
956,MATHS,Linear Inequations and Inequalities,ARYA.R,2026,OFFLINE,BBV,,BATCH14,23-02-2025,9,8,1,COMPLETED,,,,,,,,
957,MATHS,Linear Inequations and Inequalities,ARYA.R,2026,OFFLINE,BBV,,BATCH14,23-02-2025,12,11,1,COMPLETED,,,,,,,,
958,MATHS,Linear Programming,ARYA.R,2026,OFFLINE,PDP,,BATCH14,23-02-2025,7,7,0,COMPLETED,,,,,,,,
959,MATHS,Linear Programming,ARYA.R,2026,OFFLINE,PDP,,BATCH14,23-02-2025,10,9,1,COMPLETED,,,,,,,,
960,MATHS,Linear Programming,ARYA.R,2026,OFFLINE,PDP,,BATCH14,23-02-2025,12,11,1,COMPLETED,,,,,,,,
961,MATHS,Logarithm,ARYA.R,2026,OFFLINE,PBJ,,BATCH14,23-02-2025,9,8,1,COMPLETED,,,,,,,,
962,MATHS,Logarithm,ARYA.R,2026,OFFLINE,PBJ,,BATCH14,23-02-2025,9,8,1,COMPLETED,,,,,,,,
963,PHYSICS,Magnetism and Matter,ARYA.R,2026,OFFLINE,BCX,,BATCH14,23-02-2025,9,8,1,COMPLETED,,,,,,,,
964,PHYSICS,Magnetism and Matter,ARYA.R,2026,OFFLINE,BCX,,BATCH14,23-02-2025,9,8,1,COMPLETED,,,,,,,,
965,MATHS,Matrices and Determinants,ARYA.R,2026,OFFLINE,BCA,,BATCH14,23-02-2025,21,17,4,COMPLETED,,,,,,,,
966,MATHS,Matrices and Determinants,ARYA.R,2026,OFFLINE,BCA,,BATCH14,23-02-2025,10,9,1,COMPLETED,,,,,,,,
967,PHYSICS,Mechanical Properties of Solids & Fluids,ARYA.R,2026,OFFLINE,ZDG,,BATCH14,23-02-2025,12,11,1,COMPLETED,,,,,,,,
968,PHYSICS,Mechanical Properties of Solids & Fluids,ARYA.R,2026,OFFLINE,ZDG,,BATCH14,23-02-2025,14,12,2,COMPLETED,,,,,,,,
969,PHYSICS,Mechanical Properties of Solids & Fluids,ARYA.R,2026,OFFLINE,ZDG,,BATCH14,23-02-2025,17,14,3,COMPLETED,,,,,,,,
970,BOTANY,Morphology of Flowering Plants,ARYA.R,2026,OFFLINE,PAM,,BATCH14,23-02-2025,14,12,2,COMPLETED,,,,,,,,
971,BOTANY,Morphology of Flowering Plants,ARYA.R,2026,OFFLINE,PAM,,BATCH14,23-02-2025,14,12,2,COMPLETED,,,,,,,,
972,BOTANY,Morphology of Flowering Plants,ARYA.R,2026,OFFLINE,PAM,,BATCH14,23-02-2025,9,8,1,COMPLETED,,,,,,,,
973,PHYSICS,Motion in a Plane,ARYA.R,2026,OFFLINE,PBA,,BATCH14,23-02-2025,9,8,1,COMPLETED,,,,,,,,
974,PHYSICS,Motion in a Plane,ARYA.R,2026,OFFLINE,PBA,,BATCH14,23-02-2025,14,12,2,COMPLETED,,,,,,,,
975,PHYSICS,Motion in a Straight Line,ARYA.R,2026,OFFLINE,MCE,,BATCH14,23-02-2025,9,8,1,COMPLETED,,,,,,,,
976,PHYSICS,Motion in a Straight Line,ARYA.R,2026,OFFLINE,MCE,,BATCH14,23-02-2025,12,11,1,COMPLETED,,,,,,,,
977,PHYSICS,Motion in a Straight Line,ARYA.R,2026,OFFLINE,MCE,,BATCH14,23-02-2025,10,9,1,COMPLETED,,,,,,,,
978,PHYSICS,Moving Charges and Magnetism,ARYA.R,2026,OFFLINE,CAH,,BATCH14,23-02-2025,12,11,1,COMPLETED,,,,,,,,
979,PHYSICS,Moving Charges and Magnetism,ARYA.R,2026,OFFLINE,CAH,,BATCH14,23-02-2025,9,8,1,COMPLETED,,,,,,,,
980,PHYSICS,Moving Charges and Magnetism,ARYA.R,2026,OFFLINE,CAH,,BATCH14,23-02-2025,9,8,1,COMPLETED,,,,,,,,
981,ZOOLOGY,Neural Control and Coordination,ARYA.R,2026,OFFLINE,ZBR,,BATCH14,23-02-2025,15,13,2,COMPLETED,,,,,,,,
982,ZOOLOGY,Neural Control and Coordination,ARYA.R,2026,OFFLINE,ZBR,,BATCH14,23-02-2025,12,11,1,COMPLETED,,,,,,,,
983,CHEMISTRY,Organic Chemistry–Some Basic Principles–Part I I (Nomenclature),ARYA.R,2026,OFFLINE,ZAC,,BATCH14,23-02-2025,10,9,1,COMPLETED,,,,,,,,
984,CHEMISTRY,Organic Chemistry–Some Basic Principles–Part I I (Nomenclature),ARYA.R,2026,OFFLINE,ZAC,,BATCH14,23-02-2025,24,18,6,COMPLETED,,,,,,,,
985,CHEMISTRY,Organic Chemistry–Some Basic Principles–Part III III (Purification),ARYA.R,2026,OFFLINE,BAC,,BATCH14,23-02-2025,10,9,1,COMPLETED,,,,,,,,
986,CHEMISTRY,Organic Chemistry–Some Basic Principles–Part III III (Purification),ARYA.R,2026,OFFLINE,BAC,,BATCH14,23-02-2025,15,13,2,COMPLETED,,,,,,,,
987,CHEMISTRY,Organic Chemistry–Some Basic Principles–Part III III (Purification),ARYA.R,2026,OFFLINE,BAC,,BATCH14,23-02-2025,10,9,1,COMPLETED,,,,,,,,
988,BOTANY,Organism and Population,ARYA.R,2026,OFFLINE,CBN,,BATCH14,23-02-2025,14,12,2,COMPLETED,,,,,,,,
989,BOTANY,Organism and Population,ARYA.R,2026,OFFLINE,CBN,,BATCH14,23-02-2025,9,8,1,COMPLETED,,,,,,,,
990,PHYSICS,Oscillations,ARYA.R,2026,OFFLINE,BCJ,,BATCH14,23-02-2025,9,8,1,COMPLETED,,,,,,,,
991,PHYSICS,Oscillations,ARYA.R,2026,OFFLINE,BCJ,,BATCH14,23-02-2025,17,14,3,COMPLETED,,,,,,,,
992,MATHS,"Permutation, Combination and Binomial Theorem",ARYA.R,2026,OFFLINE,ZCJ,,BATCH14,23-02-2025,17,14,3,COMPLETED,,,,,,,,
993,MATHS,"Permutation, Combination and Binomial Theorem",ARYA.R,2026,OFFLINE,ZCJ,,BATCH14,23-02-2025,9,8,1,COMPLETED,,,,,,,,
994,MATHS,"Permutation, Combination and Binomial Theorem",ARYA.R,2026,OFFLINE,ZCJ,,BATCH14,23-02-2025,14,12,2,COMPLETED,,,,,,,,
995,BOTANY,Photosynthesis in Higher Plants,ARYA.R,2026,OFFLINE,BAL,,BATCH14,23-02-2025,19,15,4,COMPLETED,,,,,,,,
996,BOTANY,Photosynthesis in Higher Plants,ARYA.R,2026,OFFLINE,BAL,,BATCH14,23-02-2025,15,13,2,COMPLETED,,,,,,,,
997,BOTANY,Plant Growth and Development,ARYA.R,2026,OFFLINE,MAL,,BATCH14,23-02-2025,10,9,1,COMPLETED,,,,,,,,
998,BOTANY,Plant Growth and Development,ARYA.R,2026,OFFLINE,MAL,,BATCH14,23-02-2025,14,12,2,COMPLETED,,,,,,,,
999,BOTANY,Plant Growth and Development,ARYA.R,2026,OFFLINE,MAL,,BATCH14,23-02-2025,15,13,2,COMPLETED,,,,,,,,
1000,CHEMISTRY,Practical Chemistry,ARYA.R,2026,OFFLINE,PAV,,BATCH14,23-02-2025,9,8,1,COMPLETED,,,,,,,,
1001,CHEMISTRY,Practical Chemistry,ARYA.R,2026,OFFLINE,PAV,,BATCH14,23-02-2025,26,19,7,COMPLETED,,,,,,,,
1002,ZOOLOGY,Principles of Inheritance and Variation,ARYA.R,2026,OFFLINE,MAU,,BATCH14,23-02-2025,14,12,2,COMPLETED,,,,,,,,
1003,ZOOLOGY,Principles of Inheritance and Variation,ARYA.R,2026,OFFLINE,MAU,,BATCH14,23-02-2025,12,11,1,COMPLETED,,,,,,,,
1004,MATHS,Quadratic Equation,ARYA.R,2026,OFFLINE,CCK,,BATCH14,23-02-2025,21,17,4,COMPLETED,,,,,,,,
1005,MATHS,Quadratic Equation,ARYA.R,2026,OFFLINE,CCK,,BATCH14,23-02-2025,9,8,1,COMPLETED,,,,,,,,
1006,PHYSICS,Ray Optics & Optical Instruments,ARYA.R,2026,OFFLINE,ZDL,,BATCH14,23-02-2025,12,11,1,COMPLETED,,,,,,,,
1007,PHYSICS,Ray Optics & Optical Instruments,ARYA.R,2026,OFFLINE,ZDL,,BATCH14,23-02-2025,14,12,2,COMPLETED,,,,,,,,
1008,CHEMISTRY,Redox Reaction,ARYA.R,2026,OFFLINE,MDB,,BATCH14,23-02-2025,9,8,1,COMPLETED,,,,,,,,
1009,CHEMISTRY,Redox Reaction,ARYA.R,2026,OFFLINE,MDB,,BATCH14,23-02-2025,21,17,4,COMPLETED,,,,,,,,
1010,CHEMISTRY,Redox Reaction,ARYA.R,2026,OFFLINE,MDB,,BATCH14,23-02-2025,14,12,2,COMPLETED,,,,,,,,
1011,ZOOLOGY,Reproductive Health,ARYA.R,2026,OFFLINE,CCF,,BATCH14,23-02-2025,15,13,2,COMPLETED,,,,,,,,
1012,ZOOLOGY,Reproductive Health,ARYA.R,2026,OFFLINE,CCF,,BATCH14,23-02-2025,5,5,0,COMPLETED,,,,,,,,
1013,ZOOLOGY,Reproductive Health,ARYA.R,2026,OFFLINE,CCF,,BATCH14,23-02-2025,15,13,2,COMPLETED,,,,,,,,
1014,PHYSICS,Semiconductor Electronics,ARYA.R,2026,OFFLINE,MCN,,BATCH14,23-02-2025,10,9,1,COMPLETED,,,,,,,,
1015,PHYSICS,Semiconductor Electronics,ARYA.R,2026,OFFLINE,MCN,,BATCH14,23-02-2025,14,12,2,COMPLETED,,,,,,,,
1016,MATHS,Sequences and Series,ARYA.R,2026,OFFLINE,PCX,,BATCH14,23-02-2025,14,12,2,COMPLETED,,,,,,,,
1017,MATHS,Sequences and Series,ARYA.R,2026,OFFLINE,PCX,,BATCH14,23-02-2025,9,8,1,COMPLETED,,,,,,,,
1018,MATHS,"Sets, Relations and  Functions",ARYA.R,2026,OFFLINE,ZBW,,BATCH14,23-02-2025,31,21,10,COMPLETED,,,,,,,,
1019,MATHS,"Sets, Relations and  Functions",ARYA.R,2026,OFFLINE,ZBW,,BATCH14,23-02-2025,12,11,1,COMPLETED,,,,,,,,
1020,BOTANY,Sexual reproduction in Flowering Plants,ARYA.R,2026,OFFLINE,ZAZ,,BATCH14,23-02-2025,17,14,3,COMPLETED,,,,,,,,
1021,BOTANY,Sexual reproduction in Flowering Plants,ARYA.R,2026,OFFLINE,ZAZ,,BATCH14,23-02-2025,7,7,0,COMPLETED,,,,,,,,
1022,CHEMISTRY,Solutions,ARYA.R,2026,OFFLINE,BDG,,BATCH14,23-02-2025,7,7,0,COMPLETED,,,,,,,,
1023,CHEMISTRY,Solutions,ARYA.R,2026,OFFLINE,BDG,,BATCH14,23-02-2025,31,21,10,COMPLETED,,,,,,,,
1024,MATHS,Statistics,ARYA.R,2026,OFFLINE,ZCA,,BATCH14,23-02-2025,12,11,1,COMPLETED,,,,,,,,
1025,MATHS,Statistics,ARYA.R,2026,OFFLINE,ZCA,,BATCH14,23-02-2025,10,9,1,COMPLETED,,,,,,,,
1026,MATHS,Straight Lines,ARYA.R,2026,OFFLINE,BBM,,BATCH14,23-02-2025,14,12,2,COMPLETED,,,,,,,,
1027,MATHS,Straight Lines,ARYA.R,2026,OFFLINE,BBM,,BATCH14,23-02-2025,10,9,1,COMPLETED,,,,,,,,
1028,ZOOLOGY,Structural organisation in Animals Animal Tissue,ARYA.R,2026,OFFLINE,CCB,,BATCH14,23-02-2025,14,12,2,COMPLETED,,,,,,,,
1029,ZOOLOGY,Structural organisation in Animals Animal Tissue,ARYA.R,2026,OFFLINE,CCB,,BATCH14,23-02-2025,9,8,1,COMPLETED,,,,,,,,
1030,ZOOLOGY,Structural organisation in Animals Animal Tissue,ARYA.R,2026,OFFLINE,CCB,,BATCH14,23-02-2025,19,15,4,COMPLETED,,,,,,,,
1031,ZOOLOGY,Structural organisation in Animals Morphology of Animals,ARYA.R,2026,OFFLINE,MAP,,BATCH14,23-02-2025,21,17,4,COMPLETED,,,,,,,,
1032,ZOOLOGY,Structural organisation in Animals Morphology of Animals,ARYA.R,2026,OFFLINE,MAP,,BATCH14,23-02-2025,12,11,1,COMPLETED,,,,,,,,
1033,CHEMISTRY,Structure of Atoms,ARYA.R,2026,OFFLINE,CAM,,BATCH14,23-02-2025,12,11,1,COMPLETED,,,,,,,,
1034,CHEMISTRY,Structure of Atoms,ARYA.R,2026,OFFLINE,CAM,,BATCH14,23-02-2025,19,15,4,COMPLETED,,,,,,,,
1035,CHEMISTRY,Structure of Atoms,ARYA.R,2026,OFFLINE,CAM,,BATCH14,23-02-2025,12,11,1,COMPLETED,,,,,,,,
1036,PHYSICS,System of Particles and Rigid Body Rotation,ARYA.R,2026,OFFLINE,PAR,,BATCH14,23-02-2025,10,9,1,COMPLETED,,,,,,,,
1037,PHYSICS,System of Particles and Rigid Body Rotation,ARYA.R,2026,OFFLINE,PAR,,BATCH14,23-02-2025,17,14,3,COMPLETED,,,,,,,,
1038,CHEMISTRY,The d and f Block Block Elements,ARYA.R,2026,OFFLINE,ZDT,,BATCH14,23-02-2025,9,8,1,COMPLETED,,,,,,,,
1039,CHEMISTRY,The d and f Block Block Elements,ARYA.R,2026,OFFLINE,ZDT,,BATCH14,23-02-2025,21,17,4,COMPLETED,,,,,,,,
1040,ZOOLOGY,The Living World,ARYA.R,2026,OFFLINE,ZBN,,BATCH14,23-02-2025,9,8,1,COMPLETED,,,,,,,,
1041,ZOOLOGY,The Living World,ARYA.R,2026,OFFLINE,ZBN,,BATCH14,23-02-2025,10,9,1,COMPLETED,,,,,,,,
1042,ZOOLOGY,The Living World,ARYA.R,2026,OFFLINE,ZBN,,BATCH14,23-02-2025,12,11,1,COMPLETED,,,,,,,,
1043,CHEMISTRY,The p Block Elements (XI) (XI) & (XII),ARYA.R,2026,OFFLINE,BDO,,BATCH14,23-02-2025,9,8,1,COMPLETED,,,,,,,,
1044,CHEMISTRY,The p Block Elements (XI) (XI) & (XII),ARYA.R,2026,OFFLINE,BDO,,BATCH14,23-02-2025,17,14,3,COMPLETED,,,,,,,,
1045,CHEMISTRY,The p Block Elements (XI) (XI) & (XII),ARYA.R,2026,OFFLINE,BDO,,BATCH14,23-02-2025,7,7,0,COMPLETED,,,,,,,,
1046,PHYSICS,"Thermal Properties of Matter, Thermodynamics and Kinetic Theory",ARYA.R,2026,OFFLINE,PDU,,BATCH14,23-02-2025,10,9,1,COMPLETED,,,,,,,,
1047,PHYSICS,"Thermal Properties of Matter, Thermodynamics and Kinetic Theory",ARYA.R,2026,OFFLINE,PDU,,BATCH14,23-02-2025,10,9,1,COMPLETED,,,,,,,,
1048,CHEMISTRY,Thermodynamics and Chemical Energetics,ARYA.R,2026,OFFLINE,ZDO,,BATCH14,23-02-2025,9,8,1,COMPLETED,,,,,,,,
1049,CHEMISTRY,Thermodynamics and Chemical Energetics,ARYA.R,2026,OFFLINE,ZDO,,BATCH14,23-02-2025,15,13,2,COMPLETED,,,,,,,,
1050,MATHS,Three Dimensional Geometry,ARYA.R,2026,OFFLINE,PBS,,BATCH14,23-02-2025,17,14,3,COMPLETED,,,,,,,,
1051,MATHS,Three Dimensional Geometry,ARYA.R,2026,OFFLINE,PBS,,BATCH14,23-02-2025,10,9,1,COMPLETED,,,,,,,,
1052,MATHS,Vectors,ARYA.R,2026,OFFLINE,CDC,,BATCH14,23-02-2025,15,13,2,COMPLETED,,,,,,,,
1053,MATHS,Vectors,ARYA.R,2026,OFFLINE,CDC,,BATCH14,23-02-2025,12,11,1,COMPLETED,,,,,,,,
1054,MATHS,Vectors,ARYA.R,2026,OFFLINE,CDC,,BATCH14,23-02-2025,14,12,2,COMPLETED,,,,,,,,
1055,PHYSICS,Wave Optics,ARYA.R,2026,OFFLINE,PDY,,BATCH14,23-02-2025,7,7,0,COMPLETED,,,,,,,,
1056,PHYSICS,Wave Optics,ARYA.R,2026,OFFLINE,PDY,,BATCH14,23-02-2025,21,17,4,COMPLETED,,,,,,,,
1057,PHYSICS,Waves,ARYA.R,2026,OFFLINE,CDT,,BATCH14,23-02-2025,9,8,1,COMPLETED,,,,,,,,
1058,PHYSICS,Waves,ARYA.R,2026,OFFLINE,CDT,,BATCH14,23-02-2025,14,12,2,COMPLETED,,,,,,,,
1059,PHYSICS,Waves,ARYA.R,2026,OFFLINE,CDT,,BATCH14,23-02-2025,9,8,1,COMPLETED,,,,,,,,
1060,PHYSICS,Work Energy & Power,ARYA.R,2026,OFFLINE,BCS,,BATCH14,23-02-2025,9,8,1,COMPLETED,,,,,,,,
1061,PHYSICS,Work Energy & Power,ARYA.R,2026,OFFLINE,BCS,,BATCH14,23-02-2025,14,12,2,COMPLETED,,,,,,,,
1062,PHYSICS,Work Energy & Power,ARYA.R,2026,OFFLINE,BCS,,BATCH14,23-02-2025,29,21,8,COMPLETED,,,,,,,,
1063,CHEMISTRY,"Alcohols, Phenols and Ethers",LIMSY.PAULSON.(WB),2026,OFFLINE,BDT,,BATCH15,23-02-2025,14,12,2,COMPLETED,,,,,,,,
1064,CHEMISTRY,"Alcohols, Phenols and Ethers",LIMSY.PAULSON.(WB),2026,OFFLINE,BDT,,BATCH15,23-02-2025,14,12,2,COMPLETED,,,,,,,,
1065,CHEMISTRY,Aldehydes and Ketones,LIMSY.PAULSON.(WB),2026,OFFLINE,ZAI,,BATCH15,23-02-2025,12,11,1,COMPLETED,,,,,,,,
1066,CHEMISTRY,Aldehydes and Ketones,LIMSY.PAULSON.(WB),2026,OFFLINE,ZAI,,BATCH15,23-02-2025,14,12,2,COMPLETED,,,,,,,,
1067,CHEMISTRY,Amines,LIMSY.PAULSON.(WB),2026,OFFLINE,BAH,,BATCH15,23-02-2025,15,13,2,COMPLETED,,,,,,,,
1068,CHEMISTRY,Amines,LIMSY.PAULSON.(WB),2026,OFFLINE,BAH,,BATCH15,23-02-2025,19,15,4,COMPLETED,,,,,,,,
1069,BOTANY,Anatomy of Flowering Plants,LIMSY.PAULSON.(WB),2026,OFFLINE,CBJ,,BATCH15,23-02-2025,12,11,1,COMPLETED,,,,,,,,
1070,BOTANY,Anatomy of Flowering Plants,LIMSY.PAULSON.(WB),2026,OFFLINE,CBJ,,BATCH15,23-02-2025,12,11,1,COMPLETED,,,,,,,,
1071,BOTANY,Anatomy of Flowering Plants,LIMSY.PAULSON.(WB),2026,OFFLINE,CBJ,,BATCH15,23-02-2025,10,9,1,COMPLETED,,,,,,,,
1072,ZOOLOGY,Animal Kingdom Non Chordata,LIMSY.PAULSON.(WB),2026,OFFLINE,ZBO,,BATCH15,23-02-2025,21,17,4,COMPLETED,,,,,,,,
1073,ZOOLOGY,Animal Kingdom Non Chordata,LIMSY.PAULSON.(WB),2026,OFFLINE,ZBO,,BATCH15,23-02-2025,9,8,1,COMPLETED,,,,,,,,
1074,ZOOLOGY,Animal Kingdom Non Chordata,LIMSY.PAULSON.(WB),2026,OFFLINE,ZBO,,BATCH15,23-02-2025,14,12,2,COMPLETED,,,,,,,,
1075,ZOOLOGY,Animal Kingdom Phylum Chordata,LIMSY.PAULSON.(WB),2026,OFFLINE,PCB,,BATCH15,23-02-2025,15,13,2,COMPLETED,,,,,,,,
1076,ZOOLOGY,Animal Kingdom Phylum Chordata,LIMSY.PAULSON.(WB),2026,OFFLINE,PCB,,BATCH15,23-02-2025,10,9,1,COMPLETED,,,,,,,,
1077,BOTANY,Biological Classification,LIMSY.PAULSON.(WB),2026,OFFLINE,ZAV,,BATCH15,23-02-2025,12,11,1,COMPLETED,,,,,,,,
1078,BOTANY,Biological Classification,LIMSY.PAULSON.(WB),2026,OFFLINE,ZAV,,BATCH15,23-02-2025,21,17,4,COMPLETED,,,,,,,,
1079,ZOOLOGY,Biomolecules,LIMSY.PAULSON.(WB),2026,OFFLINE,MAQ,,BATCH15,23-02-2025,14,12,2,COMPLETED,,,,,,,,
1080,CHEMISTRY,Biomolecules,LIMSY.PAULSON.(WB),2026,OFFLINE,CAW,,BATCH15,23-02-2025,10,9,1,COMPLETED,,,,,,,,
1081,ZOOLOGY,Biomolecules,LIMSY.PAULSON.(WB),2026,OFFLINE,MAQ,,BATCH15,23-02-2025,10,9,1,COMPLETED,,,,,,,,
1082,CHEMISTRY,Biomolecules,LIMSY.PAULSON.(WB),2026,OFFLINE,CAW,,BATCH15,23-02-2025,12,11,1,COMPLETED,,,,,,,,
1083,BOTANY,Biotechnology : Principles and processes,LIMSY.PAULSON.(WB),2026,OFFLINE,ZBA,,BATCH15,23-02-2025,14,12,2,COMPLETED,,,,,,,,
1084,BOTANY,Biotechnology : Principles and processes,LIMSY.PAULSON.(WB),2026,OFFLINE,ZBA,,BATCH15,23-02-2025,9,8,1,COMPLETED,,,,,,,,
1085,ZOOLOGY,Breathing and Exchange of Gases,LIMSY.PAULSON.(WB),2026,OFFLINE,PAW,,BATCH15,23-02-2025,15,13,2,COMPLETED,,,,,,,,
1086,ZOOLOGY,Breathing and Exchange of Gases,LIMSY.PAULSON.(WB),2026,OFFLINE,PAW,,BATCH15,23-02-2025,9,8,1,COMPLETED,,,,,,,,
1087,BOTANY,Cell : The unit of life,LIMSY.PAULSON.(WB),2026,OFFLINE,BDY,,BATCH15,23-02-2025,14,12,2,COMPLETED,,,,,,,,
1088,BOTANY,Cell : The unit of life,LIMSY.PAULSON.(WB),2026,OFFLINE,BDY,,BATCH15,23-02-2025,29,21,8,COMPLETED,,,,,,,,
1089,CHEMISTRY,Chemical and Ionic Equilibrium,LIMSY.PAULSON.(WB),2026,OFFLINE,ZDP,,BATCH15,23-02-2025,9,8,1,COMPLETED,,,,,,,,
1090,CHEMISTRY,Chemical and Ionic Equilibrium,LIMSY.PAULSON.(WB),2026,OFFLINE,ZDP,,BATCH15,23-02-2025,14,12,2,COMPLETED,,,,,,,,
1091,CHEMISTRY,Chemical Bonding and Molecular Structure  Structure,LIMSY.PAULSON.(WB),2026,OFFLINE,BDC,,BATCH15,23-02-2025,9,8,1,COMPLETED,,,,,,,,
1092,CHEMISTRY,Chemical Bonding and Molecular Structure  Structure,LIMSY.PAULSON.(WB),2026,OFFLINE,BDC,,BATCH15,23-02-2025,12,11,1,COMPLETED,,,,,,,,
1093,ZOOLOGY,Chemical Coordination and Integration,LIMSY.PAULSON.(WB),2026,OFFLINE,ZBS,,BATCH15,23-02-2025,12,11,1,COMPLETED,,,,,,,,
1094,ZOOLOGY,Chemical Coordination and Integration,LIMSY.PAULSON.(WB),2026,OFFLINE,ZBS,,BATCH15,23-02-2025,9,8,1,COMPLETED,,,,,,,,
1095,CHEMISTRY,Chemical Kinetics,LIMSY.PAULSON.(WB),2026,OFFLINE,ZAR,,BATCH15,23-02-2025,10,9,1,COMPLETED,,,,,,,,
1096,CHEMISTRY,Chemical Kinetics,LIMSY.PAULSON.(WB),2026,OFFLINE,ZAR,,BATCH15,23-02-2025,7,7,0,COMPLETED,,,,,,,,
1097,CHEMISTRY,Chemical Kinetics,LIMSY.PAULSON.(WB),2026,OFFLINE,ZAR,,BATCH15,23-02-2025,9,8,1,COMPLETED,,,,,,,,
1098,MATHS,Circles,LIMSY.PAULSON.(WB),2026,OFFLINE,BBN,,BATCH15,23-02-2025,15,13,2,COMPLETED,,,,,,,,
1099,MATHS,Circles,LIMSY.PAULSON.(WB),2026,OFFLINE,BBN,,BATCH15,23-02-2025,10,9,1,COMPLETED,,,,,,,,
1100,CHEMISTRY,Classification of Elements and Periodicity Periodicity in Properties,LIMSY.PAULSON.(WB),2026,OFFLINE,CAN,,BATCH15,23-02-2025,9,8,1,COMPLETED,,,,,,,,
1101,CHEMISTRY,Classification of Elements and Periodicity Periodicity in Properties,LIMSY.PAULSON.(WB),2026,OFFLINE,CAN,,BATCH15,23-02-2025,15,13,2,COMPLETED,,,,,,,,
1102,CHEMISTRY,Classification of Elements and Periodicity Periodicity in Properties,LIMSY.PAULSON.(WB),2026,OFFLINE,CAN,,BATCH15,23-02-2025,12,11,1,COMPLETED,,,,,,,,
1103,MATHS,Complex Numbers,LIMSY.PAULSON.(WB),2026,OFFLINE,CCL,,BATCH15,23-02-2025,14,12,2,COMPLETED,,,,,,,,
1104,MATHS,Complex Numbers,LIMSY.PAULSON.(WB),2026,OFFLINE,CCL,,BATCH15,23-02-2025,9,8,1,COMPLETED,,,,,,,,
1105,MATHS,Conic Section,LIMSY.PAULSON.(WB),2026,OFFLINE,CCY,,BATCH15,23-02-2025,19,15,4,COMPLETED,,,,,,,,
1106,MATHS,Conic Section,LIMSY.PAULSON.(WB),2026,OFFLINE,CCY,,BATCH15,23-02-2025,10,9,1,COMPLETED,,,,,,,,
1107,MATHS,Conic Section,LIMSY.PAULSON.(WB),2026,OFFLINE,CCY,,BATCH15,23-02-2025,15,13,2,COMPLETED,,,,,,,,
1108,MATHS,"Continuity, Differentiability and Derivatives",LIMSY.PAULSON.(WB),2026,OFFLINE,CCP,,BATCH15,23-02-2025,14,12,2,COMPLETED,,,,,,,,
1109,MATHS,"Continuity, Differentiability and Derivatives",LIMSY.PAULSON.(WB),2026,OFFLINE,CCP,,BATCH15,23-02-2025,9,8,1,COMPLETED,,,,,,,,
1110,CHEMISTRY,Coordination Compounds and Organometallics,LIMSY.PAULSON.(WB),2026,OFFLINE,ZDU,,BATCH15,23-02-2025,10,9,1,COMPLETED,,,,,,,,
1111,CHEMISTRY,Coordination Compounds and Organometallics,LIMSY.PAULSON.(WB),2026,OFFLINE,ZDU,,BATCH15,23-02-2025,14,12,2,COMPLETED,,,,,,,,
1112,PHYSICS,Current Electricity,LIMSY.PAULSON.(WB),2026,OFFLINE,MCK,,BATCH15,23-02-2025,12,11,1,COMPLETED,,,,,,,,
1113,PHYSICS,Current Electricity,LIMSY.PAULSON.(WB),2026,OFFLINE,MCK,,BATCH15,23-02-2025,14,12,2,COMPLETED,,,,,,,,
1114,MATHS,Differential Equations,LIMSY.PAULSON.(WB),2026,OFFLINE,PDC,,BATCH15,23-02-2025,14,12,2,COMPLETED,,,,,,,,
1115,MATHS,Differential Equations,LIMSY.PAULSON.(WB),2026,OFFLINE,PDC,,BATCH15,23-02-2025,14,12,2,COMPLETED,,,,,,,,
1116,PHYSICS,Dual Nature of Matter and Radiation,LIMSY.PAULSON.(WB),2026,OFFLINE,PDZ,,BATCH15,23-02-2025,7,7,0,COMPLETED,,,,,,,,
1117,PHYSICS,Dual Nature of Matter and Radiation,LIMSY.PAULSON.(WB),2026,OFFLINE,PDZ,,BATCH15,23-02-2025,14,12,2,COMPLETED,,,,,,,,
1118,BOTANY,Ecosystem,LIMSY.PAULSON.(WB),2026,OFFLINE,CBO,,BATCH15,23-02-2025,9,8,1,COMPLETED,,,,,,,,
1119,BOTANY,Ecosystem,LIMSY.PAULSON.(WB),2026,OFFLINE,CBO,,BATCH15,23-02-2025,9,8,1,COMPLETED,,,,,,,,
1120,CHEMISTRY,Electrochemistry,LIMSY.PAULSON.(WB),2026,OFFLINE,BDH,,BATCH15,23-02-2025,10,9,1,COMPLETED,,,,,,,,
1121,CHEMISTRY,Electrochemistry,LIMSY.PAULSON.(WB),2026,OFFLINE,BDH,,BATCH15,23-02-2025,24,18,6,COMPLETED,,,,,,,,
1122,PHYSICS,Electromagnetic Induction and Alternating Current,LIMSY.PAULSON.(WB),2026,OFFLINE,BCY,,BATCH15,23-02-2025,14,12,2,COMPLETED,,,,,,,,
1123,PHYSICS,Electromagnetic Induction and Alternating Current,LIMSY.PAULSON.(WB),2026,OFFLINE,BCY,,BATCH15,23-02-2025,21,17,4,COMPLETED,,,,,,,,
1124,PHYSICS,Electromagnetic Waves,LIMSY.PAULSON.(WB),2026,OFFLINE,CDM,,BATCH15,23-02-2025,5,5,0,COMPLETED,,,,,,,,
1125,PHYSICS,Electromagnetic Waves,LIMSY.PAULSON.(WB),2026,OFFLINE,CDM,,BATCH15,23-02-2025,15,13,2,COMPLETED,,,,,,,,
1126,PHYSICS,Electrostatics,LIMSY.PAULSON.(WB),2026,OFFLINE,CDU,,BATCH15,23-02-2025,17,14,3,COMPLETED,,,,,,,,
1127,PHYSICS,Electrostatics,LIMSY.PAULSON.(WB),2026,OFFLINE,CDU,,BATCH15,23-02-2025,12,11,1,COMPLETED,,,,,,,,
1128,PHYSICS,Electrostatics,LIMSY.PAULSON.(WB),2026,OFFLINE,CDU,,BATCH15,23-02-2025,9,8,1,COMPLETED,,,,,,,,
1129,ZOOLOGY,Excretory Products and Their Elimination,LIMSY.PAULSON.(WB),2026,OFFLINE,BBE,,BATCH15,23-02-2025,15,13,2,COMPLETED,,,,,,,,
1130,ZOOLOGY,Excretory Products and Their Elimination,LIMSY.PAULSON.(WB),2026,OFFLINE,BBE,,BATCH15,23-02-2025,17,14,3,COMPLETED,,,,,,,,
1131,PHYSICS,Gravitation,LIMSY.PAULSON.(WB),2026,OFFLINE,CDH,,BATCH15,23-02-2025,9,8,1,COMPLETED,,,,,,,,
1132,PHYSICS,Gravitation,LIMSY.PAULSON.(WB),2026,OFFLINE,CDH,,BATCH15,23-02-2025,19,15,4,COMPLETED,,,,,,,,
1133,CHEMISTRY,Halo Alkanes and Halo Arenes  Arenes,LIMSY.PAULSON.(WB),2026,OFFLINE,CBF,,BATCH15,23-02-2025,12,11,1,COMPLETED,,,,,,,,
1134,CHEMISTRY,Halo Alkanes and Halo Arenes  Arenes,LIMSY.PAULSON.(WB),2026,OFFLINE,CBF,,BATCH15,23-02-2025,17,14,3,COMPLETED,,,,,,,,
1135,CHEMISTRY,Halo Alkanes and Halo Arenes  Arenes,LIMSY.PAULSON.(WB),2026,OFFLINE,CBF,,BATCH15,23-02-2025,9,8,1,COMPLETED,,,,,,,,
1136,ZOOLOGY,Human Health and Disease,LIMSY.PAULSON.(WB),2026,OFFLINE,PCT,,BATCH15,23-02-2025,17,14,3,COMPLETED,,,,,,,,
1137,ZOOLOGY,Human Health and Disease,LIMSY.PAULSON.(WB),2026,OFFLINE,PCT,,BATCH15,23-02-2025,9,8,1,COMPLETED,,,,,,,,
1138,ZOOLOGY,Human Health and Disease,LIMSY.PAULSON.(WB),2026,OFFLINE,PCT,,BATCH15,23-02-2025,15,13,2,COMPLETED,,,,,,,,
1139,ZOOLOGY,Human Reproduction,LIMSY.PAULSON.(WB),2026,OFFLINE,PCG,,BATCH15,23-02-2025,21,17,4,COMPLETED,,,,,,,,
1140,ZOOLOGY,Human Reproduction,LIMSY.PAULSON.(WB),2026,OFFLINE,PCG,,BATCH15,23-02-2025,14,12,2,COMPLETED,,,,,,,,
1141,CHEMISTRY,Hydrocarbons,LIMSY.PAULSON.(WB),2026,OFFLINE,BAD,,BATCH15,23-02-2025,10,9,1,COMPLETED,,,,,,,,
1142,CHEMISTRY,Hydrocarbons,LIMSY.PAULSON.(WB),2026,OFFLINE,BAD,,BATCH15,23-02-2025,9,8,1,COMPLETED,,,,,,,,
1143,CHEMISTRY,Hydrocarbons,LIMSY.PAULSON.(WB),2026,OFFLINE,BAD,,BATCH15,23-02-2025,7,7,0,COMPLETED,,,,,,,,
1144,MATHS,Integration and its Applications,LIMSY.PAULSON.(WB),2026,OFFLINE,ZCP,,BATCH15,23-02-2025,29,21,8,COMPLETED,,,,,,,,
1145,MATHS,Integration and its Applications,LIMSY.PAULSON.(WB),2026,OFFLINE,ZCP,,BATCH15,23-02-2025,12,11,1,COMPLETED,,,,,,,,
1146,PHYSICS,Laws of Motion,LIMSY.PAULSON.(WB),2026,OFFLINE,ZCT,,BATCH15,23-02-2025,10,9,1,COMPLETED,,,,,,,,
1147,PHYSICS,Laws of Motion,LIMSY.PAULSON.(WB),2026,OFFLINE,ZCT,,BATCH15,23-02-2025,12,11,1,COMPLETED,,,,,,,,
1148,MATHS,Limits of Real Functions,LIMSY.PAULSON.(WB),2026,OFFLINE,BCB,,BATCH15,23-02-2025,10,9,1,COMPLETED,,,,,,,,
1149,MATHS,Limits of Real Functions,LIMSY.PAULSON.(WB),2026,OFFLINE,BCB,,BATCH15,23-02-2025,10,9,1,COMPLETED,,,,,,,,
1150,ZOOLOGY,Locomotion and Movement,LIMSY.PAULSON.(WB),2026,OFFLINE,PAN,,BATCH15,23-02-2025,19,15,4,COMPLETED,,,,,,,,
1151,ZOOLOGY,Locomotion and Movement,LIMSY.PAULSON.(WB),2026,OFFLINE,PAN,,BATCH15,23-02-2025,12,11,1,COMPLETED,,,,,,,,
1152,MATHS,Logarithm,LIMSY.PAULSON.(WB),2026,OFFLINE,PDQ,,BATCH15,23-02-2025,9,8,1,COMPLETED,,,,,,,,
1153,MATHS,Logarithm,LIMSY.PAULSON.(WB),2026,OFFLINE,PDQ,,BATCH15,23-02-2025,9,8,1,COMPLETED,,,,,,,,
1154,MATHS,Logarithm,LIMSY.PAULSON.(WB),2026,OFFLINE,PDQ,,BATCH15,23-02-2025,26,19,7,COMPLETED,,,,,,,,
1155,PHYSICS,Magnetism and Matter,LIMSY.PAULSON.(WB),2026,OFFLINE,CAI,,BATCH15,23-02-2025,9,8,1,COMPLETED,,,,,,,,
1156,PHYSICS,Magnetism and Matter,LIMSY.PAULSON.(WB),2026,OFFLINE,CAI,,BATCH15,23-02-2025,9,8,1,COMPLETED,,,,,,,,
1157,PHYSICS,Magnetism and Matter,LIMSY.PAULSON.(WB),2026,OFFLINE,CAI,,BATCH15,23-02-2025,10,9,1,COMPLETED,,,,,,,,
1158,ZOOLOGY,Microbes in Human Welfare,LIMSY.PAULSON.(WB),2026,OFFLINE,BBJ,,BATCH15,23-02-2025,15,13,2,COMPLETED,,,,,,,,
1159,ZOOLOGY,Microbes in Human Welfare,LIMSY.PAULSON.(WB),2026,OFFLINE,BBJ,,BATCH15,23-02-2025,10,9,1,COMPLETED,,,,,,,,
1160,ZOOLOGY,Molecular Basis of Inheritance,LIMSY.PAULSON.(WB),2026,OFFLINE,MAV,,BATCH15,23-02-2025,17,14,3,COMPLETED,,,,,,,,
1161,ZOOLOGY,Molecular Basis of Inheritance,LIMSY.PAULSON.(WB),2026,OFFLINE,MAV,,BATCH15,23-02-2025,7,7,0,COMPLETED,,,,,,,,
1162,PHYSICS,Motion in a Plane,LIMSY.PAULSON.(WB),2026,OFFLINE,MCF,,BATCH15,23-02-2025,9,8,1,COMPLETED,,,,,,,,
1163,PHYSICS,Motion in a Plane,LIMSY.PAULSON.(WB),2026,OFFLINE,MCF,,BATCH15,23-02-2025,14,12,2,COMPLETED,,,,,,,,
1164,PHYSICS,Motion in a Plane,LIMSY.PAULSON.(WB),2026,OFFLINE,MCF,,BATCH15,23-02-2025,14,12,2,COMPLETED,,,,,,,,
1165,PHYSICS,Moving Charges and Magnetism,LIMSY.PAULSON.(WB),2026,OFFLINE,ZCY,,BATCH15,23-02-2025,12,11,1,COMPLETED,,,,,,,,
1166,PHYSICS,Moving Charges and Magnetism,LIMSY.PAULSON.(WB),2026,OFFLINE,ZCY,,BATCH15,23-02-2025,9,8,1,COMPLETED,,,,,,,,
1167,CHEMISTRY,Organic Chemistry–Some Basic Principles–Part I I (Nomenclature),LIMSY.PAULSON.(WB),2026,OFFLINE,BDP,,BATCH15,23-02-2025,10,9,1,COMPLETED,,,,,,,,
1168,CHEMISTRY,Organic Chemistry–Some Basic Principles–Part I I (Nomenclature),LIMSY.PAULSON.(WB),2026,OFFLINE,BDP,,BATCH15,23-02-2025,24,18,6,COMPLETED,,,,,,,,
1169,CHEMISTRY,Organic Chemistry–Some Basic Principles–Part I I (Nomenclature),LIMSY.PAULSON.(WB),2026,OFFLINE,BDP,,BATCH15,23-02-2025,7,7,0,COMPLETED,,,,,,,,
1170,CHEMISTRY,Organic Chemistry–Some Basic Principles–Part II II (Reaction Mechanism),LIMSY.PAULSON.(WB),2026,OFFLINE,ZAD,,BATCH15,23-02-2025,10,9,1,COMPLETED,,,,,,,,
1171,CHEMISTRY,Organic Chemistry–Some Basic Principles–Part II II (Reaction Mechanism),LIMSY.PAULSON.(WB),2026,OFFLINE,ZAD,,BATCH15,23-02-2025,17,14,3,COMPLETED,,,,,,,,
1172,BOTANY,Organism and Population,LIMSY.PAULSON.(WB),2026,OFFLINE,BBA,,BATCH15,23-02-2025,14,12,2,COMPLETED,,,,,,,,
1173,BOTANY,Organism and Population,LIMSY.PAULSON.(WB),2026,OFFLINE,BBA,,BATCH15,23-02-2025,9,8,1,COMPLETED,,,,,,,,
1174,BOTANY,Organism and Population,LIMSY.PAULSON.(WB),2026,OFFLINE,BBA,,BATCH15,23-02-2025,12,11,1,COMPLETED,,,,,,,,
1175,PHYSICS,Oscillations,LIMSY.PAULSON.(WB),2026,OFFLINE,PAI,,BATCH15,23-02-2025,9,8,1,COMPLETED,,,,,,,,
1176,PHYSICS,Oscillations,LIMSY.PAULSON.(WB),2026,OFFLINE,PAI,,BATCH15,23-02-2025,17,14,3,COMPLETED,,,,,,,,
1177,BOTANY,Photosynthesis in Higher Plants,LIMSY.PAULSON.(WB),2026,OFFLINE,MDY,,BATCH15,23-02-2025,19,15,4,COMPLETED,,,,,,,,
1178,BOTANY,Photosynthesis in Higher Plants,LIMSY.PAULSON.(WB),2026,OFFLINE,MDY,,BATCH15,23-02-2025,15,13,2,COMPLETED,,,,,,,,
1179,BOTANY,Photosynthesis in Higher Plants,LIMSY.PAULSON.(WB),2026,OFFLINE,MDY,,BATCH15,23-02-2025,12,11,1,COMPLETED,,,,,,,,
1180,PHYSICS,"Physical World, Units and Measurements",LIMSY.PAULSON.(WB),2026,OFFLINE,BCF,,BATCH15,23-02-2025,9,8,1,COMPLETED,,,,,,,,
1181,PHYSICS,"Physical World, Units and Measurements",LIMSY.PAULSON.(WB),2026,OFFLINE,BCF,,BATCH15,23-02-2025,12,11,1,COMPLETED,,,,,,,,
1182,BOTANY,Plant Kingdom,LIMSY.PAULSON.(WB),2026,OFFLINE,MDK,,BATCH15,23-02-2025,12,11,1,COMPLETED,,,,,,,,
1183,BOTANY,Plant Kingdom,LIMSY.PAULSON.(WB),2026,OFFLINE,MDK,,BATCH15,23-02-2025,10,9,1,COMPLETED,,,,,,,,
1184,ZOOLOGY,Principles of Inheritance and Variation,LIMSY.PAULSON.(WB),2026,OFFLINE,CCG,,BATCH15,23-02-2025,14,12,2,COMPLETED,,,,,,,,
1185,ZOOLOGY,Principles of Inheritance and Variation,LIMSY.PAULSON.(WB),2026,OFFLINE,CCG,,BATCH15,23-02-2025,12,11,1,COMPLETED,,,,,,,,
1186,ZOOLOGY,Principles of Inheritance and Variation,LIMSY.PAULSON.(WB),2026,OFFLINE,CCG,,BATCH15,23-02-2025,14,12,2,COMPLETED,,,,,,,,
1187,MATHS,Quadratic Equation,LIMSY.PAULSON.(WB),2026,OFFLINE,BBW,,BATCH15,23-02-2025,21,17,4,COMPLETED,,,,,,,,
1188,MATHS,Quadratic Equation,LIMSY.PAULSON.(WB),2026,OFFLINE,BBW,,BATCH15,23-02-2025,9,8,1,COMPLETED,,,,,,,,
1189,MATHS,Quadratic Equation,LIMSY.PAULSON.(WB),2026,OFFLINE,BBW,,BATCH15,23-02-2025,21,17,4,COMPLETED,,,,,,,,
1190,BOTANY,Respiration in Plants,LIMSY.PAULSON.(WB),2026,OFFLINE,BAM,,BATCH15,23-02-2025,14,12,2,COMPLETED,,,,,,,,
1191,BOTANY,Respiration in Plants,LIMSY.PAULSON.(WB),2026,OFFLINE,BAM,,BATCH15,23-02-2025,17,14,3,COMPLETED,,,,,,,,
1192,PHYSICS,Semiconductor Electronics,LIMSY.PAULSON.(WB),2026,OFFLINE,CDZ,,BATCH15,23-02-2025,10,9,1,COMPLETED,,,,,,,,
1193,PHYSICS,Semiconductor Electronics,LIMSY.PAULSON.(WB),2026,OFFLINE,CDZ,,BATCH15,23-02-2025,14,12,2,COMPLETED,,,,,,,,
1194,MATHS,Sequences and Series,LIMSY.PAULSON.(WB),2026,OFFLINE,ZCK,,BATCH15,23-02-2025,14,12,2,COMPLETED,,,,,,,,
1195,MATHS,Sequences and Series,LIMSY.PAULSON.(WB),2026,OFFLINE,ZCK,,BATCH15,23-02-2025,9,8,1,COMPLETED,,,,,,,,
1196,MATHS,Sequences and Series,LIMSY.PAULSON.(WB),2026,OFFLINE,ZCK,,BATCH15,23-02-2025,17,14,3,COMPLETED,,,,,,,,
1197,MATHS,"Sets, Relations and  Functions",LIMSY.PAULSON.(WB),2026,OFFLINE,MBI,,BATCH15,23-02-2025,31,21,10,COMPLETED,,,,,,,,
1198,MATHS,"Sets, Relations and  Functions",LIMSY.PAULSON.(WB),2026,OFFLINE,MBI,,BATCH15,23-02-2025,12,11,1,COMPLETED,,,,,,,,
1199,MATHS,"Sets, Relations and  Functions",LIMSY.PAULSON.(WB),2026,OFFLINE,MBI,,BATCH15,23-02-2025,19,15,4,COMPLETED,,,,,,,,
1200,BOTANY,Sexual reproduction in Flowering Plants,LIMSY.PAULSON.(WB),2026,OFFLINE,MAM,,BATCH15,23-02-2025,17,14,3,COMPLETED,,,,,,,,
1201,BOTANY,Sexual reproduction in Flowering Plants,LIMSY.PAULSON.(WB),2026,OFFLINE,MAM,,BATCH15,23-02-2025,7,7,0,COMPLETED,,,,,,,,
1202,BOTANY,Sexual reproduction in Flowering Plants,LIMSY.PAULSON.(WB),2026,OFFLINE,MAM,,BATCH15,23-02-2025,10,9,1,COMPLETED,,,,,,,,
1203,CHEMISTRY,Solutions,LIMSY.PAULSON.(WB),2026,OFFLINE,CAR,,BATCH15,23-02-2025,7,7,0,COMPLETED,,,,,,,,
1204,CHEMISTRY,Solutions,LIMSY.PAULSON.(WB),2026,OFFLINE,CAR,,BATCH15,23-02-2025,31,21,10,COMPLETED,,,,,,,,
1205,CHEMISTRY,Some Basic Concepts of Chemistry,LIMSY.PAULSON.(WB),2026,OFFLINE,MCO,,BATCH15,23-02-2025,7,7,0,COMPLETED,,,,,,,,
1206,CHEMISTRY,Some Basic Concepts of Chemistry,LIMSY.PAULSON.(WB),2026,OFFLINE,MCO,,BATCH15,23-02-2025,15,13,2,COMPLETED,,,,,,,,
1207,MATHS,Statistics,LIMSY.PAULSON.(WB),2026,OFFLINE,MBN,,BATCH15,23-02-2025,12,11,1,COMPLETED,,,,,,,,
1208,MATHS,Statistics,LIMSY.PAULSON.(WB),2026,OFFLINE,MBN,,BATCH15,23-02-2025,10,9,1,COMPLETED,,,,,,,,
1209,MATHS,Straight Lines,LIMSY.PAULSON.(WB),2026,OFFLINE,PCY,,BATCH15,23-02-2025,14,12,2,COMPLETED,,,,,,,,
1210,MATHS,Straight Lines,LIMSY.PAULSON.(WB),2026,OFFLINE,PCY,,BATCH15,23-02-2025,10,9,1,COMPLETED,,,,,,,,
1211,ZOOLOGY,Structural organisation in Animals Animal Tissue,LIMSY.PAULSON.(WB),2026,OFFLINE,PBF,,BATCH15,23-02-2025,14,12,2,COMPLETED,,,,,,,,
1212,ZOOLOGY,Structural organisation in Animals Animal Tissue,LIMSY.PAULSON.(WB),2026,OFFLINE,PBF,,BATCH15,23-02-2025,9,8,1,COMPLETED,,,,,,,,
1213,ZOOLOGY,Structural organisation in Animals Morphology of Animals,LIMSY.PAULSON.(WB),2026,OFFLINE,CCC,,BATCH15,23-02-2025,21,17,4,COMPLETED,,,,,,,,
1214,ZOOLOGY,Structural organisation in Animals Morphology of Animals,LIMSY.PAULSON.(WB),2026,OFFLINE,CCC,,BATCH15,23-02-2025,12,11,1,COMPLETED,,,,,,,,
1215,ZOOLOGY,Structural organisation in Animals Morphology of Animals,LIMSY.PAULSON.(WB),2026,OFFLINE,CCC,,BATCH15,23-02-2025,14,12,2,COMPLETED,,,,,,,,
1216,PHYSICS,System of Particles and Rigid Body Rotation,LIMSY.PAULSON.(WB),2026,OFFLINE,BCT,,BATCH15,23-02-2025,10,9,1,COMPLETED,,,,,,,,
1217,PHYSICS,System of Particles and Rigid Body Rotation,LIMSY.PAULSON.(WB),2026,OFFLINE,BCT,,BATCH15,23-02-2025,17,14,3,COMPLETED,,,,,,,,
1218,PHYSICS,System of Particles and Rigid Body Rotation,LIMSY.PAULSON.(WB),2026,OFFLINE,BCT,,BATCH15,23-02-2025,14,12,2,COMPLETED,,,,,,,,
1219,CHEMISTRY,The d and f Block Block Elements,LIMSY.PAULSON.(WB),2026,OFFLINE,MDF,,BATCH15,23-02-2025,9,8,1,COMPLETED,,,,,,,,
1220,CHEMISTRY,The d and f Block Block Elements,LIMSY.PAULSON.(WB),2026,OFFLINE,MDF,,BATCH15,23-02-2025,21,17,4,COMPLETED,,,,,,,,
1221,MATHS,Theory of Probability,LIMSY.PAULSON.(WB),2026,OFFLINE,MBR,,BATCH15,23-02-2025,14,12,2,COMPLETED,,,,,,,,
1222,MATHS,Theory of Probability,LIMSY.PAULSON.(WB),2026,OFFLINE,MBR,,BATCH15,23-02-2025,15,13,2,COMPLETED,,,,,,,,
1223,PHYSICS,"Thermal Properties of Matter, Thermodynamics and Kinetic Theory",LIMSY.PAULSON.(WB),2026,OFFLINE,ZDH,,BATCH15,23-02-2025,10,9,1,COMPLETED,,,,,,,,
1224,PHYSICS,"Thermal Properties of Matter, Thermodynamics and Kinetic Theory",LIMSY.PAULSON.(WB),2026,OFFLINE,ZDH,,BATCH15,23-02-2025,10,9,1,COMPLETED,,,,,,,,
1225,PHYSICS,"Thermal Properties of Matter, Thermodynamics and Kinetic Theory",LIMSY.PAULSON.(WB),2026,OFFLINE,ZDH,,BATCH15,23-02-2025,14,12,2,COMPLETED,,,,,,,,
1226,CHEMISTRY,Thermodynamics and Chemical Energetics,LIMSY.PAULSON.(WB),2026,OFFLINE,MDC,,BATCH15,23-02-2025,9,8,1,COMPLETED,,,,,,,,
1227,CHEMISTRY,Thermodynamics and Chemical Energetics,LIMSY.PAULSON.(WB),2026,OFFLINE,MDC,,BATCH15,23-02-2025,15,13,2,COMPLETED,,,,,,,,
1228,CHEMISTRY,Thermodynamics and Chemical Energetics,LIMSY.PAULSON.(WB),2026,OFFLINE,MDC,,BATCH15,23-02-2025,5,5,0,COMPLETED,,,,,,,,
1229,MATHS,Three Dimensional Geometry,LIMSY.PAULSON.(WB),2026,OFFLINE,CDD,,BATCH15,23-02-2025,17,14,3,COMPLETED,,,,,,,,
1230,MATHS,Three Dimensional Geometry,LIMSY.PAULSON.(WB),2026,OFFLINE,CDD,,BATCH15,23-02-2025,10,9,1,COMPLETED,,,,,,,,
1231,MATHS,Three Dimensional Geometry,LIMSY.PAULSON.(WB),2026,OFFLINE,CDD,,BATCH15,23-02-2025,15,13,2,COMPLETED,,,,,,,,
1232,MATHS,Trigonometry I,LIMSY.PAULSON.(WB),2026,OFFLINE,ZBX,,BATCH15,23-02-2025,24,18,6,COMPLETED,,,,,,,,
1233,MATHS,Trigonometry I,LIMSY.PAULSON.(WB),2026,OFFLINE,ZBX,,BATCH15,23-02-2025,9,8,1,COMPLETED,,,,,,,,
1234,MATHS,Trigonometry II,LIMSY.PAULSON.(WB),2026,OFFLINE,ZCB,,BATCH15,23-02-2025,26,19,7,COMPLETED,,,,,,,,
1235,MATHS,Trigonometry II,LIMSY.PAULSON.(WB),2026,OFFLINE,ZCB,,BATCH15,23-02-2025,7,7,0,COMPLETED,,,,,,,,
1236,PHYSICS,Wave Optics,LIMSY.PAULSON.(WB),2026,OFFLINE,ZDM,,BATCH15,23-02-2025,7,7,0,COMPLETED,,,,,,,,
1237,PHYSICS,Wave Optics,LIMSY.PAULSON.(WB),2026,OFFLINE,ZDM,,BATCH15,23-02-2025,21,17,4,COMPLETED,,,,,,,,
1238,PHYSICS,Waves,LIMSY.PAULSON.(WB),2026,OFFLINE,BCK,,BATCH15,23-02-2025,9,8,1,COMPLETED,,,,,,,,
1239,PHYSICS,Waves,LIMSY.PAULSON.(WB),2026,OFFLINE,BCK,,BATCH15,23-02-2025,14,12,2,COMPLETED,,,,,,,,
1240,CHEMISTRY,"Alcohols, Phenols and Ethers",SRUTHI.(WB),2026,OFFLINE,CBG,,BATCH16,23-02-2025,14,12,2,COMPLETED,,,,,,,,
1241,CHEMISTRY,"Alcohols, Phenols and Ethers",SRUTHI.(WB),2026,OFFLINE,CBG,,BATCH16,23-02-2025,14,12,2,COMPLETED,,,,,,,,
1242,CHEMISTRY,"Alcohols, Phenols and Ethers",SRUTHI.(WB),2026,OFFLINE,CBG,,BATCH16,23-02-2025,9,8,1,COMPLETED,,,,,,,,
1243,CHEMISTRY,Aldehydes and Ketones,SRUTHI.(WB),2026,OFFLINE,BDU,,BATCH16,23-02-2025,12,11,1,COMPLETED,,,,,,,,
1244,CHEMISTRY,Aldehydes and Ketones,SRUTHI.(WB),2026,OFFLINE,BDU,,BATCH16,23-02-2025,14,12,2,COMPLETED,,,,,,,,
1245,ZOOLOGY,Animal Kingdom Phylum Chordata,SRUTHI.(WB),2026,OFFLINE,PAX,,BATCH16,23-02-2025,15,13,2,COMPLETED,,,,,,,,
1246,ZOOLOGY,Animal Kingdom Phylum Chordata,SRUTHI.(WB),2026,OFFLINE,PAX,,BATCH16,23-02-2025,10,9,1,COMPLETED,,,,,,,,
1247,ZOOLOGY,Animal Kingdom Phylum Chordata,SRUTHI.(WB),2026,OFFLINE,PAX,,BATCH16,23-02-2025,17,14,3,COMPLETED,,,,,,,,
1248,MATHS,Applications of Differentiation,SRUTHI.(WB),2026,OFFLINE,CCQ,,BATCH16,23-02-2025,12,11,1,COMPLETED,,,,,,,,
1249,MATHS,Applications of Differentiation,SRUTHI.(WB),2026,OFFLINE,CCQ,,BATCH16,23-02-2025,10,9,1,COMPLETED,,,,,,,,
1250,PHYSICS,Atoms and Nuclei,SRUTHI.(WB),2026,OFFLINE,CAA,,BATCH16,23-02-2025,9,8,1,COMPLETED,,,,,,,,
1251,PHYSICS,Atoms and Nuclei,SRUTHI.(WB),2026,OFFLINE,CAA,,BATCH16,23-02-2025,15,13,2,COMPLETED,,,,,,,,
1252,ZOOLOGY,Biodiversity and Conservation,SRUTHI.(WB),2026,OFFLINE,BBK,,BATCH16,23-02-2025,9,8,1,COMPLETED,,,,,,,,
1253,ZOOLOGY,Biodiversity and Conservation,SRUTHI.(WB),2026,OFFLINE,BBK,,BATCH16,23-02-2025,7,7,0,COMPLETED,,,,,,,,
1254,ZOOLOGY,Biomolecules,SRUTHI.(WB),2026,OFFLINE,PAO,,BATCH16,23-02-2025,14,12,2,COMPLETED,,,,,,,,
1255,CHEMISTRY,Biomolecules,SRUTHI.(WB),2026,OFFLINE,BAI,,BATCH16,23-02-2025,10,9,1,COMPLETED,,,,,,,,
1256,ZOOLOGY,Biomolecules,SRUTHI.(WB),2026,OFFLINE,PAO,,BATCH16,23-02-2025,10,9,1,COMPLETED,,,,,,,,
1257,CHEMISTRY,Biomolecules,SRUTHI.(WB),2026,OFFLINE,BAI,,BATCH16,23-02-2025,12,11,1,COMPLETED,,,,,,,,
1258,ZOOLOGY,Biomolecules,SRUTHI.(WB),2026,OFFLINE,PAO,,BATCH16,23-02-2025,10,9,1,COMPLETED,,,,,,,,
1259,BOTANY,Biotechnology : Principles and processes,SRUTHI.(WB),2026,OFFLINE,PBP,,BATCH16,23-02-2025,14,12,2,COMPLETED,,,,,,,,
1260,BOTANY,Biotechnology : Principles and processes,SRUTHI.(WB),2026,OFFLINE,PBP,,BATCH16,23-02-2025,9,8,1,COMPLETED,,,,,,,,
1261,BOTANY,Biotechnology : Principles and processes,SRUTHI.(WB),2026,OFFLINE,PBP,,BATCH16,23-02-2025,9,8,1,COMPLETED,,,,,,,,
1262,BOTANY,Biotechnology and its Applications,SRUTHI.(WB),2026,OFFLINE,ZBB,,BATCH16,23-02-2025,12,11,1,COMPLETED,,,,,,,,
1263,BOTANY,Biotechnology and its Applications,SRUTHI.(WB),2026,OFFLINE,ZBB,,BATCH16,23-02-2025,9,8,1,COMPLETED,,,,,,,,
1264,ZOOLOGY,Body Fluids and Circulation,SRUTHI.(WB),2026,OFFLINE,ZBF,,BATCH16,23-02-2025,14,12,2,COMPLETED,,,,,,,,
1265,ZOOLOGY,Body Fluids and Circulation,SRUTHI.(WB),2026,OFFLINE,ZBF,,BATCH16,23-02-2025,9,8,1,COMPLETED,,,,,,,,
1266,ZOOLOGY,Breathing and Exchange of Gases,SRUTHI.(WB),2026,OFFLINE,APR,,BATCH16,23-02-2025,15,13,2,COMPLETED,,,,,,,,
1267,ZOOLOGY,Breathing and Exchange of Gases,SRUTHI.(WB),2026,OFFLINE,MAY,,BATCH16,23-02-2025,9,8,1,COMPLETED,,,,,,,,
1268,CHEMISTRY,Carboxylic Acids and It's Derivatives  Derivatives,SRUTHI.(WB),2026,OFFLINE,ZAJ,,BATCH16,23-02-2025,10,9,1,COMPLETED,,,,,,,,
1269,CHEMISTRY,Carboxylic Acids and It's Derivatives  Derivatives,SRUTHI.(WB),2026,OFFLINE,ZAJ,,BATCH16,23-02-2025,15,13,2,COMPLETED,,,,,,,,
1270,BOTANY,Cell : The unit of life,SRUTHI.(WB),2026,OFFLINE,CBK,,BATCH16,23-02-2025,14,12,2,COMPLETED,,,,,,,,
1271,BOTANY,Cell : The unit of life,SRUTHI.(WB),2026,OFFLINE,CBK,,BATCH16,23-02-2025,29,21,8,COMPLETED,,,,,,,,
1272,BOTANY,Cell : The unit of life,SRUTHI.(WB),2026,OFFLINE,CBK,,BATCH16,23-02-2025,12,11,1,COMPLETED,,,,,,,,
1273,BOTANY,Cell Cycle and Cell Division,SRUTHI.(WB),2026,OFFLINE,BDZ,,BATCH16,23-02-2025,17,14,3,COMPLETED,,,,,,,,
1274,BOTANY,Cell Cycle and Cell Division,SRUTHI.(WB),2026,OFFLINE,BDZ,,BATCH16,23-02-2025,14,12,2,COMPLETED,,,,,,,,
1275,CHEMISTRY,Chemical and Ionic Equilibrium,SRUTHI.(WB),2026,OFFLINE,MDD,,BATCH16,23-02-2025,9,8,1,COMPLETED,,,,,,,,
1276,CHEMISTRY,Chemical and Ionic Equilibrium,SRUTHI.(WB),2026,OFFLINE,MDD,,BATCH16,23-02-2025,14,12,2,COMPLETED,,,,,,,,
1277,CHEMISTRY,Chemical and Ionic Equilibrium,SRUTHI.(WB),2026,OFFLINE,MDD,,BATCH16,23-02-2025,12,11,1,COMPLETED,,,,,,,,
1278,CHEMISTRY,Chemical Bonding and Molecular Structure  Structure,SRUTHI.(WB),2026,OFFLINE,CAO,,BATCH16,23-02-2025,9,8,1,COMPLETED,,,,,,,,
1279,CHEMISTRY,Chemical Bonding and Molecular Structure  Structure,SRUTHI.(WB),2026,OFFLINE,CAO,,BATCH16,23-02-2025,12,11,1,COMPLETED,,,,,,,,
1280,CHEMISTRY,Chemical Bonding and Molecular Structure  Structure,SRUTHI.(WB),2026,OFFLINE,CAO,,BATCH16,23-02-2025,9,8,1,COMPLETED,,,,,,,,
1281,CHEMISTRY,Chemical Kinetics,SRUTHI.(WB),2026,OFFLINE,BDI,,BATCH16,23-02-2025,10,9,1,COMPLETED,,,,,,,,
1282,CHEMISTRY,Chemical Kinetics,SRUTHI.(WB),2026,OFFLINE,BDI,,BATCH16,23-02-2025,7,7,0,COMPLETED,,,,,,,,
1283,MATHS,Circles,SRUTHI.(WB),2026,OFFLINE,PCZ,,BATCH16,23-02-2025,15,13,2,COMPLETED,,,,,,,,
1284,MATHS,Circles,SRUTHI.(WB),2026,OFFLINE,PCZ,,BATCH16,23-02-2025,10,9,1,COMPLETED,,,,,,,,
1285,MATHS,Complex Numbers,SRUTHI.(WB),2026,OFFLINE,BBX,,BATCH16,23-02-2025,14,12,2,COMPLETED,,,,,,,,
1286,MATHS,Complex Numbers,SRUTHI.(WB),2026,OFFLINE,BBX,,BATCH16,23-02-2025,9,8,1,COMPLETED,,,,,,,,
1287,MATHS,Complex Numbers,SRUTHI.(WB),2026,OFFLINE,BBX,,BATCH16,23-02-2025,15,13,2,COMPLETED,,,,,,,,
1288,MATHS,Conic Section,SRUTHI.(WB),2026,OFFLINE,BBO,,BATCH16,23-02-2025,19,15,4,COMPLETED,,,,,,,,
1289,MATHS,Conic Section,SRUTHI.(WB),2026,OFFLINE,BBO,,BATCH16,23-02-2025,10,9,1,COMPLETED,,,,,,,,
1290,MATHS,"Continuity, Differentiability and Derivatives",SRUTHI.(WB),2026,OFFLINE,BCC,,BATCH16,23-02-2025,14,12,2,COMPLETED,,,,,,,,
1291,MATHS,"Continuity, Differentiability and Derivatives",SRUTHI.(WB),2026,OFFLINE,BCC,,BATCH16,23-02-2025,9,8,1,COMPLETED,,,,,,,,
1292,CHEMISTRY,Coordination Compounds and Organometallics,SRUTHI.(WB),2026,OFFLINE,MDG,,BATCH16,23-02-2025,10,9,1,COMPLETED,,,,,,,,
1293,CHEMISTRY,Coordination Compounds and Organometallics,SRUTHI.(WB),2026,OFFLINE,MDG,,BATCH16,23-02-2025,14,12,2,COMPLETED,,,,,,,,
1294,PHYSICS,Current Electricity,SRUTHI.(WB),2026,OFFLINE,CDV,,BATCH16,23-02-2025,12,11,1,COMPLETED,,,,,,,,
1295,PHYSICS,Current Electricity,SRUTHI.(WB),2026,OFFLINE,CDV,,BATCH16,23-02-2025,14,12,2,COMPLETED,,,,,,,,
1296,PHYSICS,Current Electricity,SRUTHI.(WB),2026,OFFLINE,CDV,,BATCH16,23-02-2025,9,8,1,COMPLETED,,,,,,,,
1297,MATHS,Differential Equations,SRUTHI.(WB),2026,OFFLINE,ZCQ,,BATCH16,23-02-2025,14,12,2,COMPLETED,,,,,,,,
1298,MATHS,Differential Equations,SRUTHI.(WB),2026,OFFLINE,ZCQ,,BATCH16,23-02-2025,14,12,2,COMPLETED,,,,,,,,
1299,PHYSICS,Dual Nature of Matter and Radiation,SRUTHI.(WB),2026,OFFLINE,PBC,,BATCH16,23-02-2025,7,7,0,COMPLETED,,,,,,,,
1300,PHYSICS,Dual Nature of Matter and Radiation,SRUTHI.(WB),2026,OFFLINE,PBC,,BATCH16,23-02-2025,14,12,2,COMPLETED,,,,,,,,
1301,BOTANY,Ecosystem,SRUTHI.(WB),2026,OFFLINE,PBG,,BATCH16,23-02-2025,9,8,1,COMPLETED,,,,,,,,
1302,BOTANY,Ecosystem,SRUTHI.(WB),2026,OFFLINE,PBG,,BATCH16,23-02-2025,9,8,1,COMPLETED,,,,,,,,
1303,BOTANY,Ecosystem,SRUTHI.(WB),2026,OFFLINE,PBG,,BATCH16,23-02-2025,14,12,2,COMPLETED,,,,,,,,
1304,CHEMISTRY,Electrochemistry,SRUTHI.(WB),2026,OFFLINE,CAS,,BATCH16,23-02-2025,10,9,1,COMPLETED,,,,,,,,
1305,CHEMISTRY,Electrochemistry,SRUTHI.(WB),2026,OFFLINE,CAS,,BATCH16,23-02-2025,24,18,6,COMPLETED,,,,,,,,
1306,PHYSICS,Electromagnetic Induction and Alternating Current,SRUTHI.(WB),2026,OFFLINE,CAJ,,BATCH16,23-02-2025,14,12,2,COMPLETED,,,,,,,,
1307,PHYSICS,Electromagnetic Induction and Alternating Current,SRUTHI.(WB),2026,OFFLINE,CAJ,,BATCH16,23-02-2025,21,17,4,COMPLETED,,,,,,,,
1308,PHYSICS,Electromagnetic Induction and Alternating Current,SRUTHI.(WB),2026,OFFLINE,CAJ,,BATCH16,23-02-2025,9,8,1,COMPLETED,,,,,,,,
1309,PHYSICS,Electromagnetic Waves,SRUTHI.(WB),2026,OFFLINE,PBL,,BATCH16,23-02-2025,5,5,0,COMPLETED,,,,,,,,
1310,PHYSICS,Electromagnetic Waves,SRUTHI.(WB),2026,OFFLINE,PBL,,BATCH16,23-02-2025,15,13,2,COMPLETED,,,,,,,,
1311,PHYSICS,Electrostatics,SRUTHI.(WB),2026,OFFLINE,BCL,,BATCH16,23-02-2025,17,14,3,COMPLETED,,,,,,,,
1312,PHYSICS,Electrostatics,SRUTHI.(WB),2026,OFFLINE,BCL,,BATCH16,23-02-2025,12,11,1,COMPLETED,,,,,,,,
1313,ZOOLOGY,Evolution,SRUTHI.(WB),2026,OFFLINE,MAW,,BATCH16,23-02-2025,24,18,6,COMPLETED,,,,,,,,
1314,ZOOLOGY,Evolution,SRUTHI.(WB),2026,OFFLINE,MAW,,BATCH16,23-02-2025,7,7,0,COMPLETED,,,,,,,,
1315,PHYSICS,Gravitation,SRUTHI.(WB),2026,OFFLINE,BCU,,BATCH16,23-02-2025,9,8,1,COMPLETED,,,,,,,,
1316,PHYSICS,Gravitation,SRUTHI.(WB),2026,OFFLINE,BCU,,BATCH16,23-02-2025,19,15,4,COMPLETED,,,,,,,,
1317,PHYSICS,Gravitation,SRUTHI.(WB),2026,OFFLINE,BCU,,BATCH16,23-02-2025,15,13,2,COMPLETED,,,,,,,,
1318,CHEMISTRY,Halo Alkanes and Halo Arenes  Arenes,SRUTHI.(WB),2026,OFFLINE,ZDV,,BATCH16,23-02-2025,12,11,1,COMPLETED,,,,,,,,
1319,CHEMISTRY,Halo Alkanes and Halo Arenes  Arenes,SRUTHI.(WB),2026,OFFLINE,ZDV,,BATCH16,23-02-2025,17,14,3,COMPLETED,,,,,,,,
1320,ZOOLOGY,Human Reproduction,SRUTHI.(WB),2026,OFFLINE,ZBT,,BATCH16,23-02-2025,21,17,4,COMPLETED,,,,,,,,
1321,ZOOLOGY,Human Reproduction,SRUTHI.(WB),2026,OFFLINE,ZBT,,BATCH16,23-02-2025,14,12,2,COMPLETED,,,,,,,,
1322,PHYSICS,Laws of Motion,SRUTHI.(WB),2026,OFFLINE,MCG,,BATCH16,23-02-2025,10,9,1,COMPLETED,,,,,,,,
1323,PHYSICS,Laws of Motion,SRUTHI.(WB),2026,OFFLINE,MCG,,BATCH16,23-02-2025,12,11,1,COMPLETED,,,,,,,,
1324,PHYSICS,Laws of Motion,SRUTHI.(WB),2026,OFFLINE,MCG,,BATCH16,23-02-2025,12,11,1,COMPLETED,,,,,,,,
1325,MATHS,Linear Inequations and Inequalities,SRUTHI.(WB),2026,OFFLINE,ZBY,,BATCH16,23-02-2025,7,7,0,COMPLETED,,,,,,,,
1326,MATHS,Linear Inequations and Inequalities,SRUTHI.(WB),2026,OFFLINE,ZBY,,BATCH16,23-02-2025,9,8,1,COMPLETED,,,,,,,,
1327,MATHS,Linear Programming,SRUTHI.(WB),2026,OFFLINE,MBS,,BATCH16,23-02-2025,7,7,0,COMPLETED,,,,,,,,
1328,MATHS,Linear Programming,SRUTHI.(WB),2026,OFFLINE,MBS,,BATCH16,23-02-2025,10,9,1,COMPLETED,,,,,,,,
1329,ZOOLOGY,Locomotion and Movement,SRUTHI.(WB),2026,OFFLINE,BBF,,BATCH16,23-02-2025,19,15,4,COMPLETED,,,,,,,,
1330,ZOOLOGY,Locomotion and Movement,SRUTHI.(WB),2026,OFFLINE,BBF,,BATCH16,23-02-2025,12,11,1,COMPLETED,,,,,,,,
1331,PHYSICS,Magnetism and Matter,SRUTHI.(WB),2026,OFFLINE,ZCZ,,BATCH16,23-02-2025,9,8,1,COMPLETED,,,,,,,,
1332,PHYSICS,Magnetism and Matter,SRUTHI.(WB),2026,OFFLINE,ZCZ,,BATCH16,23-02-2025,9,8,1,COMPLETED,,,,,,,,
1333,MATHS,Matrices and Determinants,SRUTHI.(WB),2026,OFFLINE,ZCC,,BATCH16,23-02-2025,21,17,4,COMPLETED,,,,,,,,
1334,MATHS,Matrices and Determinants,SRUTHI.(WB),2026,OFFLINE,ZCC,,BATCH16,23-02-2025,10,9,1,COMPLETED,,,,,,,,
1335,PHYSICS,Mechanical Properties of Solids & Fluids,SRUTHI.(WB),2026,OFFLINE,CDI,,BATCH16,23-02-2025,12,11,1,COMPLETED,,,,,,,,
1336,PHYSICS,Mechanical Properties of Solids & Fluids,SRUTHI.(WB),2026,OFFLINE,CDI,,BATCH16,23-02-2025,14,12,2,COMPLETED,,,,,,,,
1337,ZOOLOGY,Microbes in Human Welfare,SRUTHI.(WB),2026,OFFLINE,PCU,,BATCH16,23-02-2025,15,13,2,COMPLETED,,,,,,,,
1338,ZOOLOGY,Microbes in Human Welfare,SRUTHI.(WB),2026,OFFLINE,PCU,,BATCH16,23-02-2025,10,9,1,COMPLETED,,,,,,,,
1339,ZOOLOGY,Microbes in Human Welfare,SRUTHI.(WB),2026,OFFLINE,PCU,,BATCH16,23-02-2025,14,12,2,COMPLETED,,,,,,,,
1340,ZOOLOGY,Molecular Basis of Inheritance,SRUTHI.(WB),2026,OFFLINE,CCH,,BATCH16,23-02-2025,17,14,3,COMPLETED,,,,,,,,
1341,ZOOLOGY,Molecular Basis of Inheritance,SRUTHI.(WB),2026,OFFLINE,CCH,,BATCH16,23-02-2025,7,7,0,COMPLETED,,,,,,,,
1342,ZOOLOGY,Molecular Basis of Inheritance,SRUTHI.(WB),2026,OFFLINE,CCH,,BATCH16,23-02-2025,21,17,4,COMPLETED,,,,,,,,
1343,BOTANY,Morphology of Flowering Plants,SRUTHI.(WB),2026,OFFLINE,MDL,,BATCH16,23-02-2025,14,12,2,COMPLETED,,,,,,,,
1344,BOTANY,Morphology of Flowering Plants,SRUTHI.(WB),2026,OFFLINE,MDL,,BATCH16,23-02-2025,14,12,2,COMPLETED,,,,,,,,
1345,PHYSICS,Motion in a Straight Line,SRUTHI.(WB),2026,OFFLINE,BCG,,BATCH16,23-02-2025,9,8,1,COMPLETED,,,,,,,,
1346,PHYSICS,Motion in a Straight Line,SRUTHI.(WB),2026,OFFLINE,BCG,,BATCH16,23-02-2025,12,11,1,COMPLETED,,,,,,,,
1347,PHYSICS,Moving Charges and Magnetism,SRUTHI.(WB),2026,OFFLINE,PBU,,BATCH16,23-02-2025,12,11,1,COMPLETED,,,,,,,,
1348,PHYSICS,Moving Charges and Magnetism,SRUTHI.(WB),2026,OFFLINE,PBU,,BATCH16,23-02-2025,9,8,1,COMPLETED,,,,,,,,
1349,ZOOLOGY,Neural Control and Coordination,SRUTHI.(WB),2026,OFFLINE,CBT,,BATCH16,23-02-2025,15,13,2,COMPLETED,,,,,,,,
1350,ZOOLOGY,Neural Control and Coordination,SRUTHI.(WB),2026,OFFLINE,CBT,,BATCH16,23-02-2025,12,11,1,COMPLETED,,,,,,,,
1351,CHEMISTRY,Organic Chemistry–Some Basic Principles–Part II II (Reaction Mechanism),SRUTHI.(WB),2026,OFFLINE,BDQ,,BATCH16,23-02-2025,10,9,1,COMPLETED,,,,,,,,
1352,CHEMISTRY,Organic Chemistry–Some Basic Principles–Part II II (Reaction Mechanism),SRUTHI.(WB),2026,OFFLINE,BDQ,,BATCH16,23-02-2025,17,14,3,COMPLETED,,,,,,,,
1353,CHEMISTRY,Organic Chemistry–Some Basic Principles–Part II II (Reaction Mechanism),SRUTHI.(WB),2026,OFFLINE,BDQ,,BATCH16,23-02-2025,9,8,1,COMPLETED,,,,,,,,
1354,CHEMISTRY,Organic Chemistry–Some Basic Principles–Part III III (Purification),SRUTHI.(WB),2026,OFFLINE,ZAE,,BATCH16,23-02-2025,10,9,1,COMPLETED,,,,,,,,
1355,CHEMISTRY,Organic Chemistry–Some Basic Principles–Part III III (Purification),SRUTHI.(WB),2026,OFFLINE,ZAE,,BATCH16,23-02-2025,15,13,2,COMPLETED,,,,,,,,
1356,PHYSICS,Oscillations,SRUTHI.(WB),2026,OFFLINE,ZDI,,BATCH16,23-02-2025,9,8,1,COMPLETED,,,,,,,,
1357,PHYSICS,Oscillations,SRUTHI.(WB),2026,OFFLINE,ZDI,,BATCH16,23-02-2025,17,14,3,COMPLETED,,,,,,,,
1358,PHYSICS,Oscillations,SRUTHI.(WB),2026,OFFLINE,ZDI,,BATCH16,23-02-2025,7,7,0,COMPLETED,,,,,,,,
1359,MATHS,"Permutation, Combination and Binomial Theorem",SRUTHI.(WB),2026,OFFLINE,CCM,,BATCH16,23-02-2025,17,14,3,COMPLETED,,,,,,,,
1360,MATHS,"Permutation, Combination and Binomial Theorem",SRUTHI.(WB),2026,OFFLINE,CCM,,BATCH16,23-02-2025,9,8,1,COMPLETED,,,,,,,,
1361,PHYSICS,"Physical World, Units and Measurements",SRUTHI.(WB),2026,OFFLINE,PDR,,BATCH16,23-02-2025,9,8,1,COMPLETED,,,,,,,,
1362,PHYSICS,"Physical World, Units and Measurements",SRUTHI.(WB),2026,OFFLINE,PDR,,BATCH16,23-02-2025,12,11,1,COMPLETED,,,,,,,,
1363,PHYSICS,"Physical World, Units and Measurements",SRUTHI.(WB),2026,OFFLINE,PDR,,BATCH16,23-02-2025,21,17,4,COMPLETED,,,,,,,,
1364,BOTANY,Plant Growth and Development,SRUTHI.(WB),2026,OFFLINE,BAN,,BATCH16,23-02-2025,10,9,1,COMPLETED,,,,,,,,
1365,BOTANY,Plant Growth and Development,SRUTHI.(WB),2026,OFFLINE,BAN,,BATCH16,23-02-2025,14,12,2,COMPLETED,,,,,,,,
1366,BOTANY,Plant Kingdom,SRUTHI.(WB),2026,OFFLINE,ZAW,,BATCH16,23-02-2025,12,11,1,COMPLETED,,,,,,,,
1367,BOTANY,Plant Kingdom,SRUTHI.(WB),2026,OFFLINE,ZAW,,BATCH16,23-02-2025,10,9,1,COMPLETED,,,,,,,,
1368,CHEMISTRY,Practical Chemistry,SRUTHI.(WB),2026,OFFLINE,CAX,,BATCH16,23-02-2025,9,8,1,COMPLETED,,,,,,,,
1369,CHEMISTRY,Practical Chemistry,SRUTHI.(WB),2026,OFFLINE,CAX,,BATCH16,23-02-2025,26,19,7,COMPLETED,,,,,,,,
1370,PHYSICS,Ray Optics & Optical Instruments,SRUTHI.(WB),2026,OFFLINE,CDN,,BATCH16,23-02-2025,12,11,1,COMPLETED,,,,,,,,
1371,PHYSICS,Ray Optics & Optical Instruments,SRUTHI.(WB),2026,OFFLINE,CDN,,BATCH16,23-02-2025,14,12,2,COMPLETED,,,,,,,,
1372,CHEMISTRY,Redox Reaction,SRUTHI.(WB),2026,OFFLINE,BDD,,BATCH16,23-02-2025,9,8,1,COMPLETED,,,,,,,,
1373,CHEMISTRY,Redox Reaction,SRUTHI.(WB),2026,OFFLINE,BDD,,BATCH16,23-02-2025,21,17,4,COMPLETED,,,,,,,,
1374,ZOOLOGY,Reproductive Health,SRUTHI.(WB),2026,OFFLINE,PAE,,BATCH16,23-02-2025,15,13,2,COMPLETED,,,,,,,,
1375,ZOOLOGY,Reproductive Health,SRUTHI.(WB),2026,OFFLINE,PAE,,BATCH16,23-02-2025,5,3,3,COMPLETED,,,,,,,,
1376,BOTANY,Respiration in Plants,SRUTHI.(WB),2026,OFFLINE,PBY,,BATCH16,23-02-2025,14,6,6,COMPLETED,,,,,,,,
1377,BOTANY,Respiration in Plants,SRUTHI.(WB),2026,OFFLINE,PBY,,BATCH16,23-02-2025,17,8,8,COMPLETED,,,,,,,,
1378,BOTANY,Respiration in Plants,SRUTHI.(WB),2026,OFFLINE,PBY,,BATCH16,23-02-2025,10,5,5,COMPLETED,,,,,,,,
1379,CHEMISTRY,Solutions,SRUTHI.(WB),2026,OFFLINE,BAE,,BATCH16,23-02-2025,7,3,3,COMPLETED,,,,,,,,
1380,CHEMISTRY,Solutions,SRUTHI.(WB),2026,OFFLINE,BAE,,BATCH16,23-02-2025,31,14,14,COMPLETED,,,,,,,,
1381,CHEMISTRY,Solutions,SRUTHI.(WB),2026,OFFLINE,BAE,,BATCH16,23-02-2025,12,5,5,COMPLETED,,,,,,,,
1382,CHEMISTRY,Some Basic Concepts of Chemistry,SRUTHI.(WB),2026,OFFLINE,ZAA,,BATCH16,23-02-2025,7,3,3,COMPLETED,,,,,,,,
1383,CHEMISTRY,Some Basic Concepts of Chemistry,SRUTHI.(WB),2026,OFFLINE,ZAA,,BATCH16,23-02-2025,15,7,7,COMPLETED,,,,,,,,
1384,MATHS,Statistics,SRUTHI.(WB),2026,OFFLINE,CCZ,,BATCH16,23-02-2025,12,5,5,COMPLETED,,,,,,,,
1385,MATHS,Statistics,SRUTHI.(WB),2026,OFFLINE,CCZ,,BATCH16,23-02-2025,10,5,5,COMPLETED,,,,,,,,
1386,MATHS,Statistics,SRUTHI.(WB),2026,OFFLINE,CCZ,,BATCH16,23-02-2025,9,4,4,COMPLETED,,,,,,,,
1387,MATHS,Straight Lines,SRUTHI.(WB),2026,OFFLINE,ZCL,,BATCH16,23-02-2025,14,6,6,COMPLETED,,,,,,,,
1388,MATHS,Straight Lines,SRUTHI.(WB),2026,OFFLINE,ZCL,,BATCH16,23-02-2025,10,5,5,COMPLETED,,,,,,,,
1389,MATHS,Straight Lines,SRUTHI.(WB),2026,OFFLINE,ZCL,,BATCH16,23-02-2025,24,11,11,COMPLETED,,,,,,,,
1390,ZOOLOGY,Structural organisation in Animals Animal Tissue,SRUTHI.(WB),2026,OFFLINE,PCC,,BATCH16,23-02-2025,14,6,6,COMPLETED,,,,,,,,
1391,ZOOLOGY,Structural organisation in Animals Animal Tissue,SRUTHI.(WB),2026,OFFLINE,PCC,,BATCH16,23-02-2025,9,4,4,COMPLETED,,,,,,,,
1392,ZOOLOGY,Structural organisation in Animals Morphology of Animals,SRUTHI.(WB),2026,OFFLINE,BAR,,BATCH16,23-02-2025,21,9,9,COMPLETED,,,,,,,,
1393,ZOOLOGY,Structural organisation in Animals Morphology of Animals,SRUTHI.(WB),2026,OFFLINE,BAR,,BATCH16,23-02-2025,12,5,5,COMPLETED,,,,,,,,
1394,CHEMISTRY,Structure of Atoms,SRUTHI.(WB),2026,OFFLINE,MCP,,BATCH16,23-02-2025,12,5,5,COMPLETED,,,,,,,,
1395,CHEMISTRY,Structure of Atoms,SRUTHI.(WB),2026,OFFLINE,MCP,,BATCH16,23-02-2025,19,9,9,COMPLETED,,,,,,,,
1396,CHEMISTRY,The d and f Block Block Elements,SRUTHI.(WB),2026,OFFLINE,ZAS,,BATCH16,23-02-2025,9,4,4,COMPLETED,,,,,,,,
1397,CHEMISTRY,The d and f Block Block Elements,SRUTHI.(WB),2026,OFFLINE,ZAS,,BATCH16,23-02-2025,21,9,9,COMPLETED,,,,,,,,
1398,CHEMISTRY,The d and f Block Block Elements,SRUTHI.(WB),2026,OFFLINE,ZAS,,BATCH16,23-02-2025,9,4,4,COMPLETED,,,,,,,,
1399,ZOOLOGY,The Living World,SRUTHI.(WB),2026,OFFLINE,CBP,,BATCH16,23-02-2025,9,4,4,COMPLETED,,,,,,,,
1400,ZOOLOGY,The Living World,SRUTHI.(WB),2026,OFFLINE,CBP,,BATCH16,23-02-2025,10,5,5,COMPLETED,,,,,,,,
1401,CHEMISTRY,The p Block Elements (XI) (XI) & (XII),SRUTHI.(WB),2026,OFFLINE,ZDQ,,BATCH16,23-02-2025,9,4,4,COMPLETED,,,,,,,,
1402,CHEMISTRY,The p Block Elements (XI) (XI) & (XII),SRUTHI.(WB),2026,OFFLINE,ZDQ,,BATCH16,23-02-2025,17,8,8,COMPLETED,,,,,,,,
1403,MATHS,Theory of Probability,SRUTHI.(WB),2026,OFFLINE,CDE,,BATCH16,23-02-2025,14,6,6,COMPLETED,,,,,,,,
1404,MATHS,Theory of Probability,SRUTHI.(WB),2026,OFFLINE,CDE,,BATCH16,23-02-2025,15,7,7,COMPLETED,,,,,,,,
1405,MATHS,Theory of Probability,SRUTHI.(WB),2026,OFFLINE,CDE,,BATCH16,23-02-2025,19,9,9,COMPLETED,,,,,,,,
1406,MATHS,Trigonometry I,SRUTHI.(WB),2026,OFFLINE,MBJ,,BATCH16,23-02-2025,24,11,11,COMPLETED,,,,,,,,
1407,MATHS,Trigonometry I,SRUTHI.(WB),2026,OFFLINE,MBJ,,BATCH16,23-02-2025,9,4,4,COMPLETED,,,,,,,,
1408,MATHS,Trigonometry I,SRUTHI.(WB),2026,OFFLINE,MBJ,,BATCH16,23-02-2025,15,7,7,COMPLETED,,,,,,,,
1409,MATHS,Trigonometry II,SRUTHI.(WB),2026,OFFLINE,MBO,,BATCH16,23-02-2025,26,12,12,COMPLETED,,,,,,,,
1410,MATHS,Trigonometry II,SRUTHI.(WB),2026,OFFLINE,MBO,,BATCH16,23-02-2025,7,3,3,COMPLETED,,,,,,,,
1411,MATHS,Vectors,SRUTHI.(WB),2026,OFFLINE,PDD,,BATCH16,23-02-2025,15,7,7,COMPLETED,,,,,,,,
1412,MATHS,Vectors,SRUTHI.(WB),2026,OFFLINE,PDD,,BATCH16,23-02-2025,12,5,5,COMPLETED,,,,,,,,
1413,PHYSICS,Waves,SRUTHI.(WB),2026,OFFLINE,PDV,,BATCH16,23-02-2025,9,4,4,COMPLETED,,,,,,,,
1414,PHYSICS,Waves,SRUTHI.(WB),2026,OFFLINE,PDV,,BATCH16,23-02-2025,14,6,6,COMPLETED,,,,,,,,
1415,PHYSICS,Work Energy & Power,SRUTHI.(WB),2026,OFFLINE,ZCU,,BATCH16,23-02-2025,9,4,4,COMPLETED,,,,,,,,
1416,PHYSICS,Work Energy & Power,SRUTHI.(WB),2026,OFFLINE,ZCU,,BATCH16,23-02-2025,14,6,6,COMPLETED,,,,,,,,
1417,CHEMISTRY,"Alcohols, Phenols and Ethers",SANDRA.(WB),2026,OFFLINE,ZDW,,BATCH17,,14,6,6,IN PROGRESS,,,,,,,,
1418,CHEMISTRY,"Alcohols, Phenols and Ethers",SANDRA.(WB),2026,OFFLINE,ZDW,,BATCH17,,14,6,6,IN PROGRESS,,,,,,,,
1419,CHEMISTRY,Aldehydes and Ketones,SANDRA.(WB),2026,OFFLINE,CBH,,BATCH17,,12,5,5,IN PROGRESS,,,,,,,,
1420,CHEMISTRY,Aldehydes and Ketones,SANDRA.(WB),2026,OFFLINE,CBH,,BATCH17,,14,6,6,IN PROGRESS,,,,,,,,
1421,CHEMISTRY,Aldehydes and Ketones,SANDRA.(WB),2026,OFFLINE,CBH,,BATCH17,,10,5,5,IN PROGRESS,,,,,,,,
1422,CHEMISTRY,Amines,SANDRA.(WB),2026,OFFLINE,ZAK,,BATCH17,,15,7,7,IN PROGRESS,,,,,,,,
1423,CHEMISTRY,Amines,SANDRA.(WB),2026,OFFLINE,ZAK,,BATCH17,,19,9,9,IN PROGRESS,,,,,,,,
1424,BOTANY,Anatomy of Flowering Plants,SANDRA.(WB),2026,OFFLINE,MDM,,BATCH17,,12,5,5,IN PROGRESS,,,,,,,,
1425,BOTANY,Anatomy of Flowering Plants,SANDRA.(WB),2026,OFFLINE,MDM,,BATCH17,,12,5,5,IN PROGRESS,,,,,,,,
1426,ZOOLOGY,Animal Kingdom Non Chordata,SANDRA.(WB),2026,OFFLINE,CBQ,,BATCH17,,21,9,9,IN PROGRESS,,,,,,,,
1427,ZOOLOGY,Animal Kingdom Non Chordata,SANDRA.(WB),2026,OFFLINE,CBQ,,BATCH17,,9,4,4,IN PROGRESS,,,,,,,,
1428,MATHS,Applications of Differentiation,SANDRA.(WB),2026,OFFLINE,BCD,,BATCH17,,12,5,5,IN PROGRESS,,,,,,,,
1429,MATHS,Applications of Differentiation,SANDRA.(WB),2026,OFFLINE,BCD,,BATCH17,,10,5,5,IN PROGRESS,,,,,,,,
1430,PHYSICS,Atoms and Nuclei,SANDRA.(WB),2026,OFFLINE,PAB,,BATCH17,,9,4,4,IN PROGRESS,,,,,,,,
1431,PHYSICS,Atoms and Nuclei,SANDRA.(WB),2026,OFFLINE,PAB,,BATCH17,,15,7,7,IN PROGRESS,,,,,,,,
1432,ZOOLOGY,Biodiversity and Conservation,SANDRA.(WB),2026,OFFLINE,PCV,,BATCH17,,9,4,4,IN PROGRESS,,,,,,,,
1433,ZOOLOGY,Biodiversity and Conservation,SANDRA.(WB),2026,OFFLINE,PCV,,BATCH17,,7,3,3,IN PROGRESS,,,,,,,,
1434,ZOOLOGY,Biodiversity and Conservation,SANDRA.(WB),2026,OFFLINE,PCV,,BATCH17,,15,7,7,IN PROGRESS,,,,,,,,
1435,BOTANY,Biological Classification,SANDRA.(WB),2026,OFFLINE,CAY,,BATCH17,,12,5,5,IN PROGRESS,,,,,,,,
1436,BOTANY,Biological Classification,SANDRA.(WB),2026,OFFLINE,CAY,,BATCH17,,21,9,9,IN PROGRESS,,,,,,,,
1437,ZOOLOGY,Biomolecules,SANDRA.(WB),2026,OFFLINE,BAS,,BATCH17,,14,6,6,IN PROGRESS,,,,,,,,
1438,ZOOLOGY,Biomolecules,SANDRA.(WB),2026,OFFLINE,BAS,,BATCH17,,10,5,5,IN PROGRESS,,,,,,,,
1439,BOTANY,Biotechnology and its Applications,SANDRA.(WB),2026,OFFLINE,MAN,,BATCH17,,12,5,5,IN PROGRESS,,,,,,,,
1440,BOTANY,Biotechnology and its Applications,SANDRA.(WB),2026,OFFLINE,MAN,,BATCH17,,9,4,4,IN PROGRESS,,,,,,,,
1441,BOTANY,Biotechnology and its Applications,SANDRA.(WB),2026,OFFLINE,MAN,,BATCH17,,12,5,5,IN PROGRESS,,,,,,,,
1442,ZOOLOGY,Body Fluids and Circulation,SANDRA.(WB),2026,OFFLINE,MAS,,BATCH17,,14,6,6,IN PROGRESS,,,,,,,,
1443,ZOOLOGY,Body Fluids and Circulation,SANDRA.(WB),2026,OFFLINE,MAS,,BATCH17,,9,4,4,IN PROGRESS,,,,,,,,
1444,ZOOLOGY,Breathing and Exchange of Gases,SANDRA.(WB),2026,OFFLINE,CCD,,BATCH17,,15,7,7,IN PROGRESS,,,,,,,,
1445,ZOOLOGY,Breathing and Exchange of Gases,SANDRA.(WB),2026,OFFLINE,CCD,,BATCH17,,9,4,4,IN PROGRESS,,,,,,,,
1446,ZOOLOGY,Breathing and Exchange of Gases,SANDRA.(WB),2026,OFFLINE,CCD,,BATCH17,,17,8,8,IN PROGRESS,,,,,,,,
1447,CHEMISTRY,Carboxylic Acids and It's Derivatives  Derivatives,SANDRA.(WB),2026,OFFLINE,BDV,,BATCH17,,10,5,5,IN PROGRESS,,,,,,,,
1448,CHEMISTRY,Carboxylic Acids and It's Derivatives  Derivatives,SANDRA.(WB),2026,OFFLINE,BDV,,BATCH17,,15,7,7,IN PROGRESS,,,,,,,,
1449,BOTANY,Cell Cycle and Cell Division,SANDRA.(WB),2026,OFFLINE,CBL,,BATCH17,,17,8,8,IN PROGRESS,,,,,,,,
1450,BOTANY,Cell Cycle and Cell Division,SANDRA.(WB),2026,OFFLINE,CBL,,BATCH17,,14,6,6,IN PROGRESS,,,,,,,,
1451,BOTANY,Cell Cycle and Cell Division,SANDRA.(WB),2026,OFFLINE,CBL,,BATCH17,,14,6,6,IN PROGRESS,,,,,,,,
1452,ZOOLOGY,Chemical Coordination and Integration,SANDRA.(WB),2026,OFFLINE,CBU,,BATCH17,,12,5,5,IN PROGRESS,,,,,,,,
1453,ZOOLOGY,Chemical Coordination and Integration,SANDRA.(WB),2026,OFFLINE,CBU,,BATCH17,,9,4,4,IN PROGRESS,,,,,,,,
1454,CHEMISTRY,Chemical Kinetics,SANDRA.(WB),2026,OFFLINE,CAT,,BATCH17,,10,5,5,IN PROGRESS,,,,,,,,
1455,CHEMISTRY,Chemical Kinetics,SANDRA.(WB),2026,OFFLINE,CAT,,BATCH17,,7,3,3,IN PROGRESS,,,,,,,,
1456,MATHS,Circles,SANDRA.(WB),2026,OFFLINE,ZCM,,BATCH17,,15,7,7,IN PROGRESS,,,,,,,,
1457,MATHS,Circles,SANDRA.(WB),2026,OFFLINE,ZCM,,BATCH17,,10,5,5,IN PROGRESS,,,,,,,,
1458,MATHS,Circles,SANDRA.(WB),2026,OFFLINE,ZCM,,BATCH17,,17,8,8,IN PROGRESS,,,,,,,,
1459,CHEMISTRY,Classification of Elements and Periodicity Periodicity in Properties,SANDRA.(WB),2026,OFFLINE,MCQ,,BATCH17,,9,4,4,IN PROGRESS,,,,,,,,
1460,CHEMISTRY,Classification of Elements and Periodicity Periodicity in Properties,SANDRA.(WB),2026,OFFLINE,MCQ,,BATCH17,,15,7,7,IN PROGRESS,,,,,,,,
1461,MATHS,Conic Section,SANDRA.(WB),2026,OFFLINE,PDA,,BATCH17,,19,9,9,IN PROGRESS,,,,,,,,
1462,MATHS,Conic Section,SANDRA.(WB),2026,OFFLINE,PDA,,BATCH17,,10,5,5,IN PROGRESS,,,,,,,,
1463,CHEMISTRY,Coordination Compounds and Organometallics,SANDRA.(WB),2026,OFFLINE,ZAT,,BATCH17,,10,5,5,IN PROGRESS,,,,,,,,
1464,CHEMISTRY,Coordination Compounds and Organometallics,SANDRA.(WB),2026,OFFLINE,ZAT,,BATCH17,,14,6,6,IN PROGRESS,,,,,,,,
1465,CHEMISTRY,Coordination Compounds and Organometallics,SANDRA.(WB),2026,OFFLINE,ZAT,,BATCH17,,9,4,4,IN PROGRESS,,,,,,,,
1466,PHYSICS,Current Electricity,SANDRA.(WB),2026,OFFLINE,BCM,,BATCH17,,12,5,5,IN PROGRESS,,,,,,,,
1467,PHYSICS,Current Electricity,SANDRA.(WB),2026,OFFLINE,BCM,,BATCH17,,14,6,6,IN PROGRESS,,,,,,,,
1468,CHEMISTRY,Electrochemistry,SANDRA.(WB),2026,OFFLINE,BAF,,BATCH17,,10,5,5,IN PROGRESS,,,,,,,,
1469,CHEMISTRY,Electrochemistry,SANDRA.(WB),2026,OFFLINE,BAF,,BATCH17,,24,11,11,IN PROGRESS,,,,,,,,
1470,CHEMISTRY,Electrochemistry,SANDRA.(WB),2026,OFFLINE,BAF,,BATCH17,,9,4,4,IN PROGRESS,,,,,,,,
1471,PHYSICS,Electromagnetic Induction and Alternating Current,SANDRA.(WB),2026,OFFLINE,ZDA,,BATCH17,,14,6,6,IN PROGRESS,,,,,,,,
1472,PHYSICS,Electromagnetic Induction and Alternating Current,SANDRA.(WB),2026,OFFLINE,ZDA,,BATCH17,,21,9,9,IN PROGRESS,,,,,,,,
1473,PHYSICS,Electromagnetic Waves,SANDRA.(WB),2026,OFFLINE,CAK,,BATCH17,,5,3,3,IN PROGRESS,,,,,,,,
1474,PHYSICS,Electromagnetic Waves,SANDRA.(WB),2026,OFFLINE,CAK,,BATCH17,,15,7,7,IN PROGRESS,,,,,,,,
1475,PHYSICS,Electromagnetic Waves,SANDRA.(WB),2026,OFFLINE,CAK,,BATCH17,,10,5,5,IN PROGRESS,,,,,,,,
1476,PHYSICS,Electrostatics,SANDRA.(WB),2026,OFFLINE,PDW,,BATCH17,,17,8,8,IN PROGRESS,,,,,,,,
1477,PHYSICS,Electrostatics,SANDRA.(WB),2026,OFFLINE,PDW,,BATCH17,,12,5,5,IN PROGRESS,,,,,,,,
1478,ZOOLOGY,Evolution,SANDRA.(WB),2026,OFFLINE,CCI,,BATCH17,,24,11,11,IN PROGRESS,,,,,,,,
1479,ZOOLOGY,Evolution,SANDRA.(WB),2026,OFFLINE,CCI,,BATCH17,,7,3,3,IN PROGRESS,,,,,,,,
1480,ZOOLOGY,Evolution,SANDRA.(WB),2026,OFFLINE,CCI,,BATCH17,,14,6,6,IN PROGRESS,,,,,,,,
1481,ZOOLOGY,Excretory Products and Their Elimination,SANDRA.(WB),2026,OFFLINE,ZBG,,BATCH17,,15,7,7,IN PROGRESS,,,,,,,,
1482,ZOOLOGY,Excretory Products and Their Elimination,SANDRA.(WB),2026,OFFLINE,ZBG,,BATCH17,,17,8,8,IN PROGRESS,,,,,,,,
1483,CHEMISTRY,Halo Alkanes and Halo Arenes  Arenes,SANDRA.(WB),2026,OFFLINE,MDH,,BATCH17,,12,5,5,IN PROGRESS,,,,,,,,
1484,CHEMISTRY,Halo Alkanes and Halo Arenes  Arenes,SANDRA.(WB),2026,OFFLINE,MDH,,BATCH17,,17,8,8,IN PROGRESS,,,,,,,,
1485,ZOOLOGY,Human Health and Disease,SANDRA.(WB),2026,OFFLINE,PBQ,,BATCH17,,17,8,8,IN PROGRESS,,,,,,,,
1486,ZOOLOGY,Human Health and Disease,SANDRA.(WB),2026,OFFLINE,PBQ,,BATCH17,,9,4,4,IN PROGRESS,,,,,,,,
1487,CHEMISTRY,Hydrocarbons,SANDRA.(WB),2026,OFFLINE,ZAF,,BATCH17,,10,5,5,IN PROGRESS,,,,,,,,
1488,CHEMISTRY,Hydrocarbons,SANDRA.(WB),2026,OFFLINE,ZAF,,BATCH17,,9,4,4,IN PROGRESS,,,,,,,,
1489,MATHS,Integration and its Applications,SANDRA.(WB),2026,OFFLINE,CCR,,BATCH17,,29,13,13,IN PROGRESS,,,,,,,,
1490,MATHS,Integration and its Applications,SANDRA.(WB),2026,OFFLINE,CCR,,BATCH17,,12,5,5,IN PROGRESS,,,,,,,,
1491,MATHS,Limits of Real Functions,SANDRA.(WB),2026,OFFLINE,ZCD,,BATCH17,,10,5,5,IN PROGRESS,,,,,,,,
1492,MATHS,Limits of Real Functions,SANDRA.(WB),2026,OFFLINE,ZCD,,BATCH17,,10,5,5,IN PROGRESS,,,,,,,,
1493,MATHS,Linear Inequations and Inequalities,SANDRA.(WB),2026,OFFLINE,MBK,,BATCH17,,7,3,3,IN PROGRESS,,,,,,,,
1494,MATHS,Linear Inequations and Inequalities,SANDRA.(WB),2026,OFFLINE,MBK,,BATCH17,,9,4,4,IN PROGRESS,,,,,,,,
1495,MATHS,Linear Inequations and Inequalities,SANDRA.(WB),2026,OFFLINE,MBK,,BATCH17,,12,5,5,IN PROGRESS,,,,,,,,
1496,MATHS,Linear Programming,SANDRA.(WB),2026,OFFLINE,CDF,,BATCH17,,7,3,3,IN PROGRESS,,,,,,,,
1497,MATHS,Linear Programming,SANDRA.(WB),2026,OFFLINE,CDF,,BATCH17,,10,5,5,IN PROGRESS,,,,,,,,
1498,MATHS,Linear Programming,SANDRA.(WB),2026,OFFLINE,CDF,,BATCH17,,12,5,5,IN PROGRESS,,,,,,,,
1499,MATHS,Logarithm,SANDRA.(WB),2026,OFFLINE,MBT,,BATCH17,,9,4,4,IN PROGRESS,,,,,,,,
1500,MATHS,Logarithm,SANDRA.(WB),2026,OFFLINE,MBT,,BATCH17,,9,4,4,IN PROGRESS,,,,,,,,
1501,PHYSICS,Magnetism and Matter,SANDRA.(WB),2026,OFFLINE,MCL,,BATCH17,,9,4,4,IN PROGRESS,,,,,,,,
1502,PHYSICS,Magnetism and Matter,SANDRA.(WB),2026,OFFLINE,MCL,,BATCH17,,9,4,4,IN PROGRESS,,,,,,,,
1503,MATHS,Matrices and Determinants,SANDRA.(WB),2026,OFFLINE,MBP,,BATCH17,,21,9,9,IN PROGRESS,,,,,,,,
1504,MATHS,Matrices and Determinants,SANDRA.(WB),2026,OFFLINE,MBP,,BATCH17,,10,5,5,IN PROGRESS,,,,,,,,
1505,PHYSICS,Mechanical Properties of Solids & Fluids,SANDRA.(WB),2026,OFFLINE,BCV,,BATCH17,,12,5,5,IN PROGRESS,,,,,,,,
1506,PHYSICS,Mechanical Properties of Solids & Fluids,SANDRA.(WB),2026,OFFLINE,BCV,,BATCH17,,14,6,6,IN PROGRESS,,,,,,,,
1507,PHYSICS,Mechanical Properties of Solids & Fluids,SANDRA.(WB),2026,OFFLINE,BCV,,BATCH17,,17,8,8,IN PROGRESS,,,,,,,,
1508,BOTANY,Morphology of Flowering Plants,SANDRA.(WB),2026,OFFLINE,ZAX,,BATCH17,,14,6,6,IN PROGRESS,,,,,,,,
1509,BOTANY,Morphology of Flowering Plants,SANDRA.(WB),2026,OFFLINE,ZAX,,BATCH17,,14,6,6,IN PROGRESS,,,,,,,,
1510,PHYSICS,Motion in a Plane,SANDRA.(WB),2026,OFFLINE,BCH,,BATCH17,,9,4,4,IN PROGRESS,,,,,,,,
1511,PHYSICS,Motion in a Plane,SANDRA.(WB),2026,OFFLINE,BCH,,BATCH17,,14,6,6,IN PROGRESS,,,,,,,,
1512,PHYSICS,Motion in a Straight Line,SANDRA.(WB),2026,OFFLINE,PDS,,BATCH17,,9,4,4,IN PROGRESS,,,,,,,,
1513,PHYSICS,Motion in a Straight Line,SANDRA.(WB),2026,OFFLINE,PDS,,BATCH17,,12,5,5,IN PROGRESS,,,,,,,,
1514,PHYSICS,Motion in a Straight Line,SANDRA.(WB),2026,OFFLINE,PDS,,BATCH17,,10,5,5,IN PROGRESS,,,,,,,,
1515,PHYSICS,Moving Charges and Magnetism,SANDRA.(WB),2026,OFFLINE,CDW,,BATCH17,,12,5,5,IN PROGRESS,,,,,,,,
1516,PHYSICS,Moving Charges and Magnetism,SANDRA.(WB),2026,OFFLINE,CDW,,BATCH17,,9,4,4,IN PROGRESS,,,,,,,,
1517,PHYSICS,Moving Charges and Magnetism,SANDRA.(WB),2026,OFFLINE,CDW,,BATCH17,,9,4,4,IN PROGRESS,,,,,,,,
1518,ZOOLOGY,Neural Control and Coordination,SANDRA.(WB),2026,OFFLINE,BBG,,BATCH17,,15,7,7,IN PROGRESS,,,,,,,,
1519,ZOOLOGY,Neural Control and Coordination,SANDRA.(WB),2026,OFFLINE,BBG,,BATCH17,,12,5,5,IN PROGRESS,,,,,,,,
1520,CHEMISTRY,Organic Chemistry–Some Basic Principles–Part I I (Nomenclature),SANDRA.(WB),2026,OFFLINE,ZDR,,BATCH17,,10,5,5,IN PROGRESS,,,,,,,,
1521,CHEMISTRY,Organic Chemistry–Some Basic Principles–Part I I (Nomenclature),SANDRA.(WB),2026,OFFLINE,ZDR,,BATCH17,,24,11,11,IN PROGRESS,,,,,,,,
1522,CHEMISTRY,Organic Chemistry–Some Basic Principles–Part III III (Purification),SANDRA.(WB),2026,OFFLINE,BDR,,BATCH17,,10,5,5,IN PROGRESS,,,,,,,,
1523,CHEMISTRY,Organic Chemistry–Some Basic Principles–Part III III (Purification),SANDRA.(WB),2026,OFFLINE,BDR,,BATCH17,,15,7,7,IN PROGRESS,,,,,,,,
1524,CHEMISTRY,Organic Chemistry–Some Basic Principles–Part III III (Purification),SANDRA.(WB),2026,OFFLINE,BDR,,BATCH17,,10,5,5,IN PROGRESS,,,,,,,,
1525,BOTANY,Organism and Population,SANDRA.(WB),2026,OFFLINE,ZBC,,BATCH17,,14,6,6,IN PROGRESS,,,,,,,,
1526,BOTANY,Organism and Population,SANDRA.(WB),2026,OFFLINE,ZBC,,BATCH17,,9,4,4,IN PROGRESS,,,,,,,,
1527,MATHS,"Permutation, Combination and Binomial Theorem",SANDRA.(WB),2026,OFFLINE,BBY,,BATCH17,,17,8,8,IN PROGRESS,,,,,,,,
1528,MATHS,"Permutation, Combination and Binomial Theorem",SANDRA.(WB),2026,OFFLINE,BBY,,BATCH17,,9,4,4,IN PROGRESS,,,,,,,,
1529,MATHS,"Permutation, Combination and Binomial Theorem",SANDRA.(WB),2026,OFFLINE,BBY,,BATCH17,,14,6,6,IN PROGRESS,,,,,,,,
1530,BOTANY,Photosynthesis in Higher Plants,SANDRA.(WB),2026,OFFLINE,MAA,,BATCH17,,19,9,9,IN PROGRESS,,,,,,,,
1531,BOTANY,Photosynthesis in Higher Plants,SANDRA.(WB),2026,OFFLINE,MAA,,BATCH17,,15,7,7,IN PROGRESS,,,,,,,,
1532,BOTANY,Plant Growth and Development,SANDRA.(WB),2026,OFFLINE,MDZ,,BATCH17,,10,5,5,IN PROGRESS,,,,,,,,
1533,BOTANY,Plant Growth and Development,SANDRA.(WB),2026,OFFLINE,MDZ,,BATCH17,,14,6,6,IN PROGRESS,,,,,,,,
1534,BOTANY,Plant Growth and Development,SANDRA.(WB),2026,OFFLINE,MDZ,,BATCH17,,15,7,7,IN PROGRESS,,,,,,,,
1535,CHEMISTRY,Practical Chemistry,SANDRA.(WB),2026,OFFLINE,BAJ,,BATCH17,,9,4,4,IN PROGRESS,,,,,,,,
1536,CHEMISTRY,Practical Chemistry,SANDRA.(WB),2026,OFFLINE,BAJ,,BATCH17,,26,12,12,IN PROGRESS,,,,,,,,
1537,ZOOLOGY,Principles of Inheritance and Variation,SANDRA.(WB),2026,OFFLINE,PCH,,BATCH17,,14,6,6,IN PROGRESS,,,,,,,,
1538,ZOOLOGY,Principles of Inheritance and Variation,SANDRA.(WB),2026,OFFLINE,PCH,,BATCH17,,12,5,5,IN PROGRESS,,,,,,,,
1539,MATHS,Quadratic Equation,SANDRA.(WB),2026,OFFLINE,PAY,,BATCH17,,21,9,9,IN PROGRESS,,,,,,,,
1540,MATHS,Quadratic Equation,SANDRA.(WB),2026,OFFLINE,PAY,,BATCH17,,9,4,4,IN PROGRESS,,,,,,,,
1541,PHYSICS,Ray Optics & Optical Instruments,SANDRA.(WB),2026,OFFLINE,BCZ,,BATCH17,,12,5,5,IN PROGRESS,,,,,,,,
1542,PHYSICS,Ray Optics & Optical Instruments,SANDRA.(WB),2026,OFFLINE,BCZ,,BATCH17,,14,6,6,IN PROGRESS,,,,,,,,
1543,CHEMISTRY,Redox Reaction,SANDRA.(WB),2026,OFFLINE,PAK,,BATCH17,,9,4,4,IN PROGRESS,,,,,,,,
1544,CHEMISTRY,Redox Reaction,SANDRA.(WB),2026,OFFLINE,PAK,,BATCH17,,21,9,9,IN PROGRESS,,,,,,,,
1545,CHEMISTRY,Redox Reaction,SANDRA.(WB),2026,OFFLINE,PAK,,BATCH17,,14,6,6,IN PROGRESS,,,,,,,,
1546,ZOOLOGY,Reproductive Health,SANDRA.(WB),2026,OFFLINE,ZBU,,BATCH17,,15,7,7,IN PROGRESS,,,,,,,,
1547,ZOOLOGY,Reproductive Health,SANDRA.(WB),2026,OFFLINE,ZBU,,BATCH17,,5,3,3,IN PROGRESS,,,,,,,,
1548,PHYSICS,Semiconductor Electronics,SANDRA.(WB),2026,OFFLINE,CAB,,BATCH17,,10,5,5,IN PROGRESS,,,,,,,,
1549,PHYSICS,Semiconductor Electronics,SANDRA.(WB),2026,OFFLINE,CAB,,BATCH17,,14,6,6,IN PROGRESS,,,,,,,,
1550,MATHS,Sequences and Series,SANDRA.(WB),2026,OFFLINE,PAP,,BATCH17,,14,6,6,IN PROGRESS,,,,,,,,
1551,MATHS,Sequences and Series,SANDRA.(WB),2026,OFFLINE,PAP,,BATCH17,,9,4,4,IN PROGRESS,,,,,,,,
1552,MATHS,"Sets, Relations and  Functions",SANDRA.(WB),2026,OFFLINE,PBH,,BATCH17,,31,14,14,IN PROGRESS,,,,,,,,
1553,MATHS,"Sets, Relations and  Functions",SANDRA.(WB),2026,OFFLINE,PBH,,BATCH17,,12,5,5,IN PROGRESS,,,,,,,,
1554,BOTANY,Sexual reproduction in Flowering Plants,SANDRA.(WB),2026,OFFLINE,BAO,,BATCH17,,17,8,8,IN PROGRESS,,,,,,,,
1555,BOTANY,Sexual reproduction in Flowering Plants,SANDRA.(WB),2026,OFFLINE,BAO,,BATCH17,,7,3,3,IN PROGRESS,,,,,,,,
1556,MATHS,Statistics,SANDRA.(WB),2026,OFFLINE,BBP,,BATCH17,,12,5,5,IN PROGRESS,,,,,,,,
1557,MATHS,Statistics,SANDRA.(WB),2026,OFFLINE,BBP,,BATCH17,,10,5,5,IN PROGRESS,,,,,,,,
1558,ZOOLOGY,Structural organisation in Animals Animal Tissue,SANDRA.(WB),2026,OFFLINE,ZBP,,BATCH17,,14,6,6,IN PROGRESS,,,,,,,,
1559,ZOOLOGY,Structural organisation in Animals Animal Tissue,SANDRA.(WB),2026,OFFLINE,ZBP,,BATCH17,,9,4,4,IN PROGRESS,,,,,,,,
1560,ZOOLOGY,Structural organisation in Animals Animal Tissue,SANDRA.(WB),2026,OFFLINE,ZBP,,BATCH17,,19,9,9,IN PROGRESS,,,,,,,,
1561,ZOOLOGY,Structural organisation in Animals Morphology of Animals,SANDRA.(WB),2026,OFFLINE,PCD,,BATCH17,,21,9,9,IN PROGRESS,,,,,,,,
1562,ZOOLOGY,Structural organisation in Animals Morphology of Animals,SANDRA.(WB),2026,OFFLINE,PCD,,BATCH17,,12,5,5,IN PROGRESS,,,,,,,,
1563,CHEMISTRY,Structure of Atoms,SANDRA.(WB),2026,OFFLINE,PAT,,BATCH17,,12,5,5,IN PROGRESS,,,,,,,,
1564,CHEMISTRY,Structure of Atoms,SANDRA.(WB),2026,OFFLINE,PAT,,BATCH17,,19,9,9,IN PROGRESS,,,,,,,,
1565,PHYSICS,System of Particles and Rigid Body Rotation,SANDRA.(WB),2026,OFFLINE,ZCV,,BATCH17,,10,5,5,IN PROGRESS,,,,,,,,
1566,PHYSICS,System of Particles and Rigid Body Rotation,SANDRA.(WB),2026,OFFLINE,ZCV,,BATCH17,,17,8,8,IN PROGRESS,,,,,,,,
1567,CHEMISTRY,The d and f Block Block Elements,SANDRA.(WB),2026,OFFLINE,PBM,,BATCH17,,9,4,4,IN PROGRESS,,,,,,,,
1568,CHEMISTRY,The d and f Block Block Elements,SANDRA.(WB),2026,OFFLINE,PBM,,BATCH17,,21,9,9,IN PROGRESS,,,,,,,,
1569,ZOOLOGY,The Living World,SANDRA.(WB),2026,OFFLINE,BBB,,BATCH17,,9,4,4,IN PROGRESS,,,,,,,,
1570,ZOOLOGY,The Living World,SANDRA.(WB),2026,OFFLINE,BBB,,BATCH17,,10,5,5,IN PROGRESS,,,,,,,,
1571,ZOOLOGY,The Living World,SANDRA.(WB),2026,OFFLINE,BBB,,BATCH17,,12,5,5,IN PROGRESS,,,,,,,,
1572,CHEMISTRY,The p Block Elements (XI) (XI) & (XII),SANDRA.(WB),2026,OFFLINE,MDE,,BATCH17,,9,4,4,IN PROGRESS,,,,,,,,
1573,CHEMISTRY,The p Block Elements (XI) (XI) & (XII),SANDRA.(WB),2026,OFFLINE,MDE,,BATCH17,,17,8,8,IN PROGRESS,,,,,,,,
1574,CHEMISTRY,The p Block Elements (XI) (XI) & (XII),SANDRA.(WB),2026,OFFLINE,MDE,,BATCH17,,7,3,3,IN PROGRESS,,,,,,,,
1575,PHYSICS,"Thermal Properties of Matter, Thermodynamics and Kinetic Theory",SANDRA.(WB),2026,OFFLINE,CDJ,,BATCH17,,10,5,5,IN PROGRESS,,,,,,,,
1576,PHYSICS,"Thermal Properties of Matter, Thermodynamics and Kinetic Theory",SANDRA.(WB),2026,OFFLINE,CDJ,,BATCH17,,10,5,5,IN PROGRESS,,,,,,,,
1577,CHEMISTRY,Thermodynamics and Chemical Energetics,SANDRA.(WB),2026,OFFLINE,BDE,,BATCH17,,9,4,4,IN PROGRESS,,,,,,,,
1578,CHEMISTRY,Thermodynamics and Chemical Energetics,SANDRA.(WB),2026,OFFLINE,BDE,,BATCH17,,15,7,7,IN PROGRESS,,,,,,,,
1579,MATHS,Three Dimensional Geometry,SANDRA.(WB),2026,OFFLINE,PDE,,BATCH17,,17,8,8,IN PROGRESS,,,,,,,,
1580,MATHS,Three Dimensional Geometry,SANDRA.(WB),2026,OFFLINE,PDE,,BATCH17,,10,5,5,IN PROGRESS,,,,,,,,
1581,MATHS,Trigonometry II,SANDRA.(WB),2026,OFFLINE,CDA,,BATCH17,,26,12,12,IN PROGRESS,,,,,,,,
1582,MATHS,Trigonometry II,SANDRA.(WB),2026,OFFLINE,CDA,,BATCH17,,7,3,3,IN PROGRESS,,,,,,,,
1583,MATHS,Trigonometry II,SANDRA.(WB),2026,OFFLINE,CDA,,BATCH17,,31,14,14,IN PROGRESS,,,,,,,,
1584,MATHS,Vectors,SANDRA.(WB),2026,OFFLINE,ZCR,,BATCH17,,15,7,7,IN PROGRESS,,,,,,,,
1585,MATHS,Vectors,SANDRA.(WB),2026,OFFLINE,ZCR,,BATCH17,,12,5,5,IN PROGRESS,,,,,,,,
1586,PHYSICS,Wave Optics,SANDRA.(WB),2026,OFFLINE,CDO,,BATCH17,,7,3,3,IN PROGRESS,,,,,,,,
1587,PHYSICS,Wave Optics,SANDRA.(WB),2026,OFFLINE,CDO,,BATCH17,,21,9,9,IN PROGRESS,,,,,,,,
1588,PHYSICS,Waves,SANDRA.(WB),2026,OFFLINE,ZDJ,,BATCH17,,9,4,4,IN PROGRESS,,,,,,,,
1589,PHYSICS,Waves,SANDRA.(WB),2026,OFFLINE,ZDJ,,BATCH17,,14,6,6,IN PROGRESS,,,,,,,,
1590,PHYSICS,Waves,SANDRA.(WB),2026,OFFLINE,ZDJ,,BATCH17,,9,4,4,IN PROGRESS,,,,,,,,
1591,PHYSICS,Work Energy & Power,SANDRA.(WB),2026,OFFLINE,MCH,,BATCH17,,9,4,4,IN PROGRESS,,,,,,,,
1592,PHYSICS,Work Energy & Power,SANDRA.(WB),2026,OFFLINE,MCH,,BATCH17,,14,6,6,IN PROGRESS,,,,,,,,
1593,PHYSICS,Work Energy & Power,SANDRA.(WB),2026,OFFLINE,MCH,,BATCH17,,29,13,13,IN PROGRESS,,,,,,,,
1594,CHEMISTRY,"Alcohols, Phenols and Ethers",SHINI.T.S.(WB),2026,OFFLINE,MDI,,BATCH18,,14,6,6,IN PROGRESS,,,,,,,,
1595,CHEMISTRY,"Alcohols, Phenols and Ethers",SHINI.T.S.(WB),2026,OFFLINE,MDI,,BATCH18,,14,6,6,IN PROGRESS,,,,,,,,
1596,CHEMISTRY,Aldehydes and Ketones,SHINI.T.S.(WB),2026,OFFLINE,PBD,,BATCH18,,12,5,5,IN PROGRESS,,,,,,,,
1597,CHEMISTRY,Aldehydes and Ketones,SHINI.T.S.(WB),2026,OFFLINE,PBD,,BATCH18,,14,6,6,IN PROGRESS,,,,,,,,
1598,CHEMISTRY,Amines,SHINI.T.S.(WB),2026,OFFLINE,BDW,,BATCH18,,15,7,7,IN PROGRESS,,,,,,,,
1599,CHEMISTRY,Amines,SHINI.T.S.(WB),2026,OFFLINE,BDW,,BATCH18,,19,9,9,IN PROGRESS,,,,,,,,
1600,BOTANY,Anatomy of Flowering Plants,SHINI.T.S.(WB),2026,OFFLINE,ZAY,,BATCH18,,12,5,5,IN PROGRESS,,,,,,,,
1601,BOTANY,Anatomy of Flowering Plants,SHINI.T.S.(WB),2026,OFFLINE,ZAY,,BATCH18,,12,5,5,IN PROGRESS,,,,,,,,
1602,ZOOLOGY,Animal Kingdom Non Chordata,SHINI.T.S.(WB),2026,OFFLINE,BBC,,BATCH18,,21,9,9,IN PROGRESS,,,,,,,,
1603,ZOOLOGY,Animal Kingdom Non Chordata,SHINI.T.S.(WB),2026,OFFLINE,BBC,,BATCH18,,9,4,4,IN PROGRESS,,,,,,,,
1604,ZOOLOGY,Animal Kingdom Non Chordata,SHINI.T.S.(WB),2026,OFFLINE,BBC,,BATCH18,,14,6,6,IN PROGRESS,,,,,,,,
1605,ZOOLOGY,Animal Kingdom Phylum Chordata,SHINI.T.S.(WB),2026,OFFLINE,CBR,,BATCH18,,15,7,7,IN PROGRESS,,,,,,,,
1606,ZOOLOGY,Animal Kingdom Phylum Chordata,SHINI.T.S.(WB),2026,OFFLINE,CBR,,BATCH18,,10,5,5,IN PROGRESS,,,,,,,,
1607,BOTANY,Biological Classification,SHINI.T.S.(WB),2026,OFFLINE,BAK,,BATCH18,,12,5,5,IN PROGRESS,,,,,,,,
1608,BOTANY,Biological Classification,SHINI.T.S.(WB),2026,OFFLINE,BAK,,BATCH18,,21,9,9,IN PROGRESS,,,,,,,,
1609,ZOOLOGY,Biomolecules,SHINI.T.S.(WB),2026,OFFLINE,PCE,,BATCH18,,14,6,6,IN PROGRESS,,,,,,,,
1610,CHEMISTRY,Biomolecules,SHINI.T.S.(WB),2026,OFFLINE,PAU,,BATCH18,,10,5,5,IN PROGRESS,,,,,,,,
1611,ZOOLOGY,Biomolecules,SHINI.T.S.(WB),2026,OFFLINE,PCE,,BATCH18,,10,5,5,IN PROGRESS,,,,,,,,
1612,CHEMISTRY,Biomolecules,SHINI.T.S.(WB),2026,OFFLINE,PAU,,BATCH18,,12,5,5,IN PROGRESS,,,,,,,,
1613,BOTANY,Biotechnology : Principles and processes,SHINI.T.S.(WB),2026,OFFLINE,BAP,,BATCH18,,14,6,6,IN PROGRESS,,,,,,,,
1614,BOTANY,Biotechnology : Principles and processes,SHINI.T.S.(WB),2026,OFFLINE,BAP,,BATCH18,,9,4,4,IN PROGRESS,,,,,,,,
1615,ZOOLOGY,Body Fluids and Circulation,SHINI.T.S.(WB),2026,OFFLINE,CCE,,BATCH18,,14,6,6,IN PROGRESS,,,,,,,,
1616,ZOOLOGY,Body Fluids and Circulation,SHINI.T.S.(WB),2026,OFFLINE,CCE,,BATCH18,,9,4,4,IN PROGRESS,,,,,,,,
1617,ZOOLOGY,Body Fluids and Circulation,SHINI.T.S.(WB),2026,OFFLINE,CCE,,BATCH18,,14,6,6,IN PROGRESS,,,,,,,,
1618,ZOOLOGY,Breathing and Exchange of Gases,SHINI.T.S.(WB),2026,OFFLINE,BAT,,BATCH18,,15,7,7,IN PROGRESS,,,,,,,,
1619,ZOOLOGY,Breathing and Exchange of Gases,SHINI.T.S.(WB),2026,OFFLINE,BAT,,BATCH18,,9,4,4,IN PROGRESS,,,,,,,,
1620,CHEMISTRY,Carboxylic Acids and It's Derivatives  Derivatives,SHINI.T.S.(WB),2026,OFFLINE,CBI,,BATCH18,,10,5,5,IN PROGRESS,,,,,,,,
1621,CHEMISTRY,Carboxylic Acids and It's Derivatives  Derivatives,SHINI.T.S.(WB),2026,OFFLINE,CBI,,BATCH18,,15,7,7,IN PROGRESS,,,,,,,,
1622,CHEMISTRY,Carboxylic Acids and It's Derivatives  Derivatives,SHINI.T.S.(WB),2026,OFFLINE,CBI,,BATCH18,,10,5,5,IN PROGRESS,,,,,,,,
1623,BOTANY,Cell : The unit of life,SHINI.T.S.(WB),2026,OFFLINE,MDN,,BATCH18,,14,6,6,IN PROGRESS,,,,,,,,
1624,BOTANY,Cell : The unit of life,SHINI.T.S.(WB),2026,OFFLINE,MDN,,BATCH18,,29,13,13,IN PROGRESS,,,,,,,,
1625,CHEMISTRY,Chemical and Ionic Equilibrium,SHINI.T.S.(WB),2026,OFFLINE,BDF,,BATCH18,,9,4,4,IN PROGRESS,,,,,,,,
1626,CHEMISTRY,Chemical and Ionic Equilibrium,SHINI.T.S.(WB),2026,OFFLINE,BDF,,BATCH18,,14,6,6,IN PROGRESS,,,,,,,,
1627,CHEMISTRY,Chemical Bonding and Molecular Structure  Structure,SHINI.T.S.(WB),2026,OFFLINE,MCR,,BATCH18,,9,4,4,IN PROGRESS,,,,,,,,
1628,CHEMISTRY,Chemical Bonding and Molecular Structure  Structure,SHINI.T.S.(WB),2026,OFFLINE,MCR,,BATCH18,,12,5,5,IN PROGRESS,,,,,,,,
1629,ZOOLOGY,Chemical Coordination and Integration,SHINI.T.S.(WB),2026,OFFLINE,BBH,,BATCH18,,12,5,5,IN PROGRESS,,,,,,,,
1630,ZOOLOGY,Chemical Coordination and Integration,SHINI.T.S.(WB),2026,OFFLINE,BBH,,BATCH18,,9,4,4,IN PROGRESS,,,,,,,,
1631,CHEMISTRY,Chemical Kinetics,SHINI.T.S.(WB),2026,OFFLINE,BAG,,BATCH18,,10,5,5,IN PROGRESS,,,,,,,,
1632,CHEMISTRY,Chemical Kinetics,SHINI.T.S.(WB),2026,OFFLINE,BAG,,BATCH18,,7,3,3,IN PROGRESS,,,,,,,,
1633,CHEMISTRY,Chemical Kinetics,SHINI.T.S.(WB),2026,OFFLINE,BAG,,BATCH18,,9,4,4,IN PROGRESS,,,,,,,,
1634,CHEMISTRY,Classification of Elements and Periodicity Periodicity in Properties,SHINI.T.S.(WB),2026,OFFLINE,ZAB,,BATCH18,,9,4,4,IN PROGRESS,,,,,,,,
1635,CHEMISTRY,Classification of Elements and Periodicity Periodicity in Properties,SHINI.T.S.(WB),2026,OFFLINE,ZAB,,BATCH18,,15,7,7,IN PROGRESS,,,,,,,,
1636,MATHS,Complex Numbers,SHINI.T.S.(WB),2026,OFFLINE,ZBZ,,BATCH18,,14,6,6,IN PROGRESS,,,,,,,,
1637,MATHS,Complex Numbers,SHINI.T.S.(WB),2026,OFFLINE,ZBZ,,BATCH18,,9,4,4,IN PROGRESS,,,,,,,,
1638,MATHS,Conic Section,SHINI.T.S.(WB),2026,OFFLINE,ZCN,,BATCH18,,19,9,9,IN PROGRESS,,,,,,,,
1639,MATHS,Conic Section,SHINI.T.S.(WB),2026,OFFLINE,ZCN,,BATCH18,,10,5,5,IN PROGRESS,,,,,,,,
1640,MATHS,Conic Section,SHINI.T.S.(WB),2026,OFFLINE,ZCN,,BATCH18,,15,7,7,IN PROGRESS,,,,,,,,
1641,MATHS,"Continuity, Differentiability and Derivatives",SHINI.T.S.(WB),2026,OFFLINE,ZCE,,BATCH18,,14,6,6,IN PROGRESS,,,,,,,,
1642,MATHS,"Continuity, Differentiability and Derivatives",SHINI.T.S.(WB),2026,OFFLINE,ZCE,,BATCH18,,9,4,4,IN PROGRESS,,,,,,,,
1643,CHEMISTRY,Coordination Compounds and Organometallics,SHINI.T.S.(WB),2026,OFFLINE,PAC,,BATCH18,,10,5,5,IN PROGRESS,,,,,,,,
1644,CHEMISTRY,Coordination Compounds and Organometallics,SHINI.T.S.(WB),2026,OFFLINE,PAC,,BATCH18,,14,6,6,IN PROGRESS,,,,,,,,
1645,PHYSICS,Current Electricity,SHINI.T.S.(WB),2026,OFFLINE,PDX,,BATCH18,,12,5,5,IN PROGRESS,,,,,,,,
1646,PHYSICS,Current Electricity,SHINI.T.S.(WB),2026,OFFLINE,PDX,,BATCH18,,14,6,6,IN PROGRESS,,,,,,,,
1647,MATHS,Differential Equations,SHINI.T.S.(WB),2026,OFFLINE,CCS,,BATCH18,,14,6,6,IN PROGRESS,,,,,,,,
1648,MATHS,Differential Equations,SHINI.T.S.(WB),2026,OFFLINE,CCS,,BATCH18,,14,6,6,IN PROGRESS,,,,,,,,
1649,PHYSICS,Dual Nature of Matter and Radiation,SHINI.T.S.(WB),2026,OFFLINE,CDP,,BATCH18,,7,3,3,IN PROGRESS,,,,,,,,
1650,PHYSICS,Dual Nature of Matter and Radiation,SHINI.T.S.(WB),2026,OFFLINE,CDP,,BATCH18,,14,6,6,IN PROGRESS,,,,,,,,
1651,BOTANY,Ecosystem,SHINI.T.S.(WB),2026,OFFLINE,ZBD,,BATCH18,,9,4,4,IN PROGRESS,,,,,,,,
1652,BOTANY,Ecosystem,SHINI.T.S.(WB),2026,OFFLINE,ZBD,,BATCH18,,9,4,4,IN PROGRESS,,,,,,,,
1653,PHYSICS,Electromagnetic Induction and Alternating Current,SHINI.T.S.(WB),2026,OFFLINE,MCM,,BATCH18,,14,6,6,IN PROGRESS,,,,,,,,
1654,PHYSICS,Electromagnetic Induction and Alternating Current,SHINI.T.S.(WB),2026,OFFLINE,MCM,,BATCH18,,21,9,9,IN PROGRESS,,,,,,,,
1655,PHYSICS,Electromagnetic Waves,SHINI.T.S.(WB),2026,OFFLINE,ZDB,,BATCH18,,5,3,3,IN PROGRESS,,,,,,,,
1656,PHYSICS,Electromagnetic Waves,SHINI.T.S.(WB),2026,OFFLINE,ZDB,,BATCH18,,15,7,7,IN PROGRESS,,,,,,,,
1657,PHYSICS,Electrostatics,SHINI.T.S.(WB),2026,OFFLINE,ZDK,,BATCH18,,17,8,8,IN PROGRESS,,,,,,,,
1658,PHYSICS,Electrostatics,SHINI.T.S.(WB),2026,OFFLINE,ZDK,,BATCH18,,12,5,5,IN PROGRESS,,,,,,,,
1659,PHYSICS,Electrostatics,SHINI.T.S.(WB),2026,OFFLINE,ZDK,,BATCH18,,9,4,4,IN PROGRESS,,,,,,,,
1660,ZOOLOGY,Excretory Products and Their Elimination,SHINI.T.S.(WB),2026,OFFLINE,MAT,,BATCH18,,15,7,7,IN PROGRESS,,,,,,,,
1661,ZOOLOGY,Excretory Products and Their Elimination,SHINI.T.S.(WB),2026,OFFLINE,MAT,,BATCH18,,17,8,8,IN PROGRESS,,,,,,,,
1662,PHYSICS,Gravitation,SHINI.T.S.(WB),2026,OFFLINE,ZCW,,BATCH18,,9,4,4,IN PROGRESS,,,,,,,,
1663,PHYSICS,Gravitation,SHINI.T.S.(WB),2026,OFFLINE,ZCW,,BATCH18,,19,9,9,IN PROGRESS,,,,,,,,
1664,CHEMISTRY,Halo Alkanes and Halo Arenes  Arenes,SHINI.T.S.(WB),2026,OFFLINE,ZAU,,BATCH18,,12,5,5,IN PROGRESS,,,,,,,,
1665,CHEMISTRY,Halo Alkanes and Halo Arenes  Arenes,SHINI.T.S.(WB),2026,OFFLINE,ZAU,,BATCH18,,17,8,8,IN PROGRESS,,,,,,,,
1666,CHEMISTRY,Halo Alkanes and Halo Arenes  Arenes,SHINI.T.S.(WB),2026,OFFLINE,ZAU,,BATCH18,,9,4,4,IN PROGRESS,,,,,,,,
1667,ZOOLOGY,Human Health and Disease,SHINI.T.S.(WB),2026,OFFLINE,CCJ,,BATCH18,,17,8,8,IN PROGRESS,,,,,,,,
1668,ZOOLOGY,Human Health and Disease,SHINI.T.S.(WB),2026,OFFLINE,CCJ,,BATCH18,,9,4,4,IN PROGRESS,,,,,,,,
1669,ZOOLOGY,Human Health and Disease,SHINI.T.S.(WB),2026,OFFLINE,CCJ,,BATCH18,,15,7,7,IN PROGRESS,,,,,,,,
1670,ZOOLOGY,Human Reproduction,SHINI.T.S.(WB),2026,OFFLINE,CBV,,BATCH18,,21,9,9,IN PROGRESS,,,,,,,,
1671,ZOOLOGY,Human Reproduction,SHINI.T.S.(WB),2026,OFFLINE,CBV,,BATCH18,,14,6,6,IN PROGRESS,,,,,,,,
1672,CHEMISTRY,Hydrocarbons,SHINI.T.S.(WB),2026,OFFLINE,BDS,,BATCH18,,10,5,5,IN PROGRESS,,,,,,,,
1673,CHEMISTRY,Hydrocarbons,SHINI.T.S.(WB),2026,OFFLINE,BDS,,BATCH18,,9,4,4,IN PROGRESS,,,,,,,,
1674,CHEMISTRY,Hydrocarbons,SHINI.T.S.(WB),2026,OFFLINE,BDS,,BATCH18,,7,3,3,IN PROGRESS,,,,,,,,
1675,MATHS,Integration and its Applications,SHINI.T.S.(WB),2026,OFFLINE,BCE,,BATCH18,,29,13,13,IN PROGRESS,,,,,,,,
1676,MATHS,Integration and its Applications,SHINI.T.S.(WB),2026,OFFLINE,BCE,,BATCH18,,12,5,5,IN PROGRESS,,,,,,,,
1677,PHYSICS,Laws of Motion,SHINI.T.S.(WB),2026,OFFLINE,BCI,,BATCH18,,10,5,5,IN PROGRESS,,,,,,,,
1678,PHYSICS,Laws of Motion,SHINI.T.S.(WB),2026,OFFLINE,BCI,,BATCH18,,12,5,5,IN PROGRESS,,,,,,,,
1679,MATHS,Limits of Real Functions,SHINI.T.S.(WB),2026,OFFLINE,MBQ,,BATCH18,,10,5,5,IN PROGRESS,,,,,,,,
1680,MATHS,Limits of Real Functions,SHINI.T.S.(WB),2026,OFFLINE,MBQ,,BATCH18,,10,5,5,IN PROGRESS,,,,,,,,
1681,ZOOLOGY,Locomotion and Movement,SHINI.T.S.(WB),2026,OFFLINE,ZBH,,BATCH18,,19,9,9,IN PROGRESS,,,,,,,,
1682,ZOOLOGY,Locomotion and Movement,SHINI.T.S.(WB),2026,OFFLINE,ZBH,,BATCH18,,12,5,5,IN PROGRESS,,,,,,,,
1683,MATHS,Logarithm,SHINI.T.S.(WB),2026,OFFLINE,CDG,,BATCH18,,9,4,4,IN PROGRESS,,,,,,,,
1684,MATHS,Logarithm,SHINI.T.S.(WB),2026,OFFLINE,CDG,,BATCH18,,9,4,4,IN PROGRESS,,,,,,,,
1685,MATHS,Logarithm,SHINI.T.S.(WB),2026,OFFLINE,CDG,,BATCH18,,26,12,12,IN PROGRESS,,,,,,,,
1686,PHYSICS,Magnetism and Matter,SHINI.T.S.(WB),2026,OFFLINE,CDX,,BATCH18,,9,4,4,IN PROGRESS,,,,,,,,
1687,PHYSICS,Magnetism and Matter,SHINI.T.S.(WB),2026,OFFLINE,CDX,,BATCH18,,9,4,4,IN PROGRESS,,,,,,,,
1688,PHYSICS,Magnetism and Matter,SHINI.T.S.(WB),2026,OFFLINE,CDX,,BATCH18,,10,5,5,IN PROGRESS,,,,,,,,
1689,MATHS,Matrices and Determinants,SHINI.T.S.(WB),2026,OFFLINE,CDB,,BATCH18,,21,9,9,IN PROGRESS,,,,,,,,
1690,MATHS,Matrices and Determinants,SHINI.T.S.(WB),2026,OFFLINE,CDB,,BATCH18,,10,5,5,IN PROGRESS,,,,,,,,
1691,MATHS,Matrices and Determinants,SHINI.T.S.(WB),2026,OFFLINE,CDB,,BATCH18,,24,11,11,IN PROGRESS,,,,,,,,
1692,ZOOLOGY,Microbes in Human Welfare,SHINI.T.S.(WB),2026,OFFLINE,MAX,,BATCH18,,15,7,7,IN PROGRESS,,,,,,,,
1693,ZOOLOGY,Microbes in Human Welfare,SHINI.T.S.(WB),2026,OFFLINE,MAX,,BATCH18,,10,5,5,IN PROGRESS,,,,,,,,
1694,ZOOLOGY,Molecular Basis of Inheritance,SHINI.T.S.(WB),2026,OFFLINE,PCI,,BATCH18,,17,8,8,IN PROGRESS,,,,,,,,
1695,ZOOLOGY,Molecular Basis of Inheritance,SHINI.T.S.(WB),2026,OFFLINE,PCI,,BATCH18,,7,3,3,IN PROGRESS,,,,,,,,
1696,PHYSICS,Motion in a Plane,SHINI.T.S.(WB),2026,OFFLINE,PDT,,BATCH18,,9,4,4,IN PROGRESS,,,,,,,,
1697,PHYSICS,Motion in a Plane,SHINI.T.S.(WB),2026,OFFLINE,PDT,,BATCH18,,14,6,6,IN PROGRESS,,,,,,,,
1698,PHYSICS,Motion in a Plane,SHINI.T.S.(WB),2026,OFFLINE,PDT,,BATCH18,,14,6,6,IN PROGRESS,,,,,,,,
1699,PHYSICS,Moving Charges and Magnetism,SHINI.T.S.(WB),2026,OFFLINE,BCN,,BATCH18,,12,5,5,IN PROGRESS,,,,,,,,
1700,PHYSICS,Moving Charges and Magnetism,SHINI.T.S.(WB),2026,OFFLINE,BCN,,BATCH18,,9,4,4,IN PROGRESS,,,,,,,,
1701,CHEMISTRY,Organic Chemistry–Some Basic Principles–Part I I (Nomenclature),SHINI.T.S.(WB),2026,OFFLINE,PBW,,BATCH18,,10,5,5,IN PROGRESS,,,,,,,,
1702,CHEMISTRY,Organic Chemistry–Some Basic Principles–Part I I (Nomenclature),SHINI.T.S.(WB),2026,OFFLINE,PBW,,BATCH18,,24,11,11,IN PROGRESS,,,,,,,,
1703,CHEMISTRY,Organic Chemistry–Some Basic Principles–Part I I (Nomenclature),SHINI.T.S.(WB),2026,OFFLINE,PBW,,BATCH18,,7,3,3,IN PROGRESS,,,,,,,,
1704,CHEMISTRY,Organic Chemistry–Some Basic Principles–Part II II (Reaction Mechanism),SHINI.T.S.(WB),2026,OFFLINE,ZDS,,BATCH18,,10,5,5,IN PROGRESS,,,,,,,,
1705,CHEMISTRY,Organic Chemistry–Some Basic Principles–Part II II (Reaction Mechanism),SHINI.T.S.(WB),2026,OFFLINE,ZDS,,BATCH18,,17,8,8,IN PROGRESS,,,,,,,,
1706,BOTANY,Organism and Population,SHINI.T.S.(WB),2026,OFFLINE,MAO,,BATCH18,,14,6,6,IN PROGRESS,,,,,,,,
1707,BOTANY,Organism and Population,SHINI.T.S.(WB),2026,OFFLINE,MAO,,BATCH18,,9,4,4,IN PROGRESS,,,,,,,,
1708,BOTANY,Organism and Population,SHINI.T.S.(WB),2026,OFFLINE,MAO,,BATCH18,,12,5,5,IN PROGRESS,,,,,,,,
1709,PHYSICS,Oscillations,SHINI.T.S.(WB),2026,OFFLINE,CDK,,BATCH18,,9,4,4,IN PROGRESS,,,,,,,,
1710,PHYSICS,Oscillations,SHINI.T.S.(WB),2026,OFFLINE,CDK,,BATCH18,,17,8,8,IN PROGRESS,,,,,,,,
1711,BOTANY,Photosynthesis in Higher Plants,SHINI.T.S.(WB),2026,OFFLINE,CBM,,BATCH18,,19,9,9,IN PROGRESS,,,,,,,,
1712,BOTANY,Photosynthesis in Higher Plants,SHINI.T.S.(WB),2026,OFFLINE,CBM,,BATCH18,,15,7,7,IN PROGRESS,,,,,,,,
1713,BOTANY,Photosynthesis in Higher Plants,SHINI.T.S.(WB),2026,OFFLINE,CBM,,BATCH18,,12,5,5,IN PROGRESS,,,,,,,,
1714,PHYSICS,"Physical World, Units and Measurements",SHINI.T.S.(WB),2026,OFFLINE,MBU,,BATCH18,,9,4,4,IN PROGRESS,,,,,,,,
1715,PHYSICS,"Physical World, Units and Measurements",SHINI.T.S.(WB),2026,OFFLINE,MBU,,BATCH18,,12,5,5,IN PROGRESS,,,,,,,,
1716,BOTANY,Plant Kingdom,SHINI.T.S.(WB),2026,OFFLINE,PAL,,BATCH18,,12,5,5,IN PROGRESS,,,,,,,,
1717,BOTANY,Plant Kingdom,SHINI.T.S.(WB),2026,OFFLINE,PAL,,BATCH18,,10,5,5,IN PROGRESS,,,,,,,,
1718,ZOOLOGY,Principles of Inheritance and Variation,SHINI.T.S.(WB),2026,OFFLINE,ZBV,,BATCH18,,14,6,6,IN PROGRESS,,,,,,,,
1719,ZOOLOGY,Principles of Inheritance and Variation,SHINI.T.S.(WB),2026,OFFLINE,ZBV,,BATCH18,,12,5,5,IN PROGRESS,,,,,,,,
1720,MATHS,Quadratic Equation,SHINI.T.S.(WB),2026,OFFLINE,MBL,,BATCH18,,21,9,9,IN PROGRESS,,,,,,,,
1721,MATHS,Quadratic Equation,SHINI.T.S.(WB),2026,OFFLINE,MBL,,BATCH18,,9,4,4,IN PROGRESS,,,,,,,,
1722,MATHS,Quadratic Equation,SHINI.T.S.(WB),2026,OFFLINE,MBL,,BATCH18,,21,9,9,IN PROGRESS,,,,,,,,
1723,PHYSICS,Ray Optics & Optical Instruments,SHINI.T.S.(WB),2026,OFFLINE,CAL,,BATCH18,,12,5,5,IN PROGRESS,,,,,,,,
1724,PHYSICS,Ray Optics & Optical Instruments,SHINI.T.S.(WB),2026,OFFLINE,CAL,,BATCH18,,14,6,6,IN PROGRESS,,,,,,,,
1725,PHYSICS,Ray Optics & Optical Instruments,SHINI.T.S.(WB),2026,OFFLINE,CAL,,BATCH18,,9,4,4,IN PROGRESS,,,,,,,,
1726,BOTANY,Respiration in Plants,SHINI.T.S.(WB),2026,OFFLINE,MAB,,BATCH18,,14,6,6,IN PROGRESS,,,,,,,,
1727,BOTANY,Respiration in Plants,SHINI.T.S.(WB),2026,OFFLINE,MAB,,BATCH18,,17,8,8,IN PROGRESS,,,,,,,,
1728,PHYSICS,Semiconductor Electronics,SHINI.T.S.(WB),2026,OFFLINE,ZDN,,BATCH18,,10,5,5,IN PROGRESS,,,,,,,,
1729,PHYSICS,Semiconductor Electronics,SHINI.T.S.(WB),2026,OFFLINE,ZDN,,BATCH18,,14,6,6,IN PROGRESS,,,,,,,,
1730,MATHS,Sequences and Series,SHINI.T.S.(WB),2026,OFFLINE,BBZ,,BATCH18,,14,6,6,IN PROGRESS,,,,,,,,
1731,MATHS,Sequences and Series,SHINI.T.S.(WB),2026,OFFLINE,BBZ,,BATCH18,,9,4,4,IN PROGRESS,,,,,,,,
1732,MATHS,Sequences and Series,SHINI.T.S.(WB),2026,OFFLINE,BBZ,,BATCH18,,17,8,8,IN PROGRESS,,,,,,,,
1733,MATHS,"Sets, Relations and  Functions",SHINI.T.S.(WB),2026,OFFLINE,PCW,,BATCH18,,31,14,14,IN PROGRESS,,,,,,,,
1734,MATHS,"Sets, Relations and  Functions",SHINI.T.S.(WB),2026,OFFLINE,PCW,,BATCH18,,12,5,5,IN PROGRESS,,,,,,,,
1735,MATHS,"Sets, Relations and  Functions",SHINI.T.S.(WB),2026,OFFLINE,PCW,,BATCH18,,19,9,9,IN PROGRESS,,,,,,,,
1736,BOTANY,Sexual reproduction in Flowering Plants,SHINI.T.S.(WB),2026,OFFLINE,PBZ,,BATCH18,,17,8,8,IN PROGRESS,,,,,,,,
1737,BOTANY,Sexual reproduction in Flowering Plants,SHINI.T.S.(WB),2026,OFFLINE,PBZ,,BATCH18,,7,3,3,IN PROGRESS,,,,,,,,
1738,BOTANY,Sexual reproduction in Flowering Plants,SHINI.T.S.(WB),2026,OFFLINE,PBZ,,BATCH18,,10,5,5,IN PROGRESS,,,,,,,,
1739,CHEMISTRY,Solutions,SHINI.T.S.(WB),2026,OFFLINE,ZAG,,BATCH18,,7,3,3,IN PROGRESS,,,,,,,,
1740,CHEMISTRY,Solutions,SHINI.T.S.(WB),2026,OFFLINE,ZAG,,BATCH18,,31,14,14,IN PROGRESS,,,,,,,,
1741,CHEMISTRY,Some Basic Concepts of Chemistry,SHINI.T.S.(WB),2026,OFFLINE,CAC,,BATCH18,,7,3,3,IN PROGRESS,,,,,,,,
1742,CHEMISTRY,Some Basic Concepts of Chemistry,SHINI.T.S.(WB),2026,OFFLINE,CAC,,BATCH18,,15,7,7,IN PROGRESS,,,,,,,,
1743,MATHS,Statistics,SHINI.T.S.(WB),2026,OFFLINE,PAG,,BATCH18,,12,5,5,IN PROGRESS,,,,,,,,
1744,MATHS,Statistics,SHINI.T.S.(WB),2026,OFFLINE,PAG,,BATCH18,,10,5,5,IN PROGRESS,,,,,,,,
1745,MATHS,Straight Lines,SHINI.T.S.(WB),2026,OFFLINE,CCN,,BATCH18,,14,6,6,IN PROGRESS,,,,,,,,
1746,MATHS,Straight Lines,SHINI.T.S.(WB),2026,OFFLINE,CCN,,BATCH18,,10,5,5,IN PROGRESS,,,,,,,,
1747,ZOOLOGY,Structural organisation in Animals Morphology of Animals,SHINI.T.S.(WB),2026,OFFLINE,ZBQ,,BATCH18,,21,9,9,IN PROGRESS,,,,,,,,
1748,ZOOLOGY,Structural organisation in Animals Morphology of Animals,SHINI.T.S.(WB),2026,OFFLINE,ZBQ,,BATCH18,,12,5,5,IN PROGRESS,,,,,,,,
1749,ZOOLOGY,Structural organisation in Animals Morphology of Animals,SHINI.T.S.(WB),2026,OFFLINE,ZBQ,,BATCH18,,14,6,6,IN PROGRESS,,,,,,,,
1750,PHYSICS,System of Particles and Rigid Body Rotation,SHINI.T.S.(WB),2026,OFFLINE,MCI,,BATCH18,,10,5,5,IN PROGRESS,,,,,,,,
1751,PHYSICS,System of Particles and Rigid Body Rotation,SHINI.T.S.(WB),2026,OFFLINE,MCI,,BATCH18,,17,8,8,IN PROGRESS,,,,,,,,
1752,PHYSICS,System of Particles and Rigid Body Rotation,SHINI.T.S.(WB),2026,OFFLINE,MCI,,BATCH18,,14,6,6,IN PROGRESS,,,,,,,,
1753,CHEMISTRY,The d and f Block Block Elements,SHINI.T.S.(WB),2026,OFFLINE,CAU,,BATCH18,,9,4,4,IN PROGRESS,,,,,,,,
1754,CHEMISTRY,The d and f Block Block Elements,SHINI.T.S.(WB),2026,OFFLINE,CAU,,BATCH18,,21,9,9,IN PROGRESS,,,,,,,,
1755,MATHS,Theory of Probability,SHINI.T.S.(WB),2026,OFFLINE,PDF,,BATCH18,,14,6,6,IN PROGRESS,,,,,,,,
1756,MATHS,Theory of Probability,SHINI.T.S.(WB),2026,OFFLINE,PDF,,BATCH18,,15,7,7,IN PROGRESS,,,,,,,,
1757,PHYSICS,"Thermal Properties of Matter, Thermodynamics and Kinetic Theory",SHINI.T.S.(WB),2026,OFFLINE,BCW,,BATCH18,,10,5,5,IN PROGRESS,,,,,,,,
1758,PHYSICS,"Thermal Properties of Matter, Thermodynamics and Kinetic Theory",SHINI.T.S.(WB),2026,OFFLINE,BCW,,BATCH18,,10,5,5,IN PROGRESS,,,,,,,,
1759,PHYSICS,"Thermal Properties of Matter, Thermodynamics and Kinetic Theory",SHINI.T.S.(WB),2026,OFFLINE,BCW,,BATCH18,,14,6,6,IN PROGRESS,,,,,,,,
1760,CHEMISTRY,Thermodynamics and Chemical Energetics,SHINI.T.S.(WB),2026,OFFLINE,CAP,,BATCH18,,9,4,4,IN PROGRESS,,,,,,,,
1761,CHEMISTRY,Thermodynamics and Chemical Energetics,SHINI.T.S.(WB),2026,OFFLINE,CAP,,BATCH18,,15,7,7,IN PROGRESS,,,,,,,,
1762,CHEMISTRY,Thermodynamics and Chemical Energetics,SHINI.T.S.(WB),2026,OFFLINE,CAP,,BATCH18,,5,3,3,IN PROGRESS,,,,,,,,
1763,MATHS,Three Dimensional Geometry,SHINI.T.S.(WB),2026,OFFLINE,ZCS,,BATCH18,,17,8,8,IN PROGRESS,,,,,,,,
1764,MATHS,Three Dimensional Geometry,SHINI.T.S.(WB),2026,OFFLINE,ZCS,,BATCH18,,10,5,5,IN PROGRESS,,,,,,,,
1765,MATHS,Trigonometry I,SHINI.T.S.(WB),2026,OFFLINE,BBL,,BATCH18,,24,11,11,IN PROGRESS,,,,,,,,
1766,MATHS,Trigonometry I,SHINI.T.S.(WB),2026,OFFLINE,BBL,,BATCH18,,9,4,4,IN PROGRESS,,,,,,,,
1767,MATHS,Trigonometry II,SHINI.T.S.(WB),2026,OFFLINE,BBQ,,BATCH18,,26,12,12,IN PROGRESS,,,,,,,,
1768,MATHS,Trigonometry II,SHINI.T.S.(WB),2026,OFFLINE,BBQ,,BATCH18,,7,3,3,IN PROGRESS,,,,,,,,
1769,PHYSICS,Wave Optics,SHINI.T.S.(WB),2026,OFFLINE,BDA,,BATCH18,,7,3,3,IN PROGRESS,,,,,,,,
1770,PHYSICS,Wave Optics,SHINI.T.S.(WB),2026,OFFLINE,BDA,,BATCH18,,21,9,9,IN PROGRESS,,,,,,,,
1771,CHEMISTRY,"Alcohols, Phenols and Ethers",HARIKRISHNAN.R,2026,OFFLINE,PAV,,BATCH19,,14,6,6,IN PROGRESS,,,,,,,,
1772,CHEMISTRY,"Alcohols, Phenols and Ethers",HARIKRISHNAN.R,2026,OFFLINE,PAV,,BATCH19,,14,6,6,IN PROGRESS,,,,,,,,
1773,CHEMISTRY,"Alcohols, Phenols and Ethers",HARIKRISHNAN.R,2026,OFFLINE,PAV,,BATCH19,,9,4,4,IN PROGRESS,,,,,,,,
1774,CHEMISTRY,Aldehydes and Ketones,HARIKRISHNAN.R,2026,OFFLINE,MDJ,,BATCH19,,12,5,5,IN PROGRESS,,,,,,,,
1775,CHEMISTRY,Aldehydes and Ketones,HARIKRISHNAN.R,2026,OFFLINE,MDJ,,BATCH19,,14,6,6,IN PROGRESS,,,,,,,,
1776,CHEMISTRY,Amines,HARIKRISHNAN.R,2026,OFFLINE,PAM,,BATCH19,,15,7,7,IN PROGRESS,,,,,,,,
1777,CHEMISTRY,Amines,HARIKRISHNAN.R,2026,OFFLINE,PAM,,BATCH19,,19,9,9,IN PROGRESS,,,,,,,,
1778,CHEMISTRY,Amines,HARIKRISHNAN.R,2026,OFFLINE,PAM,,BATCH19,,10,5,5,IN PROGRESS,,,,,,,,
1779,ZOOLOGY,Animal Kingdom Phylum Chordata,HARIKRISHNAN.R,2026,OFFLINE,BBD,,BATCH19,,15,7,7,IN PROGRESS,,,,,,,,
1780,ZOOLOGY,Animal Kingdom Phylum Chordata,HARIKRISHNAN.R,2026,OFFLINE,BBD,,BATCH19,,10,5,5,IN PROGRESS,,,,,,,,
1781,ZOOLOGY,Animal Kingdom Phylum Chordata,HARIKRISHNAN.R,2026,OFFLINE,BBD,,BATCH19,,17,8,8,IN PROGRESS,,,,,,,,
1782,MATHS,Applications of Differentiation,HARIKRISHNAN.R,2026,OFFLINE,ZCF,,BATCH19,,12,5,5,IN PROGRESS,,,,,,,,
1783,MATHS,Applications of Differentiation,HARIKRISHNAN.R,2026,OFFLINE,ZCF,,BATCH19,,10,5,5,IN PROGRESS,,,,,,,,
1784,PHYSICS,Atoms and Nuclei,HARIKRISHNAN.R,2026,OFFLINE,CDQ,,BATCH19,,9,4,4,IN PROGRESS,,,,,,,,
1785,PHYSICS,Atoms and Nuclei,HARIKRISHNAN.R,2026,OFFLINE,CDQ,,BATCH19,,15,7,7,IN PROGRESS,,,,,,,,
1786,ZOOLOGY,Biodiversity and Conservation,HARIKRISHNAN.R,2026,OFFLINE,JULY,,BATCH19,,9,4,4,IN PROGRESS,,,,,,,,
1787,ZOOLOGY,Biodiversity and Conservation,HARIKRISHNAN.R,2026,OFFLINE,AUGUST,,BATCH19,,7,3,3,IN PROGRESS,,,,,,,,
1788,ZOOLOGY,Biomolecules,HARIKRISHNAN.R,2026,OFFLINE,ZBR,,BATCH19,,14,6,6,IN PROGRESS,,,,,,,,
1789,CHEMISTRY,Biomolecules,HARIKRISHNAN.R,2026,OFFLINE,BDX,,BATCH19,,10,5,5,IN PROGRESS,,,,,,,,
1790,ZOOLOGY,Biomolecules,HARIKRISHNAN.R,2026,OFFLINE,ZBR,,BATCH19,,10,5,5,IN PROGRESS,,,,,,,,
1791,CHEMISTRY,Biomolecules,HARIKRISHNAN.R,2026,OFFLINE,BDX,,BATCH19,,12,5,5,IN PROGRESS,,,,,,,,
1792,ZOOLOGY,Biomolecules,HARIKRISHNAN.R,2026,OFFLINE,ZBR,,BATCH19,,10,5,5,IN PROGRESS,,,,,,,,
1793,BOTANY,Biotechnology : Principles and processes,HARIKRISHNAN.R,2026,OFFLINE,PCA,,BATCH19,,14,6,6,IN PROGRESS,,,,,,,,
1794,BOTANY,Biotechnology : Principles and processes,HARIKRISHNAN.R,2026,OFFLINE,PCA,,BATCH19,,9,4,4,IN PROGRESS,,,,,,,,
1795,BOTANY,Biotechnology : Principles and processes,HARIKRISHNAN.R,2026,OFFLINE,PCA,,BATCH19,,9,4,4,IN PROGRESS,,,,,,,,
1796,BOTANY,Biotechnology and its Applications,HARIKRISHNAN.R,2026,OFFLINE,BAQ,,BATCH19,,12,5,5,IN PROGRESS,,,,,,,,
1797,BOTANY,Biotechnology and its Applications,HARIKRISHNAN.R,2026,OFFLINE,BAQ,,BATCH19,,9,4,4,IN PROGRESS,,,,,,,,
1798,ZOOLOGY,Body Fluids and Circulation,HARIKRISHNAN.R,2026,OFFLINE,BAU,,BATCH19,,14,6,6,IN PROGRESS,,,,,,,,
1799,ZOOLOGY,Body Fluids and Circulation,HARIKRISHNAN.R,2026,OFFLINE,BAU,,BATCH19,,9,4,4,IN PROGRESS,,,,,,,,
1800,ZOOLOGY,Breathing and Exchange of Gases,HARIKRISHNAN.R,2026,OFFLINE,PCF,,BATCH19,,15,7,7,IN PROGRESS,,,,,,,,
1801,ZOOLOGY,Breathing and Exchange of Gases,HARIKRISHNAN.R,2026,OFFLINE,PCF,,BATCH19,,9,4,4,IN PROGRESS,,,,,,,,
1802,CHEMISTRY,Carboxylic Acids and It's Derivatives  Derivatives,HARIKRISHNAN.R,2026,OFFLINE,ZDX,,BATCH19,,10,5,5,IN PROGRESS,,,,,,,,
1803,CHEMISTRY,Carboxylic Acids and It's Derivatives  Derivatives,HARIKRISHNAN.R,2026,OFFLINE,ZDX,,BATCH19,,15,7,7,IN PROGRESS,,,,,,,,
1804,BOTANY,Cell : The unit of life,HARIKRISHNAN.R,2026,OFFLINE,ZAZ,,BATCH19,,14,6,6,IN PROGRESS,,,,,,,,
1805,BOTANY,Cell : The unit of life,HARIKRISHNAN.R,2026,OFFLINE,ZAZ,,BATCH19,,29,13,13,IN PROGRESS,,,,,,,,
1806,BOTANY,Cell Cycle and Cell Division,HARIKRISHNAN.R,2026,OFFLINE,MDO,,BATCH19,,17,8,8,IN PROGRESS,,,,,,,,
1807,BOTANY,Cell Cycle and Cell Division,HARIKRISHNAN.R,2026,OFFLINE,MDO,,BATCH19,,14,6,6,IN PROGRESS,,,,,,,,
1808,CHEMISTRY,Chemical and Ionic Equilibrium,HARIKRISHNAN.R,2026,OFFLINE,CAQ,,BATCH19,,9,4,4,IN PROGRESS,,,,,,,,
1809,CHEMISTRY,Chemical and Ionic Equilibrium,HARIKRISHNAN.R,2026,OFFLINE,CAQ,,BATCH19,,14,6,6,IN PROGRESS,,,,,,,,
1810,CHEMISTRY,Chemical and Ionic Equilibrium,HARIKRISHNAN.R,2026,OFFLINE,CAQ,,BATCH19,,12,5,5,IN PROGRESS,,,,,,,,
1811,CHEMISTRY,Chemical Bonding and Molecular Structure  Structure,HARIKRISHNAN.R,2026,OFFLINE,ZAC,,BATCH19,,9,4,4,IN PROGRESS,,,,,,,,
1812,CHEMISTRY,Chemical Bonding and Molecular Structure  Structure,HARIKRISHNAN.R,2026,OFFLINE,ZAC,,BATCH19,,12,5,5,IN PROGRESS,,,,,,,,
1813,MATHS,Circles,HARIKRISHNAN.R,2026,OFFLINE,CCO,,BATCH19,,15,7,7,IN PROGRESS,,,,,,,,
1814,MATHS,Circles,HARIKRISHNAN.R,2026,OFFLINE,CCO,,BATCH19,,10,5,5,IN PROGRESS,,,,,,,,
1815,MATHS,Complex Numbers,HARIKRISHNAN.R,2026,OFFLINE,MBM,,BATCH19,,14,6,6,IN PROGRESS,,,,,,,,
1816,MATHS,Complex Numbers,HARIKRISHNAN.R,2026,OFFLINE,MBM,,BATCH19,,9,4,4,IN PROGRESS,,,,,,,,
1817,MATHS,Complex Numbers,HARIKRISHNAN.R,2026,OFFLINE,MBM,,BATCH19,,15,7,7,IN PROGRESS,,,,,,,,
1818,MATHS,"Continuity, Differentiability and Derivatives",HARIKRISHNAN.R,2026,OFFLINE,PBS,,BATCH19,,14,6,6,IN PROGRESS,,,,,,,,
1819,MATHS,"Continuity, Differentiability and Derivatives",HARIKRISHNAN.R,2026,OFFLINE,PBS,,BATCH19,,9,4,4,IN PROGRESS,,,,,,,,
1820,CHEMISTRY,Coordination Compounds and Organometallics,HARIKRISHNAN.R,2026,OFFLINE,CAV,,BATCH19,,10,5,5,IN PROGRESS,,,,,,,,
1821,CHEMISTRY,Coordination Compounds and Organometallics,HARIKRISHNAN.R,2026,OFFLINE,CAV,,BATCH19,,14,6,6,IN PROGRESS,,,,,,,,
1822,PHYSICS,Current Electricity,HARIKRISHNAN.R,2026,OFFLINE,ZDL,,BATCH19,,12,5,5,IN PROGRESS,,,,,,,,
1823,PHYSICS,Current Electricity,HARIKRISHNAN.R,2026,OFFLINE,ZDL,,BATCH19,,14,6,6,IN PROGRESS,,,,,,,,
1824,PHYSICS,Current Electricity,HARIKRISHNAN.R,2026,OFFLINE,ZDL,,BATCH19,,9,4,4,IN PROGRESS,,,,,,,,
1825,MATHS,Differential Equations,HARIKRISHNAN.R,2026,OFFLINE,PBJ,,BATCH19,,14,6,6,IN PROGRESS,,,,,,,,
1826,MATHS,Differential Equations,HARIKRISHNAN.R,2026,OFFLINE,PBJ,,BATCH19,,14,6,6,IN PROGRESS,,,,,,,,
1827,PHYSICS,Dual Nature of Matter and Radiation,HARIKRISHNAN.R,2026,OFFLINE,BDB,,BATCH19,,7,3,3,IN PROGRESS,,,,,,,,
1828,PHYSICS,Dual Nature of Matter and Radiation,HARIKRISHNAN.R,2026,OFFLINE,BDB,,BATCH19,,14,6,6,IN PROGRESS,,,,,,,,
1829,BOTANY,Ecosystem,HARIKRISHNAN.R,2026,OFFLINE,MAP,,BATCH19,,9,4,4,IN PROGRESS,,,,,,,,
1830,BOTANY,Ecosystem,HARIKRISHNAN.R,2026,OFFLINE,MAP,,BATCH19,,9,4,4,IN PROGRESS,,,,,,,,
1831,BOTANY,Ecosystem,HARIKRISHNAN.R,2026,OFFLINE,MAP,,BATCH19,,14,6,6,IN PROGRESS,,,,,,,,
1832,CHEMISTRY,Electrochemistry,HARIKRISHNAN.R,2026,OFFLINE,ZAH,,BATCH19,,10,5,5,IN PROGRESS,,,,,,,,
1833,CHEMISTRY,Electrochemistry,HARIKRISHNAN.R,2026,OFFLINE,ZAH,,BATCH19,,24,11,11,IN PROGRESS,,,,,,,,
1834,PHYSICS,Electromagnetic Induction and Alternating Current,HARIKRISHNAN.R,2026,OFFLINE,CDY,,BATCH19,,14,6,6,IN PROGRESS,,,,,,,,
1835,PHYSICS,Electromagnetic Induction and Alternating Current,HARIKRISHNAN.R,2026,OFFLINE,CDY,,BATCH19,,21,9,9,IN PROGRESS,,,,,,,,
1836,PHYSICS,Electromagnetic Induction and Alternating Current,HARIKRISHNAN.R,2026,OFFLINE,CDY,,BATCH19,,9,4,4,IN PROGRESS,,,,,,,,
1837,PHYSICS,Electromagnetic Waves,HARIKRISHNAN.R,2026,OFFLINE,MCN,,BATCH19,,5,3,3,IN PROGRESS,,,,,,,,
1838,PHYSICS,Electromagnetic Waves,HARIKRISHNAN.R,2026,OFFLINE,MCN,,BATCH19,,15,7,7,IN PROGRESS,,,,,,,,
1839,ZOOLOGY,Evolution,HARIKRISHNAN.R,2026,OFFLINE,PCJ,,BATCH19,,24,11,11,IN PROGRESS,,,,,,,,
1840,ZOOLOGY,Evolution,HARIKRISHNAN.R,2026,OFFLINE,PCJ,,BATCH19,,7,3,3,IN PROGRESS,,,,,,,,
1841,ZOOLOGY,Excretory Products and Their Elimination,HARIKRISHNAN.R,2026,OFFLINE,CCF,,BATCH19,,15,7,7,IN PROGRESS,,,,,,,,
1842,ZOOLOGY,Excretory Products and Their Elimination,HARIKRISHNAN.R,2026,OFFLINE,CCF,,BATCH19,,17,8,8,IN PROGRESS,,,,,,,,
1843,ZOOLOGY,Excretory Products and Their Elimination,HARIKRISHNAN.R,2026,OFFLINE,CCF,,BATCH19,,12,5,5,IN PROGRESS,,,,,,,,
1844,PHYSICS,Gravitation,HARIKRISHNAN.R,2026,OFFLINE,MCJ,,BATCH19,,9,4,4,IN PROGRESS,,,,,,,,
1845,PHYSICS,Gravitation,HARIKRISHNAN.R,2026,OFFLINE,MCJ,,BATCH19,,19,9,9,IN PROGRESS,,,,,,,,
1846,PHYSICS,Gravitation,HARIKRISHNAN.R,2026,OFFLINE,MCJ,,BATCH19,,15,7,7,IN PROGRESS,,,,,,,,
1847,CHEMISTRY,Halo Alkanes and Halo Arenes  Arenes,HARIKRISHNAN.R,2026,OFFLINE,BDJ,,BATCH19,,12,5,5,IN PROGRESS,,,,,,,,
1848,CHEMISTRY,Halo Alkanes and Halo Arenes  Arenes,HARIKRISHNAN.R,2026,OFFLINE,BDJ,,BATCH19,,17,8,8,IN PROGRESS,,,,,,,,
1849,ZOOLOGY,Human Reproduction,HARIKRISHNAN.R,2026,OFFLINE,BBI,,BATCH19,,21,9,9,IN PROGRESS,,,,,,,,
1850,ZOOLOGY,Human Reproduction,HARIKRISHNAN.R,2026,OFFLINE,BBI,,BATCH19,,14,6,6,IN PROGRESS,,,,,,,,
1851,PHYSICS,Laws of Motion,HARIKRISHNAN.R,2026,OFFLINE,PDU,,BATCH19,,10,5,5,IN PROGRESS,,,,,,,,
1852,PHYSICS,Laws of Motion,HARIKRISHNAN.R,2026,OFFLINE,PDU,,BATCH19,,12,5,5,IN PROGRESS,,,,,,,,
1853,PHYSICS,Laws of Motion,HARIKRISHNAN.R,2026,OFFLINE,PDU,,BATCH19,,12,5,5,IN PROGRESS,,,,,,,,
1854,MATHS,Limits of Real Functions,HARIKRISHNAN.R,2026,OFFLINE,CDC,,BATCH19,,10,5,5,IN PROGRESS,,,,,,,,
1855,MATHS,Limits of Real Functions,HARIKRISHNAN.R,2026,OFFLINE,CDC,,BATCH19,,10,5,5,IN PROGRESS,,,,,,,,
1856,MATHS,Limits of Real Functions,HARIKRISHNAN.R,2026,OFFLINE,CDC,,BATCH19,,7,3,3,IN PROGRESS,,,,,,,,
1857,MATHS,Linear Inequations and Inequalities,HARIKRISHNAN.R,2026,OFFLINE,BBM,,BATCH19,,7,3,3,IN PROGRESS,,,,,,,,
1858,MATHS,Linear Inequations and Inequalities,HARIKRISHNAN.R,2026,OFFLINE,BBM,,BATCH19,,9,4,4,IN PROGRESS,,,,,,,,
1859,MATHS,Linear Programming,HARIKRISHNAN.R,2026,OFFLINE,PDG,,BATCH19,,7,3,3,IN PROGRESS,,,,,,,,
1860,MATHS,Linear Programming,HARIKRISHNAN.R,2026,OFFLINE,PDG,,BATCH19,,10,5,5,IN PROGRESS,,,,,,,,
1861,ZOOLOGY,Locomotion and Movement,HARIKRISHNAN.R,2026,OFFLINE,MAU,,BATCH19,,19,9,9,IN PROGRESS,,,,,,,,
1862,ZOOLOGY,Locomotion and Movement,HARIKRISHNAN.R,2026,OFFLINE,MAU,,BATCH19,,12,5,5,IN PROGRESS,,,,,,,,
1863,PHYSICS,Magnetism and Matter,HARIKRISHNAN.R,2026,OFFLINE,BCO,,BATCH19,,9,4,4,IN PROGRESS,,,,,,,,
1864,PHYSICS,Magnetism and Matter,HARIKRISHNAN.R,2026,OFFLINE,BCO,,BATCH19,,9,4,4,IN PROGRESS,,,,,,,,
1865,MATHS,Matrices and Determinants,HARIKRISHNAN.R,2026,OFFLINE,BBR,,BATCH19,,21,9,9,IN PROGRESS,,,,,,,,
1866,MATHS,Matrices and Determinants,HARIKRISHNAN.R,2026,OFFLINE,BBR,,BATCH19,,10,5,5,IN PROGRESS,,,,,,,,
1867,PHYSICS,Mechanical Properties of Solids & Fluids,HARIKRISHNAN.R,2026,OFFLINE,ZCX,,BATCH19,,12,5,5,IN PROGRESS,,,,,,,,
1868,PHYSICS,Mechanical Properties of Solids & Fluids,HARIKRISHNAN.R,2026,OFFLINE,ZCX,,BATCH19,,14,6,6,IN PROGRESS,,,,,,,,
1869,ZOOLOGY,Microbes in Human Welfare,HARIKRISHNAN.R,2026,OFFLINE,CCK,,BATCH19,,15,7,7,IN PROGRESS,,,,,,,,
1870,ZOOLOGY,Microbes in Human Welfare,HARIKRISHNAN.R,2026,OFFLINE,CCK,,BATCH19,,10,5,5,IN PROGRESS,,,,,,,,
1871,ZOOLOGY,Microbes in Human Welfare,HARIKRISHNAN.R,2026,OFFLINE,CCK,,BATCH19,,14,6,6,IN PROGRESS,,,,,,,,
1872,ZOOLOGY,Molecular Basis of Inheritance,HARIKRISHNAN.R,2026,OFFLINE,ZBW,,BATCH19,,17,8,8,IN PROGRESS,,,,,,,,
1873,ZOOLOGY,Molecular Basis of Inheritance,HARIKRISHNAN.R,2026,OFFLINE,ZBW,,BATCH19,,7,3,3,IN PROGRESS,,,,,,,,
1874,BOTANY,Morphology of Flowering Plants,HARIKRISHNAN.R,2026,OFFLINE,CAZ,,BATCH19,,14,6,6,IN PROGRESS,,,,,,,,
1875,BOTANY,Morphology of Flowering Plants,HARIKRISHNAN.R,2026,OFFLINE,CAZ,,BATCH19,,14,6,6,IN PROGRESS,,,,,,,,
1876,PHYSICS,Motion in a Straight Line,HARIKRISHNAN.R,2026,OFFLINE,MBV,,BATCH19,,9,4,4,IN PROGRESS,,,,,,,,
1877,PHYSICS,Motion in a Straight Line,HARIKRISHNAN.R,2026,OFFLINE,MBV,,BATCH19,,12,5,5,IN PROGRESS,,,,,,,,
1878,PHYSICS,Moving Charges and Magnetism,HARIKRISHNAN.R,2026,OFFLINE,PDY,,BATCH19,,12,5,5,IN PROGRESS,,,,,,,,
1879,PHYSICS,Moving Charges and Magnetism,HARIKRISHNAN.R,2026,OFFLINE,PDY,,BATCH19,,9,4,4,IN PROGRESS,,,,,,,,
1880,ZOOLOGY,Neural Control and Coordination,HARIKRISHNAN.R,2026,OFFLINE,ZBI,,BATCH19,,15,7,7,IN PROGRESS,,,,,,,,
1881,ZOOLOGY,Neural Control and Coordination,HARIKRISHNAN.R,2026,OFFLINE,ZBI,,BATCH19,,12,5,5,IN PROGRESS,,,,,,,,
1882,CHEMISTRY,Organic Chemistry–Some Basic Principles–Part II II (Reaction Mechanism),HARIKRISHNAN.R,2026,OFFLINE,PAD,,BATCH19,,10,5,5,IN PROGRESS,,,,,,,,
1883,CHEMISTRY,Organic Chemistry–Some Basic Principles–Part II II (Reaction Mechanism),HARIKRISHNAN.R,2026,OFFLINE,PAD,,BATCH19,,17,8,8,IN PROGRESS,,,,,,,,
1884,CHEMISTRY,Organic Chemistry–Some Basic Principles–Part II II (Reaction Mechanism),HARIKRISHNAN.R,2026,OFFLINE,PAD,,BATCH19,,9,4,4,IN PROGRESS,,,,,,,,
1885,CHEMISTRY,Organic Chemistry–Some Basic Principles–Part III III (Purification),HARIKRISHNAN.R,2026,OFFLINE,ZDT,,BATCH19,,10,5,5,IN PROGRESS,,,,,,,,
1886,CHEMISTRY,Organic Chemistry–Some Basic Principles–Part III III (Purification),HARIKRISHNAN.R,2026,OFFLINE,ZDT,,BATCH19,,15,7,7,IN PROGRESS,,,,,,,,
1887,PHYSICS,Oscillations,HARIKRISHNAN.R,2026,OFFLINE,BCX,,BATCH19,,9,4,4,IN PROGRESS,,,,,,,,
1888,PHYSICS,Oscillations,HARIKRISHNAN.R,2026,OFFLINE,BCX,,BATCH19,,17,8,8,IN PROGRESS,,,,,,,,
1889,PHYSICS,Oscillations,HARIKRISHNAN.R,2026,OFFLINE,BCX,,BATCH19,,7,3,3,IN PROGRESS,,,,,,,,
1890,MATHS,"Permutation, Combination and Binomial Theorem",HARIKRISHNAN.R,2026,OFFLINE,ZCA,,BATCH19,,17,8,8,IN PROGRESS,,,,,,,,
1891,MATHS,"Permutation, Combination and Binomial Theorem",HARIKRISHNAN.R,2026,OFFLINE,ZCA,,BATCH19,,9,4,4,IN PROGRESS,,,,,,,,
1892,PHYSICS,"Physical World, Units and Measurements",HARIKRISHNAN.R,2026,OFFLINE,PAR,,BATCH19,,9,4,4,IN PROGRESS,,,,,,,,
1893,PHYSICS,"Physical World, Units and Measurements",HARIKRISHNAN.R,2026,OFFLINE,PAR,,BATCH19,,12,5,5,IN PROGRESS,,,,,,,,
1894,PHYSICS,"Physical World, Units and Measurements",HARIKRISHNAN.R,2026,OFFLINE,PAR,,BATCH19,,21,9,9,IN PROGRESS,,,,,,,,
1895,BOTANY,Plant Growth and Development,HARIKRISHNAN.R,2026,OFFLINE,MAC,,BATCH19,,10,5,5,IN PROGRESS,,,,,,,,
1896,BOTANY,Plant Growth and Development,HARIKRISHNAN.R,2026,OFFLINE,MAC,,BATCH19,,14,6,6,IN PROGRESS,,,,,,,,
1897,BOTANY,Plant Kingdom,HARIKRISHNAN.R,2026,OFFLINE,BAL,,BATCH19,,12,5,5,IN PROGRESS,,,,,,,,
1898,BOTANY,Plant Kingdom,HARIKRISHNAN.R,2026,OFFLINE,BAL,,BATCH19,,10,5,5,IN PROGRESS,,,,,,,,
1899,CHEMISTRY,Practical Chemistry,HARIKRISHNAN.R,2026,OFFLINE,ZAL,,BATCH19,,9,4,4,IN PROGRESS,,,,,,,,
1900,CHEMISTRY,Practical Chemistry,HARIKRISHNAN.R,2026,OFFLINE,ZAL,,BATCH19,,26,12,12,IN PROGRESS,,,,,,,,
1901,PHYSICS,Ray Optics & Optical Instruments,HARIKRISHNAN.R,2026,OFFLINE,ZDC,,BATCH19,,12,5,5,IN PROGRESS,,,,,,,,
1902,PHYSICS,Ray Optics & Optical Instruments,HARIKRISHNAN.R,2026,OFFLINE,ZDC,,BATCH19,,14,6,6,IN PROGRESS,,,,,,,,
1903,CHEMISTRY,Redox Reaction,HARIKRISHNAN.R,2026,OFFLINE,MCS,,BATCH19,,9,4,4,IN PROGRESS,,,,,,,,
1904,CHEMISTRY,Redox Reaction,HARIKRISHNAN.R,2026,OFFLINE,MCS,,BATCH19,,21,9,9,IN PROGRESS,,,,,,,,
1905,ZOOLOGY,Reproductive Health,HARIKRISHNAN.R,2026,OFFLINE,CBW,,BATCH19,,15,7,7,IN PROGRESS,,,,,,,,
1906,ZOOLOGY,Reproductive Health,HARIKRISHNAN.R,2026,OFFLINE,CBW,,BATCH19,,5,3,3,IN PROGRESS,,,,,,,,
1907,BOTANY,Respiration in Plants,HARIKRISHNAN.R,2026,OFFLINE,CBN,,BATCH19,,14,6,6,IN PROGRESS,,,,,,,,
1908,BOTANY,Respiration in Plants,HARIKRISHNAN.R,2026,OFFLINE,CBN,,BATCH19,,17,8,8,IN PROGRESS,,,,,,,,
1909,BOTANY,Respiration in Plants,HARIKRISHNAN.R,2026,OFFLINE,CBN,,BATCH19,,10,5,5,IN PROGRESS,,,,,,,,
1910,CHEMISTRY,Solutions,HARIKRISHNAN.R,2026,OFFLINE,PBN,,BATCH19,,7,3,3,IN PROGRESS,,,,,,,,
1911,CHEMISTRY,Solutions,HARIKRISHNAN.R,2026,OFFLINE,PBN,,BATCH19,,31,14,14,IN PROGRESS,,,,,,,,
1912,CHEMISTRY,Solutions,HARIKRISHNAN.R,2026,OFFLINE,PBN,,BATCH19,,12,5,5,IN PROGRESS,,,,,,,,
1913,CHEMISTRY,Some Basic Concepts of Chemistry,HARIKRISHNAN.R,2026,OFFLINE,ZDO,,BATCH19,,7,3,3,IN PROGRESS,,,,,,,,
1914,CHEMISTRY,Some Basic Concepts of Chemistry,HARIKRISHNAN.R,2026,OFFLINE,ZDO,,BATCH19,,15,7,7,IN PROGRESS,,,,,,,,
1915,MATHS,Statistics,HARIKRISHNAN.R,2026,OFFLINE,ZCO,,BATCH19,,12,5,5,IN PROGRESS,,,,,,,,
1916,MATHS,Statistics,HARIKRISHNAN.R,2026,OFFLINE,ZCO,,BATCH19,,10,5,5,IN PROGRESS,,,,,,,,
1917,MATHS,Statistics,HARIKRISHNAN.R,2026,OFFLINE,ZCO,,BATCH19,,9,4,4,IN PROGRESS,,,,,,,,
1918,MATHS,Straight Lines,HARIKRISHNAN.R,2026,OFFLINE,BCA,,BATCH19,,14,6,6,IN PROGRESS,,,,,,,,
1919,MATHS,Straight Lines,HARIKRISHNAN.R,2026,OFFLINE,BCA,,BATCH19,,10,5,5,IN PROGRESS,,,,,,,,
1920,MATHS,Straight Lines,HARIKRISHNAN.R,2026,OFFLINE,BCA,,BATCH19,,24,11,11,IN PROGRESS,,,,,,,,
1921,ZOOLOGY,Structural organisation in Animals Animal Tissue,HARIKRISHNAN.R,2026,OFFLINE,CBS,,BATCH19,,14,6,6,IN PROGRESS,,,,,,,,
1922,ZOOLOGY,Structural organisation in Animals Animal Tissue,HARIKRISHNAN.R,2026,OFFLINE,CBS,,BATCH19,,9,4,4,IN PROGRESS,,,,,,,,
1923,CHEMISTRY,Structure of Atoms,HARIKRISHNAN.R,2026,OFFLINE,CAD,,BATCH19,,12,5,5,IN PROGRESS,,,,,,,,
1924,CHEMISTRY,Structure of Atoms,HARIKRISHNAN.R,2026,OFFLINE,CAD,,BATCH19,,19,9,9,IN PROGRESS,,,,,,,,
1925,CHEMISTRY,The d and f Block Block Elements,HARIKRISHNAN.R,2026,OFFLINE,PBE,,BATCH19,,9,4,4,IN PROGRESS,,,,,,,,
1926,CHEMISTRY,The d and f Block Block Elements,HARIKRISHNAN.R,2026,OFFLINE,PBE,,BATCH19,,21,9,9,IN PROGRESS,,,,,,,,
1927,CHEMISTRY,The d and f Block Block Elements,HARIKRISHNAN.R,2026,OFFLINE,PBE,,BATCH19,,9,4,4,IN PROGRESS,,,,,,,,
1928,ZOOLOGY,The Living World,HARIKRISHNAN.R,2026,OFFLINE,ZBE,,BATCH19,,9,4,4,IN PROGRESS,,,,,,,,
1929,ZOOLOGY,The Living World,HARIKRISHNAN.R,2026,OFFLINE,ZBE,,BATCH19,,10,5,5,IN PROGRESS,,,,,,,,
1930,CHEMISTRY,The p Block Elements (XI) (XI) & (XII),HARIKRISHNAN.R,2026,OFFLINE,BDG,,BATCH19,,9,4,4,IN PROGRESS,,,,,,,,
1931,CHEMISTRY,The p Block Elements (XI) (XI) & (XII),HARIKRISHNAN.R,2026,OFFLINE,BDG,,BATCH19,,17,8,8,IN PROGRESS,,,,,,,,
1932,MATHS,Theory of Probability,HARIKRISHNAN.R,2026,OFFLINE,PBA,,BATCH19,,14,6,6,IN PROGRESS,,,,,,,,
1933,MATHS,Theory of Probability,HARIKRISHNAN.R,2026,OFFLINE,PBA,,BATCH19,,15,7,7,IN PROGRESS,,,,,,,,
1934,MATHS,Trigonometry I,HARIKRISHNAN.R,2026,OFFLINE,PCX,,BATCH19,,24,11,11,IN PROGRESS,,,,,,,,
1935,MATHS,Trigonometry I,HARIKRISHNAN.R,2026,OFFLINE,PCX,,BATCH19,,9,4,4,IN PROGRESS,,,,,,,,
1936,MATHS,Trigonometry I,HARIKRISHNAN.R,2026,OFFLINE,PCX,,BATCH19,,15,7,7,IN PROGRESS,,,,,,,,
1937,MATHS,Trigonometry II,HARIKRISHNAN.R,2026,OFFLINE,PDB,,BATCH19,,26,12,12,IN PROGRESS,,,,,,,,
1938,MATHS,Trigonometry II,HARIKRISHNAN.R,2026,OFFLINE,PDB,,BATCH19,,7,3,3,IN PROGRESS,,,,,,,,
1939,MATHS,Vectors,HARIKRISHNAN.R,2026,OFFLINE,CCT,,BATCH19,,15,7,7,IN PROGRESS,,,,,,,,
1940,MATHS,Vectors,HARIKRISHNAN.R,2026,OFFLINE,CCT,,BATCH19,,12,5,5,IN PROGRESS,,,,,,,,
1941,PHYSICS,Wave Optics,HARIKRISHNAN.R,2026,OFFLINE,CAM,,BATCH19,,7,3,3,IN PROGRESS,,,,,,,,
1942,PHYSICS,Wave Optics,HARIKRISHNAN.R,2026,OFFLINE,CAM,,BATCH19,,21,9,9,IN PROGRESS,,,,,,,,
1943,PHYSICS,Wave Optics,HARIKRISHNAN.R,2026,OFFLINE,CAM,,BATCH19,,12,5,5,IN PROGRESS,,,,,,,,
1944,PHYSICS,Waves,HARIKRISHNAN.R,2026,OFFLINE,CDL,,BATCH19,,9,4,4,IN PROGRESS,,,,,,,,
1945,PHYSICS,Waves,HARIKRISHNAN.R,2026,OFFLINE,CDL,,BATCH19,,14,6,6,IN PROGRESS,,,,,,,,
1946,PHYSICS,Work Energy & Power,HARIKRISHNAN.R,2026,OFFLINE,BCJ,,BATCH19,,9,4,4,IN PROGRESS,,,,,,,,
1947,PHYSICS,Work Energy & Power,HARIKRISHNAN.R,2026,OFFLINE,BCJ,,BATCH19,,14,6,6,IN PROGRESS,,,,,,,,
1948,CHEMISTRY,"Alcohols, Phenols and Ethers",ARCHANA,2026,OFFLINE,BAA,,BATCH2,,14,0,14,NOT COMPLETED,,,,,,,,
1949,CHEMISTRY,"Alcohols, Phenols and Ethers",ARCHANA,2026,OFFLINE,BAA,,BATCH2,,14,,14,NOT COMPLETED,,,,,,,,
1950,CHEMISTRY,Amines,ARCHANA,2026,OFFLINE,ZAO,,BATCH2,,15,,15,NOT COMPLETED,,,,,,,,
1951,CHEMISTRY,Amines,ARCHANA,2026,OFFLINE,ZAO,,BATCH2,,19,,19,NOT COMPLETED,,,,,,,,
1952,BOTANY,Anatomy of Flowering Plants,ARCHANA,2026,OFFLINE,MDQ,,BATCH2,,12,,12,NOT COMPLETED,,,,,,,,
1953,BOTANY,Anatomy of Flowering Plants,ARCHANA,2026,OFFLINE,MDQ,,BATCH2,,12,,12,NOT COMPLETED,,,,,,,,
1954,ZOOLOGY,Animal Kingdom Non Chordata,ARCHANA,2026,OFFLINE,CBU,,BATCH2,,21,,21,NOT COMPLETED,,,,,,,,
1955,ZOOLOGY,Animal Kingdom Non Chordata,ARCHANA,2026,OFFLINE,CBU,,BATCH2,,9,,9,NOT COMPLETED,,,,,,,,
1956,ZOOLOGY,Animal Kingdom Non Chordata,ARCHANA,2026,OFFLINE,CBU,,BATCH2,,14,,14,NOT COMPLETED,,,,,,,,
1957,ZOOLOGY,Animal Kingdom Phylum Chordata,ARCHANA,2026,OFFLINE,MAJ,,BATCH2,,15,,15,NOT COMPLETED,,,,,,,,
1958,ZOOLOGY,Animal Kingdom Phylum Chordata,ARCHANA,2026,OFFLINE,MAJ,,BATCH2,,10,,10,NOT COMPLETED,,,,,,,,
1959,MATHS,Applications of Differentiation,ARCHANA,2026,OFFLINE,BCH,,BATCH2,,12,,12,NOT COMPLETED,,,,,,,,
1960,MATHS,Applications of Differentiation,ARCHANA,2026,OFFLINE,BCH,,BATCH2,,10,,10,NOT COMPLETED,,,,,,,,
1961,MATHS,Applications of Differentiation,ARCHANA,2026,OFFLINE,BCH,,BATCH2,,14,,14,NOT COMPLETED,,,,,,,,
1962,PHYSICS,Atoms and Nuclei,ARCHANA,2026,OFFLINE,ZDR,,BATCH2,,9,,9,NOT COMPLETED,,,,,,,,
1963,PHYSICS,Atoms and Nuclei,ARCHANA,2026,OFFLINE,ZDR,,BATCH2,,15,,15,NOT COMPLETED,,,,,,,,
1964,PHYSICS,Atoms and Nuclei,ARCHANA,2026,OFFLINE,ZDR,,BATCH2,,9,,9,NOT COMPLETED,,,,,,,,
1965,BOTANY,Biological Classification,ARCHANA,2026,OFFLINE,CBC,,BATCH2,,12,,12,NOT COMPLETED,,,,,,,,
1966,BOTANY,Biological Classification,ARCHANA,2026,OFFLINE,CBC,,BATCH2,,21,,21,NOT COMPLETED,,,,,,,,
1967,ZOOLOGY,Biomolecules,ARCHANA,2026,OFFLINE,BAX,,BATCH2,,14,,14,NOT COMPLETED,,,,,,,,
1968,ZOOLOGY,Biomolecules,ARCHANA,2026,OFFLINE,BAX,,BATCH2,,10,,10,NOT COMPLETED,,,,,,,,
1969,BOTANY,Biotechnology : Principles and processes,ARCHANA,2026,OFFLINE,CBH,,BATCH2,,14,,14,NOT COMPLETED,,,,,,,,
1970,BOTANY,Biotechnology : Principles and processes,ARCHANA,2026,OFFLINE,CBH,,BATCH2,,9,,9,NOT COMPLETED,,,,,,,,
1971,ZOOLOGY,Body Fluids and Circulation,ARCHANA,2026,OFFLINE,PBQ,,BATCH2,,14,,14,NOT COMPLETED,,,,,,,,
1972,ZOOLOGY,Body Fluids and Circulation,ARCHANA,2026,OFFLINE,PBQ,,BATCH2,,9,,9,NOT COMPLETED,,,,,,,,
1973,ZOOLOGY,Body Fluids and Circulation,ARCHANA,2026,OFFLINE,PBQ,,BATCH2,,14,,14,NOT COMPLETED,,,,,,,,
1974,CHEMISTRY,Carboxylic Acids and It's Derivatives  Derivatives,ARCHANA,2026,OFFLINE,MAA,,BATCH2,,10,,10,NOT COMPLETED,,,,,,,,
1975,CHEMISTRY,Carboxylic Acids and It's Derivatives  Derivatives,ARCHANA,2026,OFFLINE,MAA,,BATCH2,,15,,15,NOT COMPLETED,,,,,,,,
1976,CHEMISTRY,Carboxylic Acids and It's Derivatives  Derivatives,ARCHANA,2026,OFFLINE,MAA,,BATCH2,,10,,10,NOT COMPLETED,,,,,,,,
1977,BOTANY,Cell : The unit of life,ARCHANA,2026,OFFLINE,BAF,,BATCH2,,14,,14,NOT COMPLETED,,,,,,,,
1978,BOTANY,Cell : The unit of life,ARCHANA,2026,OFFLINE,BAF,,BATCH2,,29,,29,NOT COMPLETED,,,,,,,,
1979,BOTANY,Cell Cycle and Cell Division,ARCHANA,2026,OFFLINE,CBQ,,BATCH2,,17,,17,NOT COMPLETED,,,,,,,,
1980,BOTANY,Cell Cycle and Cell Division,ARCHANA,2026,OFFLINE,CBQ,,BATCH2,,14,,14,NOT COMPLETED,,,,,,,,
1981,BOTANY,Cell Cycle and Cell Division,ARCHANA,2026,OFFLINE,CBQ,,BATCH2,,14,,14,NOT COMPLETED,,,,,,,,
1982,CHEMISTRY,Chemical and Ionic Equilibrium,ARCHANA,2026,OFFLINE,CDW,,BATCH2,,9,,9,NOT COMPLETED,,,,,,,,
1983,CHEMISTRY,Chemical and Ionic Equilibrium,ARCHANA,2026,OFFLINE,CDW,,BATCH2,,14,,14,NOT COMPLETED,,,,,,,,
1984,CHEMISTRY,Chemical Bonding and Molecular Structure  Structure,ARCHANA,2026,OFFLINE,ZDJ,,BATCH2,,9,,9,NOT COMPLETED,,,,,,,,
1985,CHEMISTRY,Chemical Bonding and Molecular Structure  Structure,ARCHANA,2026,OFFLINE,ZDJ,,BATCH2,,12,,12,NOT COMPLETED,,,,,,,,
1986,ZOOLOGY,Chemical Coordination and Integration,ARCHANA,2026,OFFLINE,CBZ,,BATCH2,,12,,12,NOT COMPLETED,,,,,,,,
1987,ZOOLOGY,Chemical Coordination and Integration,ARCHANA,2026,OFFLINE,CBZ,,BATCH2,,9,,9,NOT COMPLETED,,,,,,,,
1988,CHEMISTRY,Chemical Kinetics,ARCHANA,2026,OFFLINE,CAY,,BATCH2,,10,,10,NOT COMPLETED,,,,,,,,
1989,CHEMISTRY,Chemical Kinetics,ARCHANA,2026,OFFLINE,CAY,,BATCH2,,7,,7,NOT COMPLETED,,,,,,,,
1990,CHEMISTRY,Chemical Kinetics,ARCHANA,2026,OFFLINE,CAY,,BATCH2,,9,,9,NOT COMPLETED,,,,,,,,
1991,CHEMISTRY,Classification of Elements and Periodicity Periodicity in Properties,ARCHANA,2026,OFFLINE,PBV,,BATCH2,,9,,9,NOT COMPLETED,,,,,,,,
1992,CHEMISTRY,Classification of Elements and Periodicity Periodicity in Properties,ARCHANA,2026,OFFLINE,PBV,,BATCH2,,15,,15,NOT COMPLETED,,,,,,,,
1993,MATHS,Complex Numbers,ARCHANA,2026,OFFLINE,PAF,,BATCH2,,14,,14,NOT COMPLETED,,,,,,,,
1994,MATHS,Complex Numbers,ARCHANA,2026,OFFLINE,PAF,,BATCH2,,9,,9,NOT COMPLETED,,,,,,,,
1995,MATHS,Conic Section,ARCHANA,2026,OFFLINE,PDE,,BATCH2,,19,,19,NOT COMPLETED,,,,,,,,
1996,MATHS,Conic Section,ARCHANA,2026,OFFLINE,PDE,,BATCH2,,10,,10,NOT COMPLETED,,,,,,,,
1997,MATHS,Conic Section,ARCHANA,2026,OFFLINE,PDE,,BATCH2,,15,,15,NOT COMPLETED,,,,,,,,
1998,PHYSICS,Current Electricity,ARCHANA,2026,OFFLINE,BCQ,,BATCH2,,12,,12,NOT COMPLETED,,,,,,,,
1999,PHYSICS,Current Electricity,ARCHANA,2026,OFFLINE,BCQ,,BATCH2,,14,,14,NOT COMPLETED,,,,,,,,
2000,BOTANY,Ecosystem,ARCHANA,2026,OFFLINE,MDV,,BATCH2,,9,,9,NOT COMPLETED,,,,,,,,
2001,BOTANY,Ecosystem,ARCHANA,2026,OFFLINE,MDV,,BATCH2,,9,,9,NOT COMPLETED,,,,,,,,
2002,PHYSICS,Electromagnetic Induction and Alternating Current,ARCHANA,2026,OFFLINE,ZDE,,BATCH2,,14,,14,NOT COMPLETED,,,,,,,,
2003,PHYSICS,Electromagnetic Induction and Alternating Current,ARCHANA,2026,OFFLINE,ZDE,,BATCH2,,21,,21,NOT COMPLETED,,,,,,,,
2004,PHYSICS,Electrostatics,ARCHANA,2026,OFFLINE,CAB,,BATCH2,,17,,17,NOT COMPLETED,,,,,,,,
2005,PHYSICS,Electrostatics,ARCHANA,2026,OFFLINE,CAB,,BATCH2,,12,,12,NOT COMPLETED,,,,,,,,
2006,PHYSICS,Electrostatics,ARCHANA,2026,OFFLINE,CAB,,BATCH2,,9,,9,NOT COMPLETED,,,,,,,,
2007,ZOOLOGY,Evolution,ARCHANA,2026,OFFLINE,PAP,,BATCH2,,24,,24,NOT COMPLETED,,,,,,,,
2008,ZOOLOGY,Evolution,ARCHANA,2026,OFFLINE,PAP,,BATCH2,,7,,7,NOT COMPLETED,,,,,,,,
2009,ZOOLOGY,Evolution,ARCHANA,2026,OFFLINE,PAP,,BATCH2,,14,,14,NOT COMPLETED,,,,,,,,
2010,ZOOLOGY,Excretory Products and Their Elimination,ARCHANA,2026,OFFLINE,ZBL,,BATCH2,,15,,15,NOT COMPLETED,,,,,,,,
2011,ZOOLOGY,Excretory Products and Their Elimination,ARCHANA,2026,OFFLINE,ZBL,,BATCH2,,17,,17,NOT COMPLETED,,,,,,,,
2012,PHYSICS,Gravitation,ARCHANA,2026,OFFLINE,PDN,,BATCH2,,9,,9,NOT COMPLETED,,,,,,,,
2013,PHYSICS,Gravitation,ARCHANA,2026,OFFLINE,PDN,,BATCH2,,19,,19,NOT COMPLETED,,,,,,,,
2014,CHEMISTRY,Halo Alkanes and Halo Arenes  Arenes,ARCHANA,2026,OFFLINE,MDM,,BATCH2,,12,,12,NOT COMPLETED,,,,,,,,
2015,CHEMISTRY,Halo Alkanes and Halo Arenes  Arenes,ARCHANA,2026,OFFLINE,MDM,,BATCH2,,17,,17,NOT COMPLETED,,,,,,,,
2016,CHEMISTRY,Halo Alkanes and Halo Arenes  Arenes,ARCHANA,2026,OFFLINE,MDM,,BATCH2,,9,,9,NOT COMPLETED,,,,,,,,
2017,ZOOLOGY,Human Health and Disease,ARCHANA,2026,OFFLINE,MBB,,BATCH2,,17,,17,NOT COMPLETED,,,,,,,,
2018,ZOOLOGY,Human Health and Disease,ARCHANA,2026,OFFLINE,MBB,,BATCH2,,9,,9,NOT COMPLETED,,,,,,,,
2019,CHEMISTRY,Hydrocarbons,ARCHANA,2026,OFFLINE,ZAK,,BATCH2,,10,,10,NOT COMPLETED,,,,,,,,
2020,CHEMISTRY,Hydrocarbons,ARCHANA,2026,OFFLINE,ZAK,,BATCH2,,9,,9,NOT COMPLETED,,,,,,,,
2021,MATHS,Integration and its Applications,ARCHANA,2026,OFFLINE,CCW,,BATCH2,,29,,29,NOT COMPLETED,,,,,,,,
2022,MATHS,Integration and its Applications,ARCHANA,2026,OFFLINE,CCW,,BATCH2,,12,,12,NOT COMPLETED,,,,,,,,
2023,PHYSICS,Laws of Motion,ARCHANA,2026,OFFLINE,CDA,,BATCH2,,10,,10,NOT COMPLETED,,,,,,,,
2024,PHYSICS,Laws of Motion,ARCHANA,2026,OFFLINE,CDA,,BATCH2,,12,,12,NOT COMPLETED,,,,,,,,
2025,MATHS,Limits of Real Functions,ARCHANA,2026,OFFLINE,ZCI,,BATCH2,,10,,10,NOT COMPLETED,,,,,,,,
2026,MATHS,Limits of Real Functions,ARCHANA,2026,OFFLINE,ZCI,,BATCH2,,10,,10,NOT COMPLETED,,,,,,,,
2027,MATHS,Linear Programming,ARCHANA,2026,OFFLINE,CDJ,,BATCH2,,7,,7,NOT COMPLETED,,,,,,,,
2028,MATHS,Linear Programming,ARCHANA,2026,OFFLINE,CDJ,,BATCH2,,10,,10,NOT COMPLETED,,,,,,,,
2029,MATHS,Linear Programming,ARCHANA,2026,OFFLINE,CDJ,,BATCH2,,12,,12,NOT COMPLETED,,,,,,,,
2030,MATHS,Logarithm,ARCHANA,2026,OFFLINE,MBY,,BATCH2,,9,,9,NOT COMPLETED,,,,,,,,
2031,MATHS,Logarithm,ARCHANA,2026,OFFLINE,MBY,,BATCH2,,9,,9,NOT COMPLETED,,,,,,,,
2032,PHYSICS,Magnetism and Matter,ARCHANA,2026,OFFLINE,MCQ,,BATCH2,,9,,9,NOT COMPLETED,,,,,,,,
2033,PHYSICS,Magnetism and Matter,ARCHANA,2026,OFFLINE,MCQ,,BATCH2,,9,,9,NOT COMPLETED,,,,,,,,
2034,PHYSICS,Magnetism and Matter,ARCHANA,2026,OFFLINE,MCQ,,BATCH2,,10,,10,NOT COMPLETED,,,,,,,,
2035,MATHS,Matrices and Determinants,ARCHANA,2026,OFFLINE,MBT,,BATCH2,,21,,21,NOT COMPLETED,,,,,,,,
2036,MATHS,Matrices and Determinants,ARCHANA,2026,OFFLINE,MBT,,BATCH2,,10,,10,NOT COMPLETED,,,,,,,,
2037,MATHS,Matrices and Determinants,ARCHANA,2026,OFFLINE,MBT,,BATCH2,,24,,24,NOT COMPLETED,,,,,,,,
2038,ZOOLOGY,Microbes in Human Welfare,ARCHANA,2026,OFFLINE,ZBP,,BATCH2,,15,,15,NOT COMPLETED,,,,,,,,
2039,ZOOLOGY,Microbes in Human Welfare,ARCHANA,2026,OFFLINE,ZBP,,BATCH2,,10,,10,NOT COMPLETED,,,,,,,,
2040,ZOOLOGY,Molecular Basis of Inheritance,ARCHANA,2026,OFFLINE,BBB,,BATCH2,,17,,17,NOT COMPLETED,,,,,,,,
2041,ZOOLOGY,Molecular Basis of Inheritance,ARCHANA,2026,OFFLINE,BBB,,BATCH2,,7,,7,NOT COMPLETED,,,,,,,,
2042,BOTANY,Morphology of Flowering Plants,ARCHANA,2026,OFFLINE,ZBC,,BATCH2,,14,,14,NOT COMPLETED,,,,,,,,
2043,BOTANY,Morphology of Flowering Plants,ARCHANA,2026,OFFLINE,ZBC,,BATCH2,,14,,14,NOT COMPLETED,,,,,,,,
2044,BOTANY,Morphology of Flowering Plants,ARCHANA,2026,OFFLINE,ZBC,,BATCH2,,9,,9,NOT COMPLETED,,,,,,,,
2045,PHYSICS,Motion in a Plane,ARCHANA,2026,OFFLINE,BCM,,BATCH2,,9,,9,NOT COMPLETED,,,,,,,,
2046,PHYSICS,Motion in a Plane,ARCHANA,2026,OFFLINE,BCM,,BATCH2,,14,,14,NOT COMPLETED,,,,,,,,
2047,PHYSICS,Motion in a Straight Line,ARCHANA,2026,OFFLINE,PDW,,BATCH2,,9,,9,NOT COMPLETED,,,,,,,,
2048,PHYSICS,Motion in a Straight Line,ARCHANA,2026,OFFLINE,PDW,,BATCH2,,12,,12,NOT COMPLETED,,,,,,,,
2049,PHYSICS,Motion in a Straight Line,ARCHANA,2026,OFFLINE,PDW,,BATCH2,,10,,10,NOT COMPLETED,,,,,,,,
2050,ZOOLOGY,Neural Control and Coordination,ARCHANA,2026,OFFLINE,PBH,,BATCH2,,15,,15,NOT COMPLETED,,,,,,,,
2051,ZOOLOGY,Neural Control and Coordination,ARCHANA,2026,OFFLINE,PBH,,BATCH2,,12,,12,NOT COMPLETED,,,,,,,,
2052,ZOOLOGY,Neural Control and Coordination,ARCHANA,2026,OFFLINE,PBH,,BATCH2,,9,,9,NOT COMPLETED,,,,,,,,
2053,CHEMISTRY,Organic Chemistry–Some Basic Principles–Part I I (Nomenclature),ARCHANA,2026,OFFLINE,ZDW,,BATCH2,,10,,10,NOT COMPLETED,,,,,,,,
2054,CHEMISTRY,Organic Chemistry–Some Basic Principles–Part I I (Nomenclature),ARCHANA,2026,OFFLINE,ZDW,,BATCH2,,24,,24,NOT COMPLETED,,,,,,,,
2055,CHEMISTRY,Organic Chemistry–Some Basic Principles–Part II II (Reaction Mechanism),ARCHANA,2026,OFFLINE,CAK,,BATCH2,,10,,10,NOT COMPLETED,,,,,,,,
2056,CHEMISTRY,Organic Chemistry–Some Basic Principles–Part II II (Reaction Mechanism),ARCHANA,2026,OFFLINE,CAK,,BATCH2,,17,,17,NOT COMPLETED,,,,,,,,
2057,BOTANY,Organism and Population,ARCHANA,2026,OFFLINE,ZBG,,BATCH2,,14,,14,NOT COMPLETED,,,,,,,,
2058,BOTANY,Organism and Population,ARCHANA,2026,OFFLINE,ZBG,,BATCH2,,9,,9,NOT COMPLETED,,,,,,,,
2059,PHYSICS,Oscillations,ARCHANA,2026,OFFLINE,MCC,,BATCH2,,9,,9,NOT COMPLETED,,,,,,,,
2060,PHYSICS,Oscillations,ARCHANA,2026,OFFLINE,MCC,,BATCH2,,17,,17,NOT COMPLETED,,,,,,,,
2061,BOTANY,Photosynthesis in Higher Plants,ARCHANA,2026,OFFLINE,MAE,,BATCH2,,19,,19,NOT COMPLETED,,,,,,,,
2062,BOTANY,Photosynthesis in Higher Plants,ARCHANA,2026,OFFLINE,MAE,,BATCH2,,15,,15,NOT COMPLETED,,,,,,,,
2063,PHYSICS,"Physical World, Units and Measurements",ARCHANA,2026,OFFLINE,ZCM,,BATCH2,,9,,9,NOT COMPLETED,,,,,,,,
2064,PHYSICS,"Physical World, Units and Measurements",ARCHANA,2026,OFFLINE,ZCM,,BATCH2,,12,,12,NOT COMPLETED,,,,,,,,
2065,CHEMISTRY,Practical Chemistry,ARCHANA,2026,OFFLINE,BAO,,BATCH2,,9,,9,NOT COMPLETED,,,,,,,,
2066,CHEMISTRY,Practical Chemistry,ARCHANA,2026,OFFLINE,BAO,,BATCH2,,26,,26,NOT COMPLETED,,,,,,,,
2067,CHEMISTRY,Practical Chemistry,ARCHANA,2026,OFFLINE,BAO,,BATCH2,,7,,7,NOT COMPLETED,,,,,,,,
2068,ZOOLOGY,Principles of Inheritance and Variation,ARCHANA,2026,OFFLINE,PCM,,BATCH2,,14,,14,NOT COMPLETED,,,,,,,,
2069,ZOOLOGY,Principles of Inheritance and Variation,ARCHANA,2026,OFFLINE,PCM,,BATCH2,,12,,12,NOT COMPLETED,,,,,,,,
2070,MATHS,Quadratic Equation,ARCHANA,2026,OFFLINE,ZCD,,BATCH2,,21,,21,NOT COMPLETED,,,,,,,,
2071,MATHS,Quadratic Equation,ARCHANA,2026,OFFLINE,ZCD,,BATCH2,,9,,9,NOT COMPLETED,,,,,,,,
2072,PHYSICS,Ray Optics & Optical Instruments,ARCHANA,2026,OFFLINE,BDE,,BATCH2,,12,,12,NOT COMPLETED,,,,,,,,
2073,PHYSICS,Ray Optics & Optical Instruments,ARCHANA,2026,OFFLINE,BDE,,BATCH2,,14,,14,NOT COMPLETED,,,,,,,,
2074,PHYSICS,Ray Optics & Optical Instruments,ARCHANA,2026,OFFLINE,BDE,,BATCH2,,9,,9,NOT COMPLETED,,,,,,,,
2075,CHEMISTRY,Redox Reaction,ARCHANA,2026,OFFLINE,CAT,,BATCH2,,9,,9,NOT COMPLETED,,,,,,,,
2076,CHEMISTRY,Redox Reaction,ARCHANA,2026,OFFLINE,CAT,,BATCH2,,21,,21,NOT COMPLETED,,,,,,,,
2077,CHEMISTRY,Redox Reaction,ARCHANA,2026,OFFLINE,CAT,,BATCH2,,14,,14,NOT COMPLETED,,,,,,,,
2078,ZOOLOGY,Reproductive Health,ARCHANA,2026,OFFLINE,PAY,,BATCH2,,15,,15,NOT COMPLETED,,,,,,,,
2079,ZOOLOGY,Reproductive Health,ARCHANA,2026,OFFLINE,PAY,,BATCH2,,5,,5,NOT COMPLETED,,,,,,,,
2080,ZOOLOGY,Reproductive Health,ARCHANA,2026,OFFLINE,PAY,,BATCH2,,15,,15,NOT COMPLETED,,,,,,,,
2081,BOTANY,Respiration in Plants,ARCHANA,2026,OFFLINE,ZAT,,BATCH2,,14,,14,NOT COMPLETED,,,,,,,,
2082,BOTANY,Respiration in Plants,ARCHANA,2026,OFFLINE,ZAT,,BATCH2,,17,,17,NOT COMPLETED,,,,,,,,
2083,PHYSICS,Semiconductor Electronics,ARCHANA,2026,OFFLINE,CAF,,BATCH2,,10,,10,NOT COMPLETED,,,,,,,,
2084,PHYSICS,Semiconductor Electronics,ARCHANA,2026,OFFLINE,CAF,,BATCH2,,14,,14,NOT COMPLETED,,,,,,,,
2085,MATHS,Sequences and Series,ARCHANA,2026,OFFLINE,CCR,,BATCH2,,14,,14,NOT COMPLETED,,,,,,,,
2086,MATHS,Sequences and Series,ARCHANA,2026,OFFLINE,CCR,,BATCH2,,9,,9,NOT COMPLETED,,,,,,,,
2087,MATHS,Sequences and Series,ARCHANA,2026,OFFLINE,CCR,,BATCH2,,17,,17,NOT COMPLETED,,,,,,,,
2088,MATHS,"Sets, Relations and  Functions",ARCHANA,2026,OFFLINE,BBP,,BATCH2,,31,,31,NOT COMPLETED,,,,,,,,
2089,MATHS,"Sets, Relations and  Functions",ARCHANA,2026,OFFLINE,BBP,,BATCH2,,12,,12,NOT COMPLETED,,,,,,,,
2090,BOTANY,Sexual reproduction in Flowering Plants,ARCHANA,2026,OFFLINE,BAS,,BATCH2,,17,,17,NOT COMPLETED,,,,,,,,
2091,BOTANY,Sexual reproduction in Flowering Plants,ARCHANA,2026,OFFLINE,BAS,,BATCH2,,7,,7,NOT COMPLETED,,,,,,,,
2092,CHEMISTRY,Solutions,ARCHANA,2026,OFFLINE,MCZ,,BATCH2,,7,,7,NOT COMPLETED,,,,,,,,
2093,CHEMISTRY,Solutions,ARCHANA,2026,OFFLINE,MCZ,,BATCH2,,31,,31,NOT COMPLETED,,,,,,,,
2094,CHEMISTRY,Some Basic Concepts of Chemistry,ARCHANA,2026,OFFLINE,BCV,,BATCH2,,7,,7,NOT COMPLETED,,,,,,,,
2095,CHEMISTRY,Some Basic Concepts of Chemistry,ARCHANA,2026,OFFLINE,BCV,,BATCH2,,15,,15,NOT COMPLETED,,,,,,,,
2096,MATHS,Statistics,ARCHANA,2026,OFFLINE,BBU,,BATCH2,,12,,12,NOT COMPLETED,,,,,,,,
2097,MATHS,Statistics,ARCHANA,2026,OFFLINE,BBU,,BATCH2,,10,,10,NOT COMPLETED,,,,,,,,
2098,MATHS,Straight Lines,ARCHANA,2026,OFFLINE,MBG,,BATCH2,,14,,14,NOT COMPLETED,,,,,,,,
2099,MATHS,Straight Lines,ARCHANA,2026,OFFLINE,MBG,,BATCH2,,10,,10,NOT COMPLETED,,,,,,,,
2100,ZOOLOGY,Structural organisation in Animals Morphology of Animals,ARCHANA,2026,OFFLINE,PCH,,BATCH2,,21,,21,NOT COMPLETED,,,,,,,,
2101,ZOOLOGY,Structural organisation in Animals Morphology of Animals,ARCHANA,2026,OFFLINE,PCH,,BATCH2,,12,,12,NOT COMPLETED,,,,,,,,
2102,ZOOLOGY,Structural organisation in Animals Morphology of Animals,ARCHANA,2026,OFFLINE,PCH,,BATCH2,,14,,14,NOT COMPLETED,,,,,,,,
2103,CHEMISTRY,Structure of Atoms,ARCHANA,2026,OFFLINE,ZAF,,BATCH2,,12,,12,NOT COMPLETED,,,,,,,,
2104,CHEMISTRY,Structure of Atoms,ARCHANA,2026,OFFLINE,ZAF,,BATCH2,,19,,19,NOT COMPLETED,,,,,,,,
2105,CHEMISTRY,Structure of Atoms,ARCHANA,2026,OFFLINE,ZAF,,BATCH2,,12,,12,NOT COMPLETED,,,,,,,,
2106,PHYSICS,System of Particles and Rigid Body Rotation,ARCHANA,2026,OFFLINE,ZDA,,BATCH2,,10,,10,NOT COMPLETED,,,,,,,,
2107,PHYSICS,System of Particles and Rigid Body Rotation,ARCHANA,2026,OFFLINE,ZDA,,BATCH2,,17,,17,NOT COMPLETED,,,,,,,,
2108,CHEMISTRY,The d and f Block Block Elements,ARCHANA,2026,OFFLINE,BDM,,BATCH2,,9,,9,NOT COMPLETED,,,,,,,,
2109,CHEMISTRY,The d and f Block Block Elements,ARCHANA,2026,OFFLINE,BDM,,BATCH2,,21,,21,NOT COMPLETED,,,,,,,,
2110,MATHS,Theory of Probability,ARCHANA,2026,OFFLINE,BBY,,BATCH2,,14,,14,NOT COMPLETED,,,,,,,,
2111,MATHS,Theory of Probability,ARCHANA,2026,OFFLINE,BBY,,BATCH2,,15,,15,NOT COMPLETED,,,,,,,,
2112,PHYSICS,"Thermal Properties of Matter, Thermodynamics and Kinetic Theory",ARCHANA,2026,OFFLINE,CDO,,BATCH2,,10,,10,NOT COMPLETED,,,,,,,,
2113,PHYSICS,"Thermal Properties of Matter, Thermodynamics and Kinetic Theory",ARCHANA,2026,OFFLINE,CDO,,BATCH2,,10,,10,NOT COMPLETED,,,,,,,,
2114,CHEMISTRY,Thermodynamics and Chemical Energetics,ARCHANA,2026,OFFLINE,PBM,,BATCH2,,9,,9,NOT COMPLETED,,,,,,,,
2115,CHEMISTRY,Thermodynamics and Chemical Energetics,ARCHANA,2026,OFFLINE,PBM,,BATCH2,,15,,15,NOT COMPLETED,,,,,,,,
2116,MATHS,Three Dimensional Geometry,ARCHANA,2026,OFFLINE,PDJ,,BATCH2,,17,,17,NOT COMPLETED,,,,,,,,
2117,MATHS,Three Dimensional Geometry,ARCHANA,2026,OFFLINE,PDJ,,BATCH2,,10,,10,NOT COMPLETED,,,,,,,,
2118,MATHS,Trigonometry I,ARCHANA,2026,OFFLINE,CCD,,BATCH2,,24,,24,NOT COMPLETED,,,,,,,,
2119,MATHS,Trigonometry I,ARCHANA,2026,OFFLINE,CCD,,BATCH2,,9,,9,NOT COMPLETED,,,,,,,,
2120,MATHS,Vectors,ARCHANA,2026,OFFLINE,ZCV,,BATCH2,,15,,15,NOT COMPLETED,,,,,,,,
2121,MATHS,Vectors,ARCHANA,2026,OFFLINE,ZCV,,BATCH2,,12,,12,NOT COMPLETED,,,,,,,,
2122,MATHS,Vectors,ARCHANA,2026,OFFLINE,ZCV,,BATCH2,,14,,14,NOT COMPLETED,,,,,,,,
2123,PHYSICS,Wave Optics,ARCHANA,2026,OFFLINE,CDR,,BATCH2,,7,,7,NOT COMPLETED,,,,,,,,
2124,PHYSICS,Wave Optics,ARCHANA,2026,OFFLINE,CDR,,BATCH2,,21,,21,NOT COMPLETED,,,,,,,,
2125,CHEMISTRY,"Alcohols, Phenols and Ethers",ALBIN.VARGHESE,2026,OFFLINE,BDK,,BATCH20,,14,,14,NOT COMPLETED,,,,,,,,
2126,CHEMISTRY,"Alcohols, Phenols and Ethers",ALBIN.VARGHESE,2026,OFFLINE,BDK,,BATCH20,,14,,14,NOT COMPLETED,,,,,,,,
2127,CHEMISTRY,Aldehydes and Ketones,ALBIN.VARGHESE,2026,OFFLINE,ZAV,,BATCH20,,12,,12,NOT COMPLETED,,,,,,,,
2128,CHEMISTRY,Aldehydes and Ketones,ALBIN.VARGHESE,2026,OFFLINE,ZAV,,BATCH20,,14,,14,NOT COMPLETED,,,,,,,,
2129,CHEMISTRY,Aldehydes and Ketones,ALBIN.VARGHESE,2026,OFFLINE,ZAV,,BATCH20,,10,,10,NOT COMPLETED,,,,,,,,
2130,CHEMISTRY,Amines,ALBIN.VARGHESE,2026,OFFLINE,ZDY,,BATCH20,,15,,15,NOT COMPLETED,,,,,,,,
2131,CHEMISTRY,Amines,ALBIN.VARGHESE,2026,OFFLINE,ZDY,,BATCH20,,19,,19,NOT COMPLETED,,,,,,,,
2132,BOTANY,Anatomy of Flowering Plants,ALBIN.VARGHESE,2026,OFFLINE,CBA,,BATCH20,,12,,12,NOT COMPLETED,,,,,,,,
2133,BOTANY,Anatomy of Flowering Plants,ALBIN.VARGHESE,2026,OFFLINE,CBA,,BATCH20,,12,,12,NOT COMPLETED,,,,,,,,
2134,ZOOLOGY,Animal Kingdom Non Chordata,ALBIN.VARGHESE,2026,OFFLINE,PAW,,BATCH20,,21,,21,NOT COMPLETED,,,,,,,,
2135,ZOOLOGY,Animal Kingdom Non Chordata,ALBIN.VARGHESE,2026,OFFLINE,PAW,,BATCH20,,9,,9,NOT COMPLETED,,,,,,,,
2136,MATHS,Applications of Differentiation,ALBIN.VARGHESE,2026,OFFLINE,MBR,,BATCH20,,12,,12,NOT COMPLETED,,,,,,,,
2137,MATHS,Applications of Differentiation,ALBIN.VARGHESE,2026,OFFLINE,MBR,,BATCH20,,10,,10,NOT COMPLETED,,,,,,,,
2138,PHYSICS,Atoms and Nuclei,ALBIN.VARGHESE,2026,OFFLINE,BDC,,BATCH20,,9,,9,NOT COMPLETED,,,,,,,,
2139,PHYSICS,Atoms and Nuclei,ALBIN.VARGHESE,2026,OFFLINE,BDC,,BATCH20,,15,,15,NOT COMPLETED,,,,,,,,
2140,ZOOLOGY,Biodiversity and Conservation,ALBIN.VARGHESE,2026,OFFLINE,CCL,,BATCH20,,9,,9,NOT COMPLETED,,,,,,,,
2141,ZOOLOGY,Biodiversity and Conservation,ALBIN.VARGHESE,2026,OFFLINE,CCL,,BATCH20,,7,,7,NOT COMPLETED,,,,,,,,
2142,ZOOLOGY,Biodiversity and Conservation,ALBIN.VARGHESE,2026,OFFLINE,CCL,,BATCH20,,15,,15,NOT COMPLETED,,,,,,,,
2143,BOTANY,Biological Classification,ALBIN.VARGHESE,2026,OFFLINE,ZAM,,BATCH20,,12,,12,NOT COMPLETED,,,,,,,,
2144,BOTANY,Biological Classification,ALBIN.VARGHESE,2026,OFFLINE,ZAM,,BATCH20,,21,,21,NOT COMPLETED,,,,,,,,
2145,CHEMISTRY,Biomolecules,ALBIN.VARGHESE,2026,OFFLINE,CBJ,,BATCH20,,10,,10,NOT COMPLETED,,,,,,,,
2146,CHEMISTRY,Biomolecules,ALBIN.VARGHESE,2026,OFFLINE,CBJ,,BATCH20,,12,,12,NOT COMPLETED,,,,,,,,
2147,CHEMISTRY,Biomolecules,ALBIN.VARGHESE,2026,OFFLINE,CBJ,,BATCH20,,10,,10,NOT COMPLETED,,,,,,,,
2148,BOTANY,Biotechnology and its Applications,ALBIN.VARGHESE,2026,OFFLINE,PCB,,BATCH20,,12,,12,NOT COMPLETED,,,,,,,,
2149,BOTANY,Biotechnology and its Applications,ALBIN.VARGHESE,2026,OFFLINE,PCB,,BATCH20,,9,,9,NOT COMPLETED,,,,,,,,
2150,BOTANY,Biotechnology and its Applications,ALBIN.VARGHESE,2026,OFFLINE,PCB,,BATCH20,,12,,12,NOT COMPLETED,,,,,,,,
2151,ZOOLOGY,Body Fluids and Circulation,ALBIN.VARGHESE,2026,OFFLINE,PCG,,BATCH20,,14,,14,NOT COMPLETED,,,,,,,,
2152,ZOOLOGY,Body Fluids and Circulation,ALBIN.VARGHESE,2026,OFFLINE,PCG,,BATCH20,,9,,9,NOT COMPLETED,,,,,,,,
2153,ZOOLOGY,Breathing and Exchange of Gases,ALBIN.VARGHESE,2026,OFFLINE,ZBS,,BATCH20,,15,,15,NOT COMPLETED,,,,,,,,
2154,ZOOLOGY,Breathing and Exchange of Gases,ALBIN.VARGHESE,2026,OFFLINE,ZBS,,BATCH20,,9,,9,NOT COMPLETED,,,,,,,,
2155,ZOOLOGY,Breathing and Exchange of Gases,ALBIN.VARGHESE,2026,OFFLINE,ZBS,,BATCH20,,17,,17,NOT COMPLETED,,,,,,,,
2156,CHEMISTRY,Carboxylic Acids and It's Derivatives  Derivatives,ALBIN.VARGHESE,2026,OFFLINE,MDK,,BATCH20,,10,,10,NOT COMPLETED,,,,,,,,
2157,CHEMISTRY,Carboxylic Acids and It's Derivatives  Derivatives,ALBIN.VARGHESE,2026,OFFLINE,MDK,,BATCH20,,15,,15,NOT COMPLETED,,,,,,,,
2158,BOTANY,Cell Cycle and Cell Division,ALBIN.VARGHESE,2026,OFFLINE,ZBA,,BATCH20,,17,,17,NOT COMPLETED,,,,,,,,
2159,BOTANY,Cell Cycle and Cell Division,ALBIN.VARGHESE,2026,OFFLINE,ZBA,,BATCH20,,14,,14,NOT COMPLETED,,,,,,,,
2160,ZOOLOGY,Chemical Coordination and Integration,ALBIN.VARGHESE,2026,OFFLINE,ZBJ,,BATCH20,,12,,12,NOT COMPLETED,,,,,,,,
2161,ZOOLOGY,Chemical Coordination and Integration,ALBIN.VARGHESE,2026,OFFLINE,ZBJ,,BATCH20,,9,,9,NOT COMPLETED,,,,,,,,
2162,CHEMISTRY,Chemical Kinetics,ALBIN.VARGHESE,2026,OFFLINE,ZAI,,BATCH20,,10,,10,NOT COMPLETED,,,,,,,,
2163,CHEMISTRY,Chemical Kinetics,ALBIN.VARGHESE,2026,OFFLINE,ZAI,,BATCH20,,7,,7,NOT COMPLETED,,,,,,,,
2164,MATHS,Circles,ALBIN.VARGHESE,2026,OFFLINE,BCB,,BATCH20,,15,,15,NOT COMPLETED,,,,,,,,
2165,MATHS,Circles,ALBIN.VARGHESE,2026,OFFLINE,BCB,,BATCH20,,10,,10,NOT COMPLETED,,,,,,,,
2166,MATHS,Circles,ALBIN.VARGHESE,2026,OFFLINE,BCB,,BATCH20,,17,,17,NOT COMPLETED,,,,,,,,
2167,CHEMISTRY,Classification of Elements and Periodicity Periodicity in Properties,ALBIN.VARGHESE,2026,OFFLINE,CAE,,BATCH20,,9,,9,NOT COMPLETED,,,,,,,,
2168,CHEMISTRY,Classification of Elements and Periodicity Periodicity in Properties,ALBIN.VARGHESE,2026,OFFLINE,CAE,,BATCH20,,15,,15,NOT COMPLETED,,,,,,,,
2169,MATHS,Conic Section,ALBIN.VARGHESE,2026,OFFLINE,CCP,,BATCH20,,19,,19,NOT COMPLETED,,,,,,,,
2170,MATHS,Conic Section,ALBIN.VARGHESE,2026,OFFLINE,CCP,,BATCH20,,10,,10,NOT COMPLETED,,,,,,,,
2171,MATHS,"Continuity, Differentiability and Derivatives",ALBIN.VARGHESE,2026,OFFLINE,CDD,,BATCH20,,14,,14,NOT COMPLETED,,,,,,,,
2172,MATHS,"Continuity, Differentiability and Derivatives",ALBIN.VARGHESE,2026,OFFLINE,CDD,,BATCH20,,9,,9,NOT COMPLETED,,,,,,,,
2173,MATHS,"Continuity, Differentiability and Derivatives",ALBIN.VARGHESE,2026,OFFLINE,CDD,,BATCH20,,21,,21,NOT COMPLETED,,,,,,,,
2174,CHEMISTRY,Coordination Compounds and Organometallics,ALBIN.VARGHESE,2026,OFFLINE,BAH,,BATCH20,,10,,10,NOT COMPLETED,,,,,,,,
2175,CHEMISTRY,Coordination Compounds and Organometallics,ALBIN.VARGHESE,2026,OFFLINE,BAH,,BATCH20,,14,,14,NOT COMPLETED,,,,,,,,
2176,CHEMISTRY,Coordination Compounds and Organometallics,ALBIN.VARGHESE,2026,OFFLINE,BAH,,BATCH20,,9,,9,NOT COMPLETED,,,,,,,,
2177,PHYSICS,Dual Nature of Matter and Radiation,ALBIN.VARGHESE,2026,OFFLINE,CAN,,BATCH20,,7,,7,NOT COMPLETED,,,,,,,,
2178,PHYSICS,Dual Nature of Matter and Radiation,ALBIN.VARGHESE,2026,OFFLINE,CAN,,BATCH20,,14,,14,NOT COMPLETED,,,,,,,,
2179,PHYSICS,Dual Nature of Matter and Radiation,ALBIN.VARGHESE,2026,OFFLINE,CAN,,BATCH20,,10,,10,NOT COMPLETED,,,,,,,,
2180,CHEMISTRY,Electrochemistry,ALBIN.VARGHESE,2026,OFFLINE,BDT,,BATCH20,,10,,10,NOT COMPLETED,,,,,,,,
2181,CHEMISTRY,Electrochemistry,ALBIN.VARGHESE,2026,OFFLINE,BDT,,BATCH20,,24,,24,NOT COMPLETED,,,,,,,,
2182,CHEMISTRY,Electrochemistry,ALBIN.VARGHESE,2026,OFFLINE,BDT,,BATCH20,,9,,9,NOT COMPLETED,,,,,,,,
2183,PHYSICS,Electromagnetic Induction and Alternating Current,ALBIN.VARGHESE,2026,OFFLINE,PBK,,BATCH20,,14,,14,NOT COMPLETED,,,,,,,,
2184,PHYSICS,Electromagnetic Induction and Alternating Current,ALBIN.VARGHESE,2026,OFFLINE,PBK,,BATCH20,,21,,21,NOT COMPLETED,,,,,,,,
2185,PHYSICS,Electromagnetic Waves,ALBIN.VARGHESE,2026,OFFLINE,CDZ,,BATCH20,,5,,5,NOT COMPLETED,,,,,,,,
2186,PHYSICS,Electromagnetic Waves,ALBIN.VARGHESE,2026,OFFLINE,CDZ,,BATCH20,,15,,15,NOT COMPLETED,,,,,,,,
2187,PHYSICS,Electromagnetic Waves,ALBIN.VARGHESE,2026,OFFLINE,CDZ,,BATCH20,,10,,10,NOT COMPLETED,,,,,,,,
2188,PHYSICS,Electrostatics,ALBIN.VARGHESE,2026,OFFLINE,CDM,,BATCH20,,17,,17,NOT COMPLETED,,,,,,,,
2189,PHYSICS,Electrostatics,ALBIN.VARGHESE,2026,OFFLINE,CDM,,BATCH20,,12,,12,NOT COMPLETED,,,,,,,,
2190,ZOOLOGY,Evolution,ALBIN.VARGHESE,2026,OFFLINE,ZBX,,BATCH20,,24,,24,NOT COMPLETED,,,,,,,,
2191,ZOOLOGY,Evolution,ALBIN.VARGHESE,2026,OFFLINE,ZBX,,BATCH20,,7,,7,NOT COMPLETED,,,,,,,,
2192,ZOOLOGY,Excretory Products and Their Elimination,ALBIN.VARGHESE,2026,OFFLINE,BAV,,BATCH20,,15,,15,NOT COMPLETED,,,,,,,,
2193,ZOOLOGY,Excretory Products and Their Elimination,ALBIN.VARGHESE,2026,OFFLINE,BAV,,BATCH20,,17,,17,NOT COMPLETED,,,,,,,,
2194,CHEMISTRY,Halo Alkanes and Halo Arenes  Arenes,ALBIN.VARGHESE,2026,OFFLINE,CAW,,BATCH20,,12,,12,NOT COMPLETED,,,,,,,,
2195,CHEMISTRY,Halo Alkanes and Halo Arenes  Arenes,ALBIN.VARGHESE,2026,OFFLINE,CAW,,BATCH20,,17,,17,NOT COMPLETED,,,,,,,,
2196,ZOOLOGY,Human Health and Disease,ALBIN.VARGHESE,2026,OFFLINE,PCK,,BATCH20,,17,,17,NOT COMPLETED,,,,,,,,
2197,ZOOLOGY,Human Health and Disease,ALBIN.VARGHESE,2026,OFFLINE,PCK,,BATCH20,,9,,9,NOT COMPLETED,,,,,,,,
2198,CHEMISTRY,Hydrocarbons,ALBIN.VARGHESE,2026,OFFLINE,ZDU,,BATCH20,,10,,10,NOT COMPLETED,,,,,,,,
2199,CHEMISTRY,Hydrocarbons,ALBIN.VARGHESE,2026,OFFLINE,ZDU,,BATCH20,,9,,9,NOT COMPLETED,,,,,,,,
2200,MATHS,Integration and its Applications,ALBIN.VARGHESE,2026,OFFLINE,ZCG,,BATCH20,,29,,29,NOT COMPLETED,,,,,,,,
2201,MATHS,Integration and its Applications,ALBIN.VARGHESE,2026,OFFLINE,ZCG,,BATCH20,,12,,12,NOT COMPLETED,,,,,,,,
2202,MATHS,Limits of Real Functions,ALBIN.VARGHESE,2026,OFFLINE,BBS,,BATCH20,,10,,10,NOT COMPLETED,,,,,,,,
2203,MATHS,Limits of Real Functions,ALBIN.VARGHESE,2026,OFFLINE,BBS,,BATCH20,,10,,10,NOT COMPLETED,,,,,,,,
2204,MATHS,Linear Inequations and Inequalities,ALBIN.VARGHESE,2026,OFFLINE,PCY,,BATCH20,,7,,7,NOT COMPLETED,,,,,,,,
2205,MATHS,Linear Inequations and Inequalities,ALBIN.VARGHESE,2026,OFFLINE,PCY,,BATCH20,,9,,9,NOT COMPLETED,,,,,,,,
2206,MATHS,Linear Inequations and Inequalities,ALBIN.VARGHESE,2026,OFFLINE,PCY,,BATCH20,,12,,12,NOT COMPLETED,,,,,,,,
2207,MATHS,Linear Programming,ALBIN.VARGHESE,2026,OFFLINE,ZCT,,BATCH20,,7,,7,NOT COMPLETED,,,,,,,,
2208,MATHS,Linear Programming,ALBIN.VARGHESE,2026,OFFLINE,ZCT,,BATCH20,,10,,10,NOT COMPLETED,,,,,,,,
2209,ZOOLOGY,Locomotion and Movement,ALBIN.VARGHESE,2026,OFFLINE,CCG,,BATCH20,,19,,19,NOT COMPLETED,,,,,,,,
2210,ZOOLOGY,Locomotion and Movement,ALBIN.VARGHESE,2026,OFFLINE,CCG,,BATCH20,,12,,12,NOT COMPLETED,,,,,,,,
2211,ZOOLOGY,Locomotion and Movement,ALBIN.VARGHESE,2026,OFFLINE,CCG,,BATCH20,,14,,14,NOT COMPLETED,,,,,,,,
2212,MATHS,Logarithm,ALBIN.VARGHESE,2026,OFFLINE,PDH,,BATCH20,,9,,9,NOT COMPLETED,,,,,,,,
2213,MATHS,Logarithm,ALBIN.VARGHESE,2026,OFFLINE,PDH,,BATCH20,,9,,9,NOT COMPLETED,,,,,,,,
2214,PHYSICS,Magnetism and Matter,ALBIN.VARGHESE,2026,OFFLINE,PDZ,,BATCH20,,9,,9,NOT COMPLETED,,,,,,,,
2215,PHYSICS,Magnetism and Matter,ALBIN.VARGHESE,2026,OFFLINE,PDZ,,BATCH20,,9,,9,NOT COMPLETED,,,,,,,,
2216,MATHS,Matrices and Determinants,ALBIN.VARGHESE,2026,OFFLINE,PDC,,BATCH20,,21,,21,NOT COMPLETED,,,,,,,,
2217,MATHS,Matrices and Determinants,ALBIN.VARGHESE,2026,OFFLINE,PDC,,BATCH20,,10,,10,NOT COMPLETED,,,,,,,,
2218,PHYSICS,Mechanical Properties of Solids & Fluids,ALBIN.VARGHESE,2026,OFFLINE,MCK,,BATCH20,,12,,12,NOT COMPLETED,,,,,,,,
2219,PHYSICS,Mechanical Properties of Solids & Fluids,ALBIN.VARGHESE,2026,OFFLINE,MCK,,BATCH20,,14,,14,NOT COMPLETED,,,,,,,,
2220,PHYSICS,Mechanical Properties of Solids & Fluids,ALBIN.VARGHESE,2026,OFFLINE,MCK,,BATCH20,,17,,17,NOT COMPLETED,,,,,,,,
2221,BOTANY,Morphology of Flowering Plants,ALBIN.VARGHESE,2026,OFFLINE,BAM,,BATCH20,,14,,14,NOT COMPLETED,,,,,,,,
2222,BOTANY,Morphology of Flowering Plants,ALBIN.VARGHESE,2026,OFFLINE,BAM,,BATCH20,,14,,14,NOT COMPLETED,,,,,,,,
2223,PHYSICS,Motion in a Plane,ALBIN.VARGHESE,2026,OFFLINE,MBW,,BATCH20,,9,,9,NOT COMPLETED,,,,,,,,
2224,PHYSICS,Motion in a Plane,ALBIN.VARGHESE,2026,OFFLINE,MBW,,BATCH20,,14,,14,NOT COMPLETED,,,,,,,,
2225,PHYSICS,Motion in a Straight Line,ALBIN.VARGHESE,2026,OFFLINE,CDH,,BATCH20,,9,,9,NOT COMPLETED,,,,,,,,
2226,PHYSICS,Motion in a Straight Line,ALBIN.VARGHESE,2026,OFFLINE,CDH,,BATCH20,,12,,12,NOT COMPLETED,,,,,,,,
2227,PHYSICS,Motion in a Straight Line,ALBIN.VARGHESE,2026,OFFLINE,CDH,,BATCH20,,10,,10,NOT COMPLETED,,,,,,,,
2228,PHYSICS,Moving Charges and Magnetism,ALBIN.VARGHESE,2026,OFFLINE,ZDM,,BATCH20,,12,,12,NOT COMPLETED,,,,,,,,
2229,PHYSICS,Moving Charges and Magnetism,ALBIN.VARGHESE,2026,OFFLINE,ZDM,,BATCH20,,9,,9,NOT COMPLETED,,,,,,,,
2230,PHYSICS,Moving Charges and Magnetism,ALBIN.VARGHESE,2026,OFFLINE,ZDM,,BATCH20,,9,,9,NOT COMPLETED,,,,,,,,
2231,ZOOLOGY,Neural Control and Coordination,ALBIN.VARGHESE,2026,OFFLINE,MAV,,BATCH20,,15,,15,NOT COMPLETED,,,,,,,,
2232,ZOOLOGY,Neural Control and Coordination,ALBIN.VARGHESE,2026,OFFLINE,MAV,,BATCH20,,12,,12,NOT COMPLETED,,,,,,,,
2233,CHEMISTRY,Organic Chemistry–Some Basic Principles–Part I I (Nomenclature),ALBIN.VARGHESE,2026,OFFLINE,BDH,,BATCH20,,10,,10,NOT COMPLETED,,,,,,,,
2234,CHEMISTRY,Organic Chemistry–Some Basic Principles–Part I I (Nomenclature),ALBIN.VARGHESE,2026,OFFLINE,BDH,,BATCH20,,24,,24,NOT COMPLETED,,,,,,,,
2235,CHEMISTRY,Organic Chemistry–Some Basic Principles–Part III III (Purification),ALBIN.VARGHESE,2026,OFFLINE,MDF,,BATCH20,,10,,10,NOT COMPLETED,,,,,,,,
2236,CHEMISTRY,Organic Chemistry–Some Basic Principles–Part III III (Purification),ALBIN.VARGHESE,2026,OFFLINE,MDF,,BATCH20,,15,,15,NOT COMPLETED,,,,,,,,
2237,CHEMISTRY,Organic Chemistry–Some Basic Principles–Part III III (Purification),ALBIN.VARGHESE,2026,OFFLINE,MDF,,BATCH20,,10,,10,NOT COMPLETED,,,,,,,,
2238,BOTANY,Organism and Population,ALBIN.VARGHESE,2026,OFFLINE,PBF,,BATCH20,,14,,14,NOT COMPLETED,,,,,,,,
2239,BOTANY,Organism and Population,ALBIN.VARGHESE,2026,OFFLINE,PBF,,BATCH20,,9,,9,NOT COMPLETED,,,,,,,,
2240,MATHS,"Permutation, Combination and Binomial Theorem",ALBIN.VARGHESE,2026,OFFLINE,MBN,,BATCH20,,17,,17,NOT COMPLETED,,,,,,,,
2241,MATHS,"Permutation, Combination and Binomial Theorem",ALBIN.VARGHESE,2026,OFFLINE,MBN,,BATCH20,,9,,9,NOT COMPLETED,,,,,,,,
2242,MATHS,"Permutation, Combination and Binomial Theorem",ALBIN.VARGHESE,2026,OFFLINE,MBN,,BATCH20,,14,,14,NOT COMPLETED,,,,,,,,
2243,BOTANY,Photosynthesis in Higher Plants,ALBIN.VARGHESE,2026,OFFLINE,PBX,,BATCH20,,19,,19,NOT COMPLETED,,,,,,,,
2244,BOTANY,Photosynthesis in Higher Plants,ALBIN.VARGHESE,2026,OFFLINE,PBX,,BATCH20,,15,,15,NOT COMPLETED,,,,,,,,
2245,BOTANY,Plant Growth and Development,ALBIN.VARGHESE,2026,OFFLINE,CBO,,BATCH20,,10,,10,NOT COMPLETED,,,,,,,,
2246,BOTANY,Plant Growth and Development,ALBIN.VARGHESE,2026,OFFLINE,CBO,,BATCH20,,14,,14,NOT COMPLETED,,,,,,,,
2247,BOTANY,Plant Growth and Development,ALBIN.VARGHESE,2026,OFFLINE,CBO,,BATCH20,,15,,15,NOT COMPLETED,,,,,,,,
2248,CHEMISTRY,Practical Chemistry,ALBIN.VARGHESE,2026,OFFLINE,BDY,,BATCH20,,9,,9,NOT COMPLETED,,,,,,,,
2249,CHEMISTRY,Practical Chemistry,ALBIN.VARGHESE,2026,OFFLINE,BDY,,BATCH20,,26,,26,NOT COMPLETED,,,,,,,,
2250,ZOOLOGY,Principles of Inheritance and Variation,ALBIN.VARGHESE,2026,OFFLINE,CBX,,BATCH20,,14,,14,NOT COMPLETED,,,,,,,,
2251,ZOOLOGY,Principles of Inheritance and Variation,ALBIN.VARGHESE,2026,OFFLINE,CBX,,BATCH20,,12,,12,NOT COMPLETED,,,,,,,,
2252,MATHS,Quadratic Equation,ALBIN.VARGHESE,2026,OFFLINE,BBN,,BATCH20,,21,,21,NOT COMPLETED,,,,,,,,
2253,MATHS,Quadratic Equation,ALBIN.VARGHESE,2026,OFFLINE,BBN,,BATCH20,,9,,9,NOT COMPLETED,,,,,,,,
2254,PHYSICS,Ray Optics & Optical Instruments,ALBIN.VARGHESE,2026,OFFLINE,MCO,,BATCH20,,12,,12,NOT COMPLETED,,,,,,,,
2255,PHYSICS,Ray Optics & Optical Instruments,ALBIN.VARGHESE,2026,OFFLINE,MCO,,BATCH20,,14,,14,NOT COMPLETED,,,,,,,,
2256,CHEMISTRY,Redox Reaction,ALBIN.VARGHESE,2026,OFFLINE,ZAD,,BATCH20,,9,,9,NOT COMPLETED,,,,,,,,
2257,CHEMISTRY,Redox Reaction,ALBIN.VARGHESE,2026,OFFLINE,ZAD,,BATCH20,,21,,21,NOT COMPLETED,,,,,,,,
2258,ZOOLOGY,Reproductive Health,ALBIN.VARGHESE,2026,OFFLINE,BBJ,,BATCH20,,15,,15,NOT COMPLETED,,,,,,,,
2259,ZOOLOGY,Reproductive Health,ALBIN.VARGHESE,2026,OFFLINE,BBJ,,BATCH20,,5,,5,NOT COMPLETED,,,,,,,,
2260,PHYSICS,Semiconductor Electronics,ALBIN.VARGHESE,2026,OFFLINE,PAS,,BATCH20,,10,,10,NOT COMPLETED,,,,,,,,
2261,PHYSICS,Semiconductor Electronics,ALBIN.VARGHESE,2026,OFFLINE,PAS,,BATCH20,,14,,14,NOT COMPLETED,,,,,,,,
2262,MATHS,Sequences and Series,ALBIN.VARGHESE,2026,OFFLINE,ZCB,,BATCH20,,14,,14,NOT COMPLETED,,,,,,,,
2263,MATHS,Sequences and Series,ALBIN.VARGHESE,2026,OFFLINE,ZCB,,BATCH20,,9,,9,NOT COMPLETED,,,,,,,,
2264,MATHS,"Sets, Relations and  Functions",ALBIN.VARGHESE,2026,OFFLINE,MAZ,,BATCH20,,31,,31,NOT COMPLETED,,,,,,,,
2265,MATHS,"Sets, Relations and  Functions",ALBIN.VARGHESE,2026,OFFLINE,MAZ,,BATCH20,,12,,12,NOT COMPLETED,,,,,,,,
2266,BOTANY,Sexual reproduction in Flowering Plants,ALBIN.VARGHESE,2026,OFFLINE,PBO,,BATCH20,,17,,17,NOT COMPLETED,,,,,,,,
2267,BOTANY,Sexual reproduction in Flowering Plants,ALBIN.VARGHESE,2026,OFFLINE,PBO,,BATCH20,,7,,7,NOT COMPLETED,,,,,,,,
2268,ZOOLOGY,Structural organisation in Animals Animal Tissue,ALBIN.VARGHESE,2026,OFFLINE,BBE,,BATCH20,,14,,14,NOT COMPLETED,,,,,,,,
2269,ZOOLOGY,Structural organisation in Animals Animal Tissue,ALBIN.VARGHESE,2026,OFFLINE,BBE,,BATCH20,,9,,9,NOT COMPLETED,,,,,,,,
2270,ZOOLOGY,Structural organisation in Animals Animal Tissue,ALBIN.VARGHESE,2026,OFFLINE,BBE,,BATCH20,,19,,19,NOT COMPLETED,,,,,,,,
2271,ZOOLOGY,Structural organisation in Animals Morphology of Animals,ALBIN.VARGHESE,2026,OFFLINE,PAN,,BATCH20,,21,,21,NOT COMPLETED,,,,,,,,
2272,ZOOLOGY,Structural organisation in Animals Morphology of Animals,ALBIN.VARGHESE,2026,OFFLINE,PAN,,BATCH20,,12,,12,NOT COMPLETED,,,,,,,,
2273,CHEMISTRY,Structure of Atoms,ALBIN.VARGHESE,2026,OFFLINE,ZDP,,BATCH20,,12,,12,NOT COMPLETED,,,,,,,,
2274,CHEMISTRY,Structure of Atoms,ALBIN.VARGHESE,2026,OFFLINE,ZDP,,BATCH20,,19,,19,NOT COMPLETED,,,,,,,,
2275,PHYSICS,System of Particles and Rigid Body Rotation,ALBIN.VARGHESE,2026,OFFLINE,BCK,,BATCH20,,10,,10,NOT COMPLETED,,,,,,,,
2276,PHYSICS,System of Particles and Rigid Body Rotation,ALBIN.VARGHESE,2026,OFFLINE,BCK,,BATCH20,,17,,17,NOT COMPLETED,,,,,,,,
2277,ZOOLOGY,The Living World,ALBIN.VARGHESE,2026,OFFLINE,MAQ,,BATCH20,,9,,9,NOT COMPLETED,,,,,,,,
2278,ZOOLOGY,The Living World,ALBIN.VARGHESE,2026,OFFLINE,MAQ,,BATCH20,,10,,10,NOT COMPLETED,,,,,,,,
2279,ZOOLOGY,The Living World,ALBIN.VARGHESE,2026,OFFLINE,MAQ,,BATCH20,,12,,12,NOT COMPLETED,,,,,,,,
2280,CHEMISTRY,The p Block Elements (XI) (XI) & (XII),ALBIN.VARGHESE,2026,OFFLINE,CAR,,BATCH20,,9,,9,NOT COMPLETED,,,,,,,,
2281,CHEMISTRY,The p Block Elements (XI) (XI) & (XII),ALBIN.VARGHESE,2026,OFFLINE,CAR,,BATCH20,,17,,17,NOT COMPLETED,,,,,,,,
2282,CHEMISTRY,The p Block Elements (XI) (XI) & (XII),ALBIN.VARGHESE,2026,OFFLINE,CAR,,BATCH20,,7,,7,NOT COMPLETED,,,,,,,,
2283,PHYSICS,"Thermal Properties of Matter, Thermodynamics and Kinetic Theory",ALBIN.VARGHESE,2026,OFFLINE,ZCY,,BATCH20,,10,,10,NOT COMPLETED,,,,,,,,
2284,PHYSICS,"Thermal Properties of Matter, Thermodynamics and Kinetic Theory",ALBIN.VARGHESE,2026,OFFLINE,ZCY,,BATCH20,,10,,10,NOT COMPLETED,,,,,,,,
2285,CHEMISTRY,Thermodynamics and Chemical Energetics,ALBIN.VARGHESE,2026,OFFLINE,MCT,,BATCH20,,9,,9,NOT COMPLETED,,,,,,,,
2286,CHEMISTRY,Thermodynamics and Chemical Energetics,ALBIN.VARGHESE,2026,OFFLINE,MCT,,BATCH20,,15,,15,NOT COMPLETED,,,,,,,,
2287,MATHS,Three Dimensional Geometry,ALBIN.VARGHESE,2026,OFFLINE,CCU,,BATCH20,,17,,17,NOT COMPLETED,,,,,,,,
2288,MATHS,Three Dimensional Geometry,ALBIN.VARGHESE,2026,OFFLINE,CCU,,BATCH20,,10,,10,NOT COMPLETED,,,,,,,,
2289,MATHS,Trigonometry II,ALBIN.VARGHESE,2026,OFFLINE,ZCP,,BATCH20,,26,,26,NOT COMPLETED,,,,,,,,
2290,MATHS,Trigonometry II,ALBIN.VARGHESE,2026,OFFLINE,ZCP,,BATCH20,,7,,7,NOT COMPLETED,,,,,,,,
2291,MATHS,Trigonometry II,ALBIN.VARGHESE,2026,OFFLINE,ZCP,,BATCH20,,31,,31,NOT COMPLETED,,,,,,,,
2292,MATHS,Vectors,ALBIN.VARGHESE,2026,OFFLINE,BCF,,BATCH20,,15,,15,NOT COMPLETED,,,,,,,,
2293,MATHS,Vectors,ALBIN.VARGHESE,2026,OFFLINE,BCF,,BATCH20,,12,,12,NOT COMPLETED,,,,,,,,
2294,PHYSICS,Wave Optics,ALBIN.VARGHESE,2026,OFFLINE,PBB,,BATCH20,,7,,7,NOT COMPLETED,,,,,,,,
2295,PHYSICS,Wave Optics,ALBIN.VARGHESE,2026,OFFLINE,PBB,,BATCH20,,21,,21,NOT COMPLETED,,,,,,,,
2296,PHYSICS,Waves,ALBIN.VARGHESE,2026,OFFLINE,BCY,,BATCH20,,9,,9,NOT COMPLETED,,,,,,,,
2297,PHYSICS,Waves,ALBIN.VARGHESE,2026,OFFLINE,BCY,,BATCH20,,14,,14,NOT COMPLETED,,,,,,,,
2298,PHYSICS,Waves,ALBIN.VARGHESE,2026,OFFLINE,BCY,,BATCH20,,9,,9,NOT COMPLETED,,,,,,,,
2299,PHYSICS,Work Energy & Power,ALBIN.VARGHESE,2026,OFFLINE,PAI,,BATCH20,,9,,9,NOT COMPLETED,,,,,,,,
2300,PHYSICS,Work Energy & Power,ALBIN.VARGHESE,2026,OFFLINE,PAI,,BATCH20,,14,,14,NOT COMPLETED,,,,,,,,
2301,PHYSICS,Work Energy & Power,ALBIN.VARGHESE,2026,OFFLINE,PAI,,BATCH20,,29,,29,NOT COMPLETED,,,,,,,,
2302,CHEMISTRY,"Alcohols, Phenols and Ethers",JISHNA,2026,OFFLINE,CAX,,BATCH21,,14,,14,NOT COMPLETED,,,,,,,,
2303,CHEMISTRY,"Alcohols, Phenols and Ethers",JISHNA,2026,OFFLINE,CAX,,BATCH21,,14,,14,NOT COMPLETED,,,,,,,,
2304,CHEMISTRY,Aldehydes and Ketones,JISHNA,2026,OFFLINE,BDL,,BATCH21,,12,,12,NOT COMPLETED,,,,,,,,
2305,CHEMISTRY,Aldehydes and Ketones,JISHNA,2026,OFFLINE,BDL,,BATCH21,,14,,14,NOT COMPLETED,,,,,,,,
2306,CHEMISTRY,Amines,JISHNA,2026,OFFLINE,MDL,,BATCH21,,15,,15,NOT COMPLETED,,,,,,,,
2307,CHEMISTRY,Amines,JISHNA,2026,OFFLINE,MDL,,BATCH21,,19,,19,NOT COMPLETED,,,,,,,,
2308,BOTANY,Anatomy of Flowering Plants,JISHNA,2026,OFFLINE,BAN,,BATCH21,,12,,12,NOT COMPLETED,,,,,,,,
2309,BOTANY,Anatomy of Flowering Plants,JISHNA,2026,OFFLINE,BAN,,BATCH21,,12,,12,NOT COMPLETED,,,,,,,,
2310,ZOOLOGY,Animal Kingdom Non Chordata,JISHNA,2026,OFFLINE,MAR,,BATCH21,,21,,21,NOT COMPLETED,,,,,,,,
2311,ZOOLOGY,Animal Kingdom Non Chordata,JISHNA,2026,OFFLINE,APR,,BATCH21,,9,,9,NOT COMPLETED,,,,,,,,
2312,ZOOLOGY,Animal Kingdom Non Chordata,JISHNA,2026,OFFLINE,MAY,,BATCH21,,14,,14,NOT COMPLETED,,,,,,,,
2313,ZOOLOGY,Animal Kingdom Phylum Chordata,JISHNA,2026,OFFLINE,ZBF,,BATCH21,,15,,15,NOT COMPLETED,,,,,,,,
2314,ZOOLOGY,Animal Kingdom Phylum Chordata,JISHNA,2026,OFFLINE,ZBF,,BATCH21,,10,,10,NOT COMPLETED,,,,,,,,
2315,MATHS,Applications of Differentiation,JISHNA,2026,OFFLINE,CDE,,BATCH21,,12,,12,NOT COMPLETED,,,,,,,,
2316,MATHS,Applications of Differentiation,JISHNA,2026,OFFLINE,CDE,,BATCH21,,10,,10,NOT COMPLETED,,,,,,,,
2317,MATHS,Applications of Differentiation,JISHNA,2026,OFFLINE,CDE,,BATCH21,,14,,14,NOT COMPLETED,,,,,,,,
2318,PHYSICS,Atoms and Nuclei,JISHNA,2026,OFFLINE,CAO,,BATCH21,,9,,9,NOT COMPLETED,,,,,,,,
2319,PHYSICS,Atoms and Nuclei,JISHNA,2026,OFFLINE,CAO,,BATCH21,,15,,15,NOT COMPLETED,,,,,,,,
2320,PHYSICS,Atoms and Nuclei,JISHNA,2026,OFFLINE,CAO,,BATCH21,,9,,9,NOT COMPLETED,,,,,,,,
2321,BOTANY,Biological Classification,JISHNA,2026,OFFLINE,BDZ,,BATCH21,,12,,12,NOT COMPLETED,,,,,,,,
2322,BOTANY,Biological Classification,JISHNA,2026,OFFLINE,BDZ,,BATCH21,,21,,21,NOT COMPLETED,,,,,,,,
2323,ZOOLOGY,Biomolecules,JISHNA,2026,OFFLINE,CBT,,BATCH21,,14,,14,NOT COMPLETED,,,,,,,,
2324,CHEMISTRY,Biomolecules,JISHNA,2026,OFFLINE,ZDZ,,BATCH21,,10,,10,NOT COMPLETED,,,,,,,,
2325,ZOOLOGY,Biomolecules,JISHNA,2026,OFFLINE,CBT,,BATCH21,,10,,10,NOT COMPLETED,,,,,,,,
2326,CHEMISTRY,Biomolecules,JISHNA,2026,OFFLINE,ZDZ,,BATCH21,,12,,12,NOT COMPLETED,,,,,,,,
2327,BOTANY,Biotechnology : Principles and processes,JISHNA,2026,OFFLINE,MAD,,BATCH21,,14,,14,NOT COMPLETED,,,,,,,,
2328,BOTANY,Biotechnology : Principles and processes,JISHNA,2026,OFFLINE,MAD,,BATCH21,,9,,9,NOT COMPLETED,,,,,,,,
2329,ZOOLOGY,Body Fluids and Circulation,JISHNA,2026,OFFLINE,ZBT,,BATCH21,,14,,14,NOT COMPLETED,,,,,,,,
2330,ZOOLOGY,Body Fluids and Circulation,JISHNA,2026,OFFLINE,ZBT,,BATCH21,,9,,9,NOT COMPLETED,,,,,,,,
2331,ZOOLOGY,Body Fluids and Circulation,JISHNA,2026,OFFLINE,ZBT,,BATCH21,,14,,14,NOT COMPLETED,,,,,,,,
2332,CHEMISTRY,Carboxylic Acids and It's Derivatives  Derivatives,JISHNA,2026,OFFLINE,ZAW,,BATCH21,,10,,10,NOT COMPLETED,,,,,,,,
2333,CHEMISTRY,Carboxylic Acids and It's Derivatives  Derivatives,JISHNA,2026,OFFLINE,ZAW,,BATCH21,,15,,15,NOT COMPLETED,,,,,,,,
2334,CHEMISTRY,Carboxylic Acids and It's Derivatives  Derivatives,JISHNA,2026,OFFLINE,ZAW,,BATCH21,,10,,10,NOT COMPLETED,,,,,,,,
2335,BOTANY,Cell : The unit of life,JISHNA,2026,OFFLINE,CBB,,BATCH21,,14,,14,NOT COMPLETED,,,,,,,,
2336,BOTANY,Cell : The unit of life,JISHNA,2026,OFFLINE,CBB,,BATCH21,,29,,29,NOT COMPLETED,,,,,,,,
2337,CHEMISTRY,Chemical and Ionic Equilibrium,JISHNA,2026,OFFLINE,MCU,,BATCH21,,9,,9,NOT COMPLETED,,,,,,,,
2338,CHEMISTRY,Chemical and Ionic Equilibrium,JISHNA,2026,OFFLINE,MCU,,BATCH21,,14,,14,NOT COMPLETED,,,,,,,,
2339,CHEMISTRY,Chemical Bonding and Molecular Structure  Structure,JISHNA,2026,OFFLINE,PAJ,,BATCH21,,9,,9,NOT COMPLETED,,,,,,,,
2340,CHEMISTRY,Chemical Bonding and Molecular Structure  Structure,JISHNA,2026,OFFLINE,PAJ,,BATCH21,,12,,12,NOT COMPLETED,,,,,,,,
2341,ZOOLOGY,Chemical Coordination and Integration,JISHNA,2026,OFFLINE,MAW,,BATCH21,,12,,12,NOT COMPLETED,,,,,,,,
2342,ZOOLOGY,Chemical Coordination and Integration,JISHNA,2026,OFFLINE,MAW,,BATCH21,,9,,9,NOT COMPLETED,,,,,,,,
2343,CHEMISTRY,Chemical Kinetics,JISHNA,2026,OFFLINE,BDU,,BATCH21,,10,,10,NOT COMPLETED,,,,,,,,
2344,CHEMISTRY,Chemical Kinetics,JISHNA,2026,OFFLINE,BDU,,BATCH21,,7,,7,NOT COMPLETED,,,,,,,,
2345,CHEMISTRY,Chemical Kinetics,JISHNA,2026,OFFLINE,BDU,,BATCH21,,9,,9,NOT COMPLETED,,,,,,,,
2346,CHEMISTRY,Classification of Elements and Periodicity Periodicity in Properties,JISHNA,2026,OFFLINE,ZDQ,,BATCH21,,9,,9,NOT COMPLETED,,,,,,,,
2347,CHEMISTRY,Classification of Elements and Periodicity Periodicity in Properties,JISHNA,2026,OFFLINE,ZDQ,,BATCH21,,15,,15,NOT COMPLETED,,,,,,,,
2348,MATHS,Complex Numbers,JISHNA,2026,OFFLINE,BBO,,BATCH21,,14,,14,NOT COMPLETED,,,,,,,,
2349,MATHS,Complex Numbers,JISHNA,2026,OFFLINE,BBO,,BATCH21,,9,,9,NOT COMPLETED,,,,,,,,
2350,MATHS,Conic Section,JISHNA,2026,OFFLINE,BCC,,BATCH21,,19,,19,NOT COMPLETED,,,,,,,,
2351,MATHS,Conic Section,JISHNA,2026,OFFLINE,BCC,,BATCH21,,10,,10,NOT COMPLETED,,,,,,,,
2352,MATHS,Conic Section,JISHNA,2026,OFFLINE,BCC,,BATCH21,,15,,15,NOT COMPLETED,,,,,,,,
2353,MATHS,"Continuity, Differentiability and Derivatives",JISHNA,2026,OFFLINE,BBT,,BATCH21,,14,,14,NOT COMPLETED,,,,,,,,
2354,MATHS,"Continuity, Differentiability and Derivatives",JISHNA,2026,OFFLINE,BBT,,BATCH21,,9,,9,NOT COMPLETED,,,,,,,,
2355,PHYSICS,Current Electricity,JISHNA,2026,OFFLINE,CDN,,BATCH21,,12,,12,NOT COMPLETED,,,,,,,,
2356,PHYSICS,Current Electricity,JISHNA,2026,OFFLINE,CDN,,BATCH21,,14,,14,NOT COMPLETED,,,,,,,,
2357,MATHS,Differential Equations,JISHNA,2026,OFFLINE,ZCH,,BATCH21,,14,,14,NOT COMPLETED,,,,,,,,
2358,MATHS,Differential Equations,JISHNA,2026,OFFLINE,ZCH,,BATCH21,,14,,14,NOT COMPLETED,,,,,,,,
2359,PHYSICS,Dual Nature of Matter and Radiation,JISHNA,2026,OFFLINE,ZDD,,BATCH21,,7,,7,NOT COMPLETED,,,,,,,,
2360,PHYSICS,Dual Nature of Matter and Radiation,JISHNA,2026,OFFLINE,ZDD,,BATCH21,,14,,14,NOT COMPLETED,,,,,,,,
2361,BOTANY,Ecosystem,JISHNA,2026,OFFLINE,BAR,,BATCH21,,9,,9,NOT COMPLETED,,,,,,,,
2362,BOTANY,Ecosystem,JISHNA,2026,OFFLINE,BAR,,BATCH21,,9,,9,NOT COMPLETED,,,,,,,,
2363,PHYSICS,Electromagnetic Induction and Alternating Current,JISHNA,2026,OFFLINE,CAA,,BATCH21,,14,,14,NOT COMPLETED,,,,,,,,
2364,PHYSICS,Electromagnetic Induction and Alternating Current,JISHNA,2026,OFFLINE,CAA,,BATCH21,,21,,21,NOT COMPLETED,,,,,,,,
2365,PHYSICS,Electromagnetic Waves,JISHNA,2026,OFFLINE,BCP,,BATCH21,,5,,5,NOT COMPLETED,,,,,,,,
2366,PHYSICS,Electromagnetic Waves,JISHNA,2026,OFFLINE,BCP,,BATCH21,,15,,15,NOT COMPLETED,,,,,,,,
2367,PHYSICS,Electrostatics,JISHNA,2026,OFFLINE,PBL,,BATCH21,,17,,17,NOT COMPLETED,,,,,,,,
2368,PHYSICS,Electrostatics,JISHNA,2026,OFFLINE,PBL,,BATCH21,,12,,12,NOT COMPLETED,,,,,,,,
2369,PHYSICS,Electrostatics,JISHNA,2026,OFFLINE,PBL,,BATCH21,,9,,9,NOT COMPLETED,,,,,,,,
2370,ZOOLOGY,Excretory Products and Their Elimination,JISHNA,2026,OFFLINE,PAE,,BATCH21,,15,,15,NOT COMPLETED,,,,,,,,
2371,ZOOLOGY,Excretory Products and Their Elimination,JISHNA,2026,OFFLINE,PAE,,BATCH21,,17,,17,NOT COMPLETED,,,,,,,,
2372,PHYSICS,Gravitation,JISHNA,2026,OFFLINE,BCL,,BATCH21,,9,,9,NOT COMPLETED,,,,,,,,
2373,PHYSICS,Gravitation,JISHNA,2026,OFFLINE,BCL,,BATCH21,,19,,19,NOT COMPLETED,,,,,,,,
2374,CHEMISTRY,Halo Alkanes and Halo Arenes  Arenes,JISHNA,2026,OFFLINE,BAI,,BATCH21,,12,,12,NOT COMPLETED,,,,,,,,
2375,CHEMISTRY,Halo Alkanes and Halo Arenes  Arenes,JISHNA,2026,OFFLINE,BAI,,BATCH21,,17,,17,NOT COMPLETED,,,,,,,,
2376,CHEMISTRY,Halo Alkanes and Halo Arenes  Arenes,JISHNA,2026,OFFLINE,BAI,,BATCH21,,9,,9,NOT COMPLETED,,,,,,,,
2377,ZOOLOGY,Human Health and Disease,JISHNA,2026,OFFLINE,ZBY,,BATCH21,,17,,17,NOT COMPLETED,,,,,,,,
2378,ZOOLOGY,Human Health and Disease,JISHNA,2026,OFFLINE,ZBY,,BATCH21,,9,,9,NOT COMPLETED,,,,,,,,
2379,ZOOLOGY,Human Reproduction,JISHNA,2026,OFFLINE,ZBK,,BATCH21,,21,,21,NOT COMPLETED,,,,,,,,
2380,ZOOLOGY,Human Reproduction,JISHNA,2026,OFFLINE,ZBK,,BATCH21,,14,,14,NOT COMPLETED,,,,,,,,
2381,CHEMISTRY,Hydrocarbons,JISHNA,2026,OFFLINE,MDG,,BATCH21,,10,,10,NOT COMPLETED,,,,,,,,
2382,CHEMISTRY,Hydrocarbons,JISHNA,2026,OFFLINE,MDG,,BATCH21,,9,,9,NOT COMPLETED,,,,,,,,
2383,CHEMISTRY,Hydrocarbons,JISHNA,2026,OFFLINE,MDG,,BATCH21,,7,,7,NOT COMPLETED,,,,,,,,
2384,MATHS,Integration and its Applications,JISHNA,2026,OFFLINE,MBS,,BATCH21,,29,,29,NOT COMPLETED,,,,,,,,
2385,MATHS,Integration and its Applications,JISHNA,2026,OFFLINE,MBS,,BATCH21,,12,,12,NOT COMPLETED,,,,,,,,
2386,PHYSICS,Laws of Motion,JISHNA,2026,OFFLINE,MBX,,BATCH21,,10,,10,NOT COMPLETED,,,,,,,,
2387,PHYSICS,Laws of Motion,JISHNA,2026,OFFLINE,MBX,,BATCH21,,12,,12,NOT COMPLETED,,,,,,,,
2388,MATHS,Limits of Real Functions,JISHNA,2026,OFFLINE,PDD,,BATCH21,,10,,10,NOT COMPLETED,,,,,,,,
2389,MATHS,Limits of Real Functions,JISHNA,2026,OFFLINE,PDD,,BATCH21,,10,,10,NOT COMPLETED,,,,,,,,
2390,ZOOLOGY,Locomotion and Movement,JISHNA,2026,OFFLINE,BAW,,BATCH21,,19,,19,NOT COMPLETED,,,,,,,,
2391,ZOOLOGY,Locomotion and Movement,JISHNA,2026,OFFLINE,BAW,,BATCH21,,12,,12,NOT COMPLETED,,,,,,,,
2392,MATHS,Logarithm,JISHNA,2026,OFFLINE,ZCU,,BATCH21,,9,,9,NOT COMPLETED,,,,,,,,
2393,MATHS,Logarithm,JISHNA,2026,OFFLINE,ZCU,,BATCH21,,9,,9,NOT COMPLETED,,,,,,,,
2394,PHYSICS,Magnetism and Matter,JISHNA,2026,OFFLINE,PBC,,BATCH21,,9,,9,NOT COMPLETED,,,,,,,,
2395,PHYSICS,Magnetism and Matter,JISHNA,2026,OFFLINE,PBC,,BATCH21,,9,,9,NOT COMPLETED,,,,,,,,
2396,PHYSICS,Magnetism and Matter,JISHNA,2026,OFFLINE,PBC,,BATCH21,,10,,10,NOT COMPLETED,,,,,,,,
2397,MATHS,Matrices and Determinants,JISHNA,2026,OFFLINE,ZCQ,,BATCH21,,21,,21,NOT COMPLETED,,,,,,,,
2398,MATHS,Matrices and Determinants,JISHNA,2026,OFFLINE,ZCQ,,BATCH21,,10,,10,NOT COMPLETED,,,,,,,,
2399,MATHS,Matrices and Determinants,JISHNA,2026,OFFLINE,ZCQ,,BATCH21,,24,,24,NOT COMPLETED,,,,,,,,
2400,ZOOLOGY,Microbes in Human Welfare,JISHNA,2026,OFFLINE,PCL,,BATCH21,,15,,15,NOT COMPLETED,,,,,,,,
2401,ZOOLOGY,Microbes in Human Welfare,JISHNA,2026,OFFLINE,PCL,,BATCH21,,10,,10,NOT COMPLETED,,,,,,,,
2402,ZOOLOGY,Molecular Basis of Inheritance,JISHNA,2026,OFFLINE,CBY,,BATCH21,,17,,17,NOT COMPLETED,,,,,,,,
2403,ZOOLOGY,Molecular Basis of Inheritance,JISHNA,2026,OFFLINE,CBY,,BATCH21,,7,,7,NOT COMPLETED,,,,,,,,
2404,PHYSICS,Motion in a Plane,JISHNA,2026,OFFLINE,CDI,,BATCH21,,9,,9,NOT COMPLETED,,,,,,,,
2405,PHYSICS,Motion in a Plane,JISHNA,2026,OFFLINE,CDI,,BATCH21,,14,,14,NOT COMPLETED,,,,,,,,
2406,PHYSICS,Motion in a Plane,JISHNA,2026,OFFLINE,CDI,,BATCH21,,14,,14,NOT COMPLETED,,,,,,,,
2407,ZOOLOGY,Neural Control and Coordination,JISHNA,2026,OFFLINE,CCH,,BATCH21,,15,,15,NOT COMPLETED,,,,,,,,
2408,ZOOLOGY,Neural Control and Coordination,JISHNA,2026,OFFLINE,CCH,,BATCH21,,12,,12,NOT COMPLETED,,,,,,,,
2409,ZOOLOGY,Neural Control and Coordination,JISHNA,2026,OFFLINE,CCH,,BATCH21,,9,,9,NOT COMPLETED,,,,,,,,
2410,CHEMISTRY,Organic Chemistry–Some Basic Principles–Part I I (Nomenclature),JISHNA,2026,OFFLINE,CAS,,BATCH21,,10,,10,NOT COMPLETED,,,,,,,,
2411,CHEMISTRY,Organic Chemistry–Some Basic Principles–Part I I (Nomenclature),JISHNA,2026,OFFLINE,CAS,,BATCH21,,24,,24,NOT COMPLETED,,,,,,,,
2412,CHEMISTRY,Organic Chemistry–Some Basic Principles–Part I I (Nomenclature),JISHNA,2026,OFFLINE,CAS,,BATCH21,,7,,7,NOT COMPLETED,,,,,,,,
2413,CHEMISTRY,Organic Chemistry–Some Basic Principles–Part II II (Reaction Mechanism),JISHNA,2026,OFFLINE,BDI,,BATCH21,,10,,10,NOT COMPLETED,,,,,,,,
2414,CHEMISTRY,Organic Chemistry–Some Basic Principles–Part II II (Reaction Mechanism),JISHNA,2026,OFFLINE,BDI,,BATCH21,,17,,17,NOT COMPLETED,,,,,,,,
2415,BOTANY,Organism and Population,JISHNA,2026,OFFLINE,PCC,,BATCH21,,14,,14,NOT COMPLETED,,,,,,,,
2416,BOTANY,Organism and Population,JISHNA,2026,OFFLINE,PCC,,BATCH21,,9,,9,NOT COMPLETED,,,,,,,,
2417,BOTANY,Organism and Population,JISHNA,2026,OFFLINE,PCC,,BATCH21,,12,,12,NOT COMPLETED,,,,,,,,
2418,PHYSICS,Oscillations,JISHNA,2026,OFFLINE,ZCZ,,BATCH21,,9,,9,NOT COMPLETED,,,,,,,,
2419,PHYSICS,Oscillations,JISHNA,2026,OFFLINE,ZCZ,,BATCH21,,17,,17,NOT COMPLETED,,,,,,,,
2420,BOTANY,Photosynthesis in Higher Plants,JISHNA,2026,OFFLINE,ZBB,,BATCH21,,19,,19,NOT COMPLETED,,,,,,,,
2421,BOTANY,Photosynthesis in Higher Plants,JISHNA,2026,OFFLINE,ZBB,,BATCH21,,15,,15,NOT COMPLETED,,,,,,,,
2422,PHYSICS,"Physical World, Units and Measurements",JISHNA,2026,OFFLINE,PDI,,BATCH21,,9,,9,NOT COMPLETED,,,,,,,,
2423,PHYSICS,"Physical World, Units and Measurements",JISHNA,2026,OFFLINE,PDI,,BATCH21,,12,,12,NOT COMPLETED,,,,,,,,
2424,BOTANY,Plant Kingdom,JISHNA,2026,OFFLINE,ZAN,,BATCH21,,12,,12,NOT COMPLETED,,,,,,,,
2425,BOTANY,Plant Kingdom,JISHNA,2026,OFFLINE,ZAN,,BATCH21,,10,,10,NOT COMPLETED,,,,,,,,
2426,CHEMISTRY,Practical Chemistry,JISHNA,2026,OFFLINE,CBK,,BATCH21,,9,,9,NOT COMPLETED,,,,,,,,
2427,CHEMISTRY,Practical Chemistry,JISHNA,2026,OFFLINE,CBK,,BATCH21,,26,,26,NOT COMPLETED,,,,,,,,
2428,CHEMISTRY,Practical Chemistry,JISHNA,2026,OFFLINE,CBK,,BATCH21,,7,,7,NOT COMPLETED,,,,,,,,
2429,ZOOLOGY,Principles of Inheritance and Variation,JISHNA,2026,OFFLINE,BBK,,BATCH21,,14,,14,NOT COMPLETED,,,,,,,,
2430,ZOOLOGY,Principles of Inheritance and Variation,JISHNA,2026,OFFLINE,BBK,,BATCH21,,12,,12,NOT COMPLETED,,,,,,,,
2431,MATHS,Quadratic Equation,JISHNA,2026,OFFLINE,PCZ,,BATCH21,,21,,21,NOT COMPLETED,,,,,,,,
2432,MATHS,Quadratic Equation,JISHNA,2026,OFFLINE,PCZ,,BATCH21,,9,,9,NOT COMPLETED,,,,,,,,
2433,MATHS,Quadratic Equation,JISHNA,2026,OFFLINE,PCZ,,BATCH21,,21,,21,NOT COMPLETED,,,,,,,,
2434,PHYSICS,Ray Optics & Optical Instruments,JISHNA,2026,OFFLINE,ZAA,,BATCH21,,12,,12,NOT COMPLETED,,,,,,,,
2435,PHYSICS,Ray Optics & Optical Instruments,JISHNA,2026,OFFLINE,ZAA,,BATCH21,,14,,14,NOT COMPLETED,,,,,,,,
2436,PHYSICS,Ray Optics & Optical Instruments,JISHNA,2026,OFFLINE,ZAA,,BATCH21,,9,,9,NOT COMPLETED,,,,,,,,
2437,BOTANY,Respiration in Plants,JISHNA,2026,OFFLINE,MDP,,BATCH21,,14,,14,NOT COMPLETED,,,,,,,,
2438,BOTANY,Respiration in Plants,JISHNA,2026,OFFLINE,MDP,,BATCH21,,17,,17,NOT COMPLETED,,,,,,,,
2439,PHYSICS,Semiconductor Electronics,JISHNA,2026,OFFLINE,BDD,,BATCH21,,10,,10,NOT COMPLETED,,,,,,,,
2440,PHYSICS,Semiconductor Electronics,JISHNA,2026,OFFLINE,BDD,,BATCH21,,14,,14,NOT COMPLETED,,,,,,,,
2441,MATHS,Sequences and Series,JISHNA,2026,OFFLINE,MBO,,BATCH21,,14,,14,NOT COMPLETED,,,,,,,,
2442,MATHS,Sequences and Series,JISHNA,2026,OFFLINE,MBO,,BATCH21,,9,,9,NOT COMPLETED,,,,,,,,
2443,MATHS,Sequences and Series,JISHNA,2026,OFFLINE,MBO,,BATCH21,,17,,17,NOT COMPLETED,,,,,,,,
2444,MATHS,"Sets, Relations and  Functions",JISHNA,2026,OFFLINE,CCM,,BATCH21,,31,,31,NOT COMPLETED,,,,,,,,
2445,MATHS,"Sets, Relations and  Functions",JISHNA,2026,OFFLINE,CCM,,BATCH21,,12,,12,NOT COMPLETED,,,,,,,,
2446,MATHS,"Sets, Relations and  Functions",JISHNA,2026,OFFLINE,CCM,,BATCH21,,19,,19,NOT COMPLETED,,,,,,,,
2447,BOTANY,Sexual reproduction in Flowering Plants,JISHNA,2026,OFFLINE,CBP,,BATCH21,,17,,17,NOT COMPLETED,,,,,,,,
2448,BOTANY,Sexual reproduction in Flowering Plants,JISHNA,2026,OFFLINE,CBP,,BATCH21,,7,,7,NOT COMPLETED,,,,,,,,
2449,BOTANY,Sexual reproduction in Flowering Plants,JISHNA,2026,OFFLINE,CBP,,BATCH21,,10,,10,NOT COMPLETED,,,,,,,,
2450,CHEMISTRY,Solutions,JISHNA,2026,OFFLINE,ZDV,,BATCH21,,7,,7,NOT COMPLETED,,,,,,,,
2451,CHEMISTRY,Solutions,JISHNA,2026,OFFLINE,ZDV,,BATCH21,,31,,31,NOT COMPLETED,,,,,,,,
2452,CHEMISTRY,Some Basic Concepts of Chemistry,JISHNA,2026,OFFLINE,PAA,,BATCH21,,7,,7,NOT COMPLETED,,,,,,,,
2453,CHEMISTRY,Some Basic Concepts of Chemistry,JISHNA,2026,OFFLINE,PAA,,BATCH21,,15,,15,NOT COMPLETED,,,,,,,,
2454,MATHS,Statistics,JISHNA,2026,OFFLINE,CCQ,,BATCH21,,12,,12,NOT COMPLETED,,,,,,,,
2455,MATHS,Statistics,JISHNA,2026,OFFLINE,CCQ,,BATCH21,,10,,10,NOT COMPLETED,,,,,,,,
2456,MATHS,Straight Lines,JISHNA,2026,OFFLINE,ZCC,,BATCH21,,14,,14,NOT COMPLETED,,,,,,,,
2457,MATHS,Straight Lines,JISHNA,2026,OFFLINE,ZCC,,BATCH21,,10,,10,NOT COMPLETED,,,,,,,,
2458,ZOOLOGY,Structural organisation in Animals Morphology of Animals,JISHNA,2026,OFFLINE,BBF,,BATCH21,,21,,21,NOT COMPLETED,,,,,,,,
2459,ZOOLOGY,Structural organisation in Animals Morphology of Animals,JISHNA,2026,OFFLINE,BBF,,BATCH21,,12,,12,NOT COMPLETED,,,,,,,,
2460,ZOOLOGY,Structural organisation in Animals Morphology of Animals,JISHNA,2026,OFFLINE,BBF,,BATCH21,,14,,14,NOT COMPLETED,,,,,,,,
2461,PHYSICS,System of Particles and Rigid Body Rotation,JISHNA,2026,OFFLINE,PDV,,BATCH21,,10,,10,NOT COMPLETED,,,,,,,,
2462,PHYSICS,System of Particles and Rigid Body Rotation,JISHNA,2026,OFFLINE,PDV,,BATCH21,,17,,17,NOT COMPLETED,,,,,,,,
2463,PHYSICS,System of Particles and Rigid Body Rotation,JISHNA,2026,OFFLINE,PDV,,BATCH21,,14,,14,NOT COMPLETED,,,,,,,,
2464,CHEMISTRY,The d and f Block Block Elements,JISHNA,2026,OFFLINE,ZAJ,,BATCH21,,9,,9,NOT COMPLETED,,,,,,,,
2465,CHEMISTRY,The d and f Block Block Elements,JISHNA,2026,OFFLINE,ZAJ,,BATCH21,,21,,21,NOT COMPLETED,,,,,,,,
2466,MATHS,Theory of Probability,JISHNA,2026,OFFLINE,CCV,,BATCH21,,14,,14,NOT COMPLETED,,,,,,,,
2467,MATHS,Theory of Probability,JISHNA,2026,OFFLINE,CCV,,BATCH21,,15,,15,NOT COMPLETED,,,,,,,,
2468,PHYSICS,"Thermal Properties of Matter, Thermodynamics and Kinetic Theory",JISHNA,2026,OFFLINE,PBU,,BATCH21,,10,,10,NOT COMPLETED,,,,,,,,
2469,PHYSICS,"Thermal Properties of Matter, Thermodynamics and Kinetic Theory",JISHNA,2026,OFFLINE,PBU,,BATCH21,,10,,10,NOT COMPLETED,,,,,,,,
2470,PHYSICS,"Thermal Properties of Matter, Thermodynamics and Kinetic Theory",JISHNA,2026,OFFLINE,PBU,,BATCH21,,14,,14,NOT COMPLETED,,,,,,,,
2471,CHEMISTRY,Thermodynamics and Chemical Energetics,JISHNA,2026,OFFLINE,ZAE,,BATCH21,,9,,9,NOT COMPLETED,,,,,,,,
2472,CHEMISTRY,Thermodynamics and Chemical Energetics,JISHNA,2026,OFFLINE,ZAE,,BATCH21,,15,,15,NOT COMPLETED,,,,,,,,
2473,MATHS,Three Dimensional Geometry,JISHNA,2026,OFFLINE,BCG,,BATCH21,,17,,17,NOT COMPLETED,,,,,,,,
2474,MATHS,Three Dimensional Geometry,JISHNA,2026,OFFLINE,BCG,,BATCH21,,10,,10,NOT COMPLETED,,,,,,,,
2475,MATHS,Trigonometry I,JISHNA,2026,OFFLINE,MBA,,BATCH21,,24,,24,NOT COMPLETED,,,,,,,,
2476,MATHS,Trigonometry I,JISHNA,2026,OFFLINE,MBA,,BATCH21,,9,,9,NOT COMPLETED,,,,,,,,
2477,PHYSICS,Wave Optics,JISHNA,2026,OFFLINE,MCP,,BATCH21,,7,,7,NOT COMPLETED,,,,,,,,
2478,PHYSICS,Wave Optics,JISHNA,2026,OFFLINE,MCP,,BATCH21,,21,,21,NOT COMPLETED,,,,,,,,
2479,CHEMISTRY,"Alcohols, Phenols and Ethers",CHAITRA,2026,OFFLINE,BAJ,,BATCH22,,14,,14,NOT COMPLETED,,,,,,,,
2480,CHEMISTRY,"Alcohols, Phenols and Ethers",CHAITRA,2026,OFFLINE,BAJ,,BATCH22,,14,,14,NOT COMPLETED,,,,,,,,
2481,CHEMISTRY,"Alcohols, Phenols and Ethers",CHAITRA,2026,OFFLINE,BAJ,,BATCH22,,9,,9,NOT COMPLETED,,,,,,,,
2482,CHEMISTRY,Aldehydes and Ketones,CHAITRA,2026,OFFLINE,CAY,,BATCH22,,12,,12,NOT COMPLETED,,,,,,,,
2483,CHEMISTRY,Aldehydes and Ketones,CHAITRA,2026,OFFLINE,CAY,,BATCH22,,14,,14,NOT COMPLETED,,,,,,,,
2484,CHEMISTRY,Amines,CHAITRA,2026,OFFLINE,ZAX,,BATCH22,,15,,15,NOT COMPLETED,,,,,,,,
2485,CHEMISTRY,Amines,CHAITRA,2026,OFFLINE,ZAX,,BATCH22,,19,,19,NOT COMPLETED,,,,,,,,
2486,CHEMISTRY,Amines,CHAITRA,2026,OFFLINE,ZAX,,BATCH22,,10,,10,NOT COMPLETED,,,,,,,,
2487,ZOOLOGY,Animal Kingdom Phylum Chordata,CHAITRA,2026,OFFLINE,MAS,,BATCH22,,15,,15,NOT COMPLETED,,,,,,,,
2488,ZOOLOGY,Animal Kingdom Phylum Chordata,CHAITRA,2026,OFFLINE,MAS,,BATCH22,,10,,10,NOT COMPLETED,,,,,,,,
2489,ZOOLOGY,Animal Kingdom Phylum Chordata,CHAITRA,2026,OFFLINE,MAS,,BATCH22,,17,,17,NOT COMPLETED,,,,,,,,
2490,MATHS,Applications of Differentiation,CHAITRA,2026,OFFLINE,BBU,,BATCH22,,12,,12,NOT COMPLETED,,,,,,,,
2491,MATHS,Applications of Differentiation,CHAITRA,2026,OFFLINE,BBU,,BATCH22,,10,,10,NOT COMPLETED,,,,,,,,
2492,PHYSICS,Atoms and Nuclei,CHAITRA,2026,OFFLINE,ZDE,,BATCH22,,9,,9,NOT COMPLETED,,,,,,,,
2493,PHYSICS,Atoms and Nuclei,CHAITRA,2026,OFFLINE,ZDE,,BATCH22,,15,,15,NOT COMPLETED,,,,,,,,
2494,ZOOLOGY,Biodiversity and Conservation,CHAITRA,2026,OFFLINE,PCM,,BATCH22,,9,,9,NOT COMPLETED,,,,,,,,
2495,ZOOLOGY,Biodiversity and Conservation,CHAITRA,2026,OFFLINE,PCM,,BATCH22,,7,,7,NOT COMPLETED,,,,,,,,
2496,BOTANY,Biological Classification,CHAITRA,2026,OFFLINE,CBL,,BATCH22,,12,,12,NOT COMPLETED,,,,,,,,
2497,BOTANY,Biological Classification,CHAITRA,2026,OFFLINE,CBL,,BATCH22,,21,,21,NOT COMPLETED,,,,,,,,
2498,BOTANY,Biological Classification,CHAITRA,2026,OFFLINE,CBL,,BATCH22,,10,,10,NOT COMPLETED,,,,,,,,
2499,ZOOLOGY,Biomolecules,CHAITRA,2026,OFFLINE,BBG,,BATCH22,,14,,14,NOT COMPLETED,,,,,,,,
2500,CHEMISTRY,Biomolecules,CHAITRA,2026,OFFLINE,MDM,,BATCH22,,10,,10,NOT COMPLETED,,,,,,,,
2501,ZOOLOGY,Biomolecules,CHAITRA,2026,OFFLINE,BBG,,BATCH22,,10,,10,NOT COMPLETED,,,,,,,,
2502,CHEMISTRY,Biomolecules,CHAITRA,2026,OFFLINE,MDM,,BATCH22,,12,,12,NOT COMPLETED,,,,,,,,
2503,ZOOLOGY,Biomolecules,CHAITRA,2026,OFFLINE,BBG,,BATCH22,,10,,10,NOT COMPLETED,,,,,,,,
2504,BOTANY,Biotechnology : Principles and processes,CHAITRA,2026,OFFLINE,CBQ,,BATCH22,,14,,14,NOT COMPLETED,,,,,,,,
2505,BOTANY,Biotechnology : Principles and processes,CHAITRA,2026,OFFLINE,CBQ,,BATCH22,,9,,9,NOT COMPLETED,,,,,,,,
2506,BOTANY,Biotechnology : Principles and processes,CHAITRA,2026,OFFLINE,CBQ,,BATCH22,,9,,9,NOT COMPLETED,,,,,,,,
2507,BOTANY,Biotechnology and its Applications,CHAITRA,2026,OFFLINE,MAE,,BATCH22,,12,,12,NOT COMPLETED,,,,,,,,
2508,BOTANY,Biotechnology and its Applications,CHAITRA,2026,OFFLINE,MAE,,BATCH22,,9,,9,NOT COMPLETED,,,,,,,,
2509,ZOOLOGY,Breathing and Exchange of Gases,CHAITRA,2026,OFFLINE,CBU,,BATCH22,,15,,15,NOT COMPLETED,,,,,,,,
2510,ZOOLOGY,Breathing and Exchange of Gases,CHAITRA,2026,OFFLINE,CBU,,BATCH22,,9,,9,NOT COMPLETED,,,,,,,,
2511,CHEMISTRY,Carboxylic Acids and It's Derivatives  Derivatives,CHAITRA,2026,OFFLINE,BDM,,BATCH22,,10,,10,NOT COMPLETED,,,,,,,,
2512,CHEMISTRY,Carboxylic Acids and It's Derivatives  Derivatives,CHAITRA,2026,OFFLINE,BDM,,BATCH22,,15,,15,NOT COMPLETED,,,,,,,,
2513,BOTANY,Cell : The unit of life,CHAITRA,2026,OFFLINE,BAO,,BATCH22,,14,,14,NOT COMPLETED,,,,,,,,
2514,BOTANY,Cell : The unit of life,CHAITRA,2026,OFFLINE,BAO,,BATCH22,,29,,29,NOT COMPLETED,,,,,,,,
2515,BOTANY,Cell Cycle and Cell Division,CHAITRA,2026,OFFLINE,CBC,,BATCH22,,17,,17,NOT COMPLETED,,,,,,,,
2516,BOTANY,Cell Cycle and Cell Division,CHAITRA,2026,OFFLINE,CBC,,BATCH22,,14,,14,NOT COMPLETED,,,,,,,,
2517,CHEMISTRY,Chemical and Ionic Equilibrium,CHAITRA,2026,OFFLINE,ZAF,,BATCH22,,9,,9,NOT COMPLETED,,,,,,,,
2518,CHEMISTRY,Chemical and Ionic Equilibrium,CHAITRA,2026,OFFLINE,ZAF,,BATCH22,,14,,14,NOT COMPLETED,,,,,,,,
2519,CHEMISTRY,Chemical Bonding and Molecular Structure  Structure,CHAITRA,2026,OFFLINE,ZDR,,BATCH22,,9,,9,NOT COMPLETED,,,,,,,,
2520,CHEMISTRY,Chemical Bonding and Molecular Structure  Structure,CHAITRA,2026,OFFLINE,ZDR,,BATCH22,,12,,12,NOT COMPLETED,,,,,,,,
2521,ZOOLOGY,Chemical Coordination and Integration,CHAITRA,2026,OFFLINE,CCI,,BATCH22,,12,,12,NOT COMPLETED,,,,,,,,
2522,ZOOLOGY,Chemical Coordination and Integration,CHAITRA,2026,OFFLINE,CCI,,BATCH22,,9,,9,NOT COMPLETED,,,,,,,,
2523,ZOOLOGY,Chemical Coordination and Integration,CHAITRA,2026,OFFLINE,CCI,,BATCH22,,9,,9,NOT COMPLETED,,,,,,,,
2524,MATHS,Circles,CHAITRA,2026,OFFLINE,ZCD,,BATCH22,,15,,15,NOT COMPLETED,,,,,,,,
2525,MATHS,Circles,CHAITRA,2026,OFFLINE,ZCD,,BATCH22,,10,,10,NOT COMPLETED,,,,,,,,
2526,MATHS,Complex Numbers,CHAITRA,2026,OFFLINE,PDA,,BATCH22,,14,,14,NOT COMPLETED,,,,,,,,
2527,MATHS,Complex Numbers,CHAITRA,2026,OFFLINE,PDA,,BATCH22,,9,,9,NOT COMPLETED,,,,,,,,
2528,MATHS,Complex Numbers,CHAITRA,2026,OFFLINE,PDA,,BATCH22,,15,,15,NOT COMPLETED,,,,,,,,
2529,MATHS,"Continuity, Differentiability and Derivatives",CHAITRA,2026,OFFLINE,PDE,,BATCH22,,14,,14,NOT COMPLETED,,,,,,,,
2530,MATHS,"Continuity, Differentiability and Derivatives",CHAITRA,2026,OFFLINE,PDE,,BATCH22,,9,,9,NOT COMPLETED,,,,,,,,
2531,CHEMISTRY,Coordination Compounds and Organometallics,CHAITRA,2026,OFFLINE,ZAK,,BATCH22,,10,,10,NOT COMPLETED,,,,,,,,
2532,CHEMISTRY,Coordination Compounds and Organometallics,CHAITRA,2026,OFFLINE,ZAK,,BATCH22,,14,,14,NOT COMPLETED,,,,,,,,
2533,PHYSICS,Current Electricity,CHAITRA,2026,OFFLINE,BCZ,,BATCH22,,12,,12,NOT COMPLETED,,,,,,,,
2534,PHYSICS,Current Electricity,CHAITRA,2026,OFFLINE,BCZ,,BATCH22,,14,,14,NOT COMPLETED,,,,,,,,
2535,PHYSICS,Current Electricity,CHAITRA,2026,OFFLINE,BCZ,,BATCH22,,9,,9,NOT COMPLETED,,,,,,,,
2536,MATHS,Differential Equations,CHAITRA,2026,OFFLINE,MBT,,BATCH22,,14,,14,NOT COMPLETED,,,,,,,,
2537,MATHS,Differential Equations,CHAITRA,2026,OFFLINE,MBT,,BATCH22,,14,,14,NOT COMPLETED,,,,,,,,
2538,PHYSICS,Dual Nature of Matter and Radiation,CHAITRA,2026,OFFLINE,MCQ,,BATCH22,,7,,7,NOT COMPLETED,,,,,,,,
2539,PHYSICS,Dual Nature of Matter and Radiation,CHAITRA,2026,OFFLINE,MCQ,,BATCH22,,14,,14,NOT COMPLETED,,,,,,,,
2540,BOTANY,Ecosystem,CHAITRA,2026,OFFLINE,PCD,,BATCH22,,9,,9,NOT COMPLETED,,,,,,,,
2541,BOTANY,Ecosystem,CHAITRA,2026,OFFLINE,PCD,,BATCH22,,9,,9,NOT COMPLETED,,,,,,,,
2542,BOTANY,Ecosystem,CHAITRA,2026,OFFLINE,PCD,,BATCH22,,14,,14,NOT COMPLETED,,,,,,,,
2543,CHEMISTRY,Electrochemistry,CHAITRA,2026,OFFLINE,ZDW,,BATCH22,,10,,10,NOT COMPLETED,,,,,,,,
2544,CHEMISTRY,Electrochemistry,CHAITRA,2026,OFFLINE,ZDW,,BATCH22,,24,,24,NOT COMPLETED,,,,,,,,
2545,PHYSICS,Electromagnetic Induction and Alternating Current,CHAITRA,2026,OFFLINE,PAB,,BATCH22,,14,,14,NOT COMPLETED,,,,,,,,
2546,PHYSICS,Electromagnetic Induction and Alternating Current,CHAITRA,2026,OFFLINE,PAB,,BATCH22,,21,,21,NOT COMPLETED,,,,,,,,
2547,PHYSICS,Electromagnetic Induction and Alternating Current,CHAITRA,2026,OFFLINE,PAB,,BATCH22,,9,,9,NOT COMPLETED,,,,,,,,
2548,PHYSICS,Electromagnetic Waves,CHAITRA,2026,OFFLINE,CAB,,BATCH22,,5,,5,NOT COMPLETED,,,,,,,,
2549,PHYSICS,Electromagnetic Waves,CHAITRA,2026,OFFLINE,CAB,,BATCH22,,15,,15,NOT COMPLETED,,,,,,,,
2550,ZOOLOGY,Evolution,CHAITRA,2026,OFFLINE,CBZ,,BATCH22,,24,,24,NOT COMPLETED,,,,,,,,
2551,ZOOLOGY,Evolution,CHAITRA,2026,OFFLINE,CBZ,,BATCH22,,7,,7,NOT COMPLETED,,,,,,,,
2552,ZOOLOGY,Excretory Products and Their Elimination,CHAITRA,2026,OFFLINE,ZBU,,BATCH22,,15,,15,NOT COMPLETED,,,,,,,,
2553,ZOOLOGY,Excretory Products and Their Elimination,CHAITRA,2026,OFFLINE,ZBU,,BATCH22,,17,,17,NOT COMPLETED,,,,,,,,
2554,ZOOLOGY,Excretory Products and Their Elimination,CHAITRA,2026,OFFLINE,ZBU,,BATCH22,,12,,12,NOT COMPLETED,,,,,,,,
2555,PHYSICS,Gravitation,CHAITRA,2026,OFFLINE,PDW,,BATCH22,,9,,9,NOT COMPLETED,,,,,,,,
2556,PHYSICS,Gravitation,CHAITRA,2026,OFFLINE,PDW,,BATCH22,,19,,19,NOT COMPLETED,,,,,,,,
2557,PHYSICS,Gravitation,CHAITRA,2026,OFFLINE,PDW,,BATCH22,,15,,15,NOT COMPLETED,,,,,,,,
2558,ZOOLOGY,Human Reproduction,CHAITRA,2026,OFFLINE,PBQ,,BATCH22,,21,,21,NOT COMPLETED,,,,,,,,
2559,ZOOLOGY,Human Reproduction,CHAITRA,2026,OFFLINE,PBQ,,BATCH22,,14,,14,NOT COMPLETED,,,,,,,,
2560,MATHS,Integration and its Applications,CHAITRA,2026,OFFLINE,CDF,,BATCH22,,29,,29,NOT COMPLETED,,,,,,,,
2561,MATHS,Integration and its Applications,CHAITRA,2026,OFFLINE,CDF,,BATCH22,,12,,12,NOT COMPLETED,,,,,,,,
2562,MATHS,Integration and its Applications,CHAITRA,2026,OFFLINE,CDF,,BATCH22,,17,,17,NOT COMPLETED,,,,,,,,
2563,PHYSICS,Laws of Motion,CHAITRA,2026,OFFLINE,CDJ,,BATCH22,,10,,10,NOT COMPLETED,,,,,,,,
2564,PHYSICS,Laws of Motion,CHAITRA,2026,OFFLINE,CDJ,,BATCH22,,12,,12,NOT COMPLETED,,,,,,,,
2565,MATHS,Limits of Real Functions,CHAITRA,2026,OFFLINE,ZCR,,BATCH22,,10,,10,NOT COMPLETED,,,,,,,,
2566,MATHS,Limits of Real Functions,CHAITRA,2026,OFFLINE,ZCR,,BATCH22,,10,,10,NOT COMPLETED,,,,,,,,
2567,MATHS,Limits of Real Functions,CHAITRA,2026,OFFLINE,ZCR,,BATCH22,,7,,7,NOT COMPLETED,,,,,,,,
2568,MATHS,Linear Inequations and Inequalities,CHAITRA,2026,OFFLINE,MBB,,BATCH22,,7,,7,NOT COMPLETED,,,,,,,,
2569,MATHS,Linear Inequations and Inequalities,CHAITRA,2026,OFFLINE,MBB,,BATCH22,,9,,9,NOT COMPLETED,,,,,,,,
2570,MATHS,Linear Programming,CHAITRA,2026,OFFLINE,CCW,,BATCH22,,7,,7,NOT COMPLETED,,,,,,,,
2571,MATHS,Linear Programming,CHAITRA,2026,OFFLINE,CCW,,BATCH22,,10,,10,NOT COMPLETED,,,,,,,,
2572,ZOOLOGY,Locomotion and Movement,CHAITRA,2026,OFFLINE,PCH,,BATCH22,,19,,19,NOT COMPLETED,,,,,,,,
2573,ZOOLOGY,Locomotion and Movement,CHAITRA,2026,OFFLINE,PCH,,BATCH22,,12,,12,NOT COMPLETED,,,,,,,,
2574,PHYSICS,Mechanical Properties of Solids & Fluids,CHAITRA,2026,OFFLINE,BCM,,BATCH22,,12,,12,NOT COMPLETED,,,,,,,,
2575,PHYSICS,Mechanical Properties of Solids & Fluids,CHAITRA,2026,OFFLINE,BCM,,BATCH22,,14,,14,NOT COMPLETED,,,,,,,,
2576,ZOOLOGY,Microbes in Human Welfare,CHAITRA,2026,OFFLINE,PAY,,BATCH22,,15,,15,NOT COMPLETED,,,,,,,,
2577,ZOOLOGY,Microbes in Human Welfare,CHAITRA,2026,OFFLINE,PAY,,BATCH22,,10,,10,NOT COMPLETED,,,,,,,,
2578,ZOOLOGY,Molecular Basis of Inheritance,CHAITRA,2026,OFFLINE,PBH,,BATCH22,,17,,17,NOT COMPLETED,,,,,,,,
2579,ZOOLOGY,Molecular Basis of Inheritance,CHAITRA,2026,OFFLINE,PBH,,BATCH22,,7,,7,NOT COMPLETED,,,,,,,,
2580,BOTANY,Morphology of Flowering Plants,CHAITRA,2026,OFFLINE,ZAO,,BATCH22,,14,,14,NOT COMPLETED,,,,,,,,
2581,BOTANY,Morphology of Flowering Plants,CHAITRA,2026,OFFLINE,ZAO,,BATCH22,,14,,14,NOT COMPLETED,,,,,,,,
2582,PHYSICS,Motion in a Straight Line,CHAITRA,2026,OFFLINE,PDJ,,BATCH22,,9,,9,NOT COMPLETED,,,,,,,,
2583,PHYSICS,Motion in a Straight Line,CHAITRA,2026,OFFLINE,PDJ,,BATCH22,,12,,12,NOT COMPLETED,,,,,,,,
2584,PHYSICS,Moving Charges and Magnetism,CHAITRA,2026,OFFLINE,CDO,,BATCH22,,12,,12,NOT COMPLETED,,,,,,,,
2585,PHYSICS,Moving Charges and Magnetism,CHAITRA,2026,OFFLINE,CDO,,BATCH22,,9,,9,NOT COMPLETED,,,,,,,,
2586,ZOOLOGY,Neural Control and Coordination,CHAITRA,2026,OFFLINE,BAX,,BATCH22,,15,,15,NOT COMPLETED,,,,,,,,
2587,ZOOLOGY,Neural Control and Coordination,CHAITRA,2026,OFFLINE,BAX,,BATCH22,,12,,12,NOT COMPLETED,,,,,,,,
2588,CHEMISTRY,Organic Chemistry–Some Basic Principles–Part II II (Reaction Mechanism),CHAITRA,2026,OFFLINE,CAT,,BATCH22,,10,,10,NOT COMPLETED,,,,,,,,
2589,CHEMISTRY,Organic Chemistry–Some Basic Principles–Part II II (Reaction Mechanism),CHAITRA,2026,OFFLINE,CAT,,BATCH22,,17,,17,NOT COMPLETED,,,,,,,,
2590,CHEMISTRY,Organic Chemistry–Some Basic Principles–Part II II (Reaction Mechanism),CHAITRA,2026,OFFLINE,CAT,,BATCH22,,9,,9,NOT COMPLETED,,,,,,,,
2591,CHEMISTRY,Organic Chemistry–Some Basic Principles–Part III III (Purification),CHAITRA,2026,OFFLINE,PBM,,BATCH22,,10,,10,NOT COMPLETED,,,,,,,,
2592,CHEMISTRY,Organic Chemistry–Some Basic Principles–Part III III (Purification),CHAITRA,2026,OFFLINE,PBM,,BATCH22,,15,,15,NOT COMPLETED,,,,,,,,
2593,PHYSICS,Oscillations,CHAITRA,2026,OFFLINE,MCL,,BATCH22,,9,,9,NOT COMPLETED,,,,,,,,
2594,PHYSICS,Oscillations,CHAITRA,2026,OFFLINE,MCL,,BATCH22,,17,,17,NOT COMPLETED,,,,,,,,
2595,PHYSICS,Oscillations,CHAITRA,2026,OFFLINE,MCL,,BATCH22,,7,,7,NOT COMPLETED,,,,,,,,
2596,MATHS,"Permutation, Combination and Binomial Theorem",CHAITRA,2026,OFFLINE,BBP,,BATCH22,,17,,17,NOT COMPLETED,,,,,,,,
2597,MATHS,"Permutation, Combination and Binomial Theorem",CHAITRA,2026,OFFLINE,BBP,,BATCH22,,9,,9,NOT COMPLETED,,,,,,,,
2598,PHYSICS,"Physical World, Units and Measurements",CHAITRA,2026,OFFLINE,ZCV,,BATCH22,,9,,9,NOT COMPLETED,,,,,,,,
2599,PHYSICS,"Physical World, Units and Measurements",CHAITRA,2026,OFFLINE,ZCV,,BATCH22,,12,,12,NOT COMPLETED,,,,,,,,
2600,BOTANY,Plant Growth and Development,CHAITRA,2026,OFFLINE,MDQ,,BATCH22,,10,,10,NOT COMPLETED,,,,,,,,
2601,BOTANY,Plant Growth and Development,CHAITRA,2026,OFFLINE,MDQ,,BATCH22,,14,,14,NOT COMPLETED,,,,,,,,
2602,BOTANY,Plant Kingdom,CHAITRA,2026,OFFLINE,MAA,,BATCH22,,12,,12,NOT COMPLETED,,,,,,,,
2603,BOTANY,Plant Kingdom,CHAITRA,2026,OFFLINE,MAA,,BATCH22,,10,,10,NOT COMPLETED,,,,,,,,
2604,CHEMISTRY,Practical Chemistry,CHAITRA,2026,OFFLINE,BAA,,BATCH22,,9,,9,NOT COMPLETED,,,,,,,,
2605,CHEMISTRY,Practical Chemistry,CHAITRA,2026,OFFLINE,BAA,,BATCH22,,26,,26,NOT COMPLETED,,,,,,,,
2606,PHYSICS,Ray Optics & Optical Instruments,CHAITRA,2026,OFFLINE,BCQ,,BATCH22,,12,,12,NOT COMPLETED,,,,,,,,
2607,PHYSICS,Ray Optics & Optical Instruments,CHAITRA,2026,OFFLINE,BCQ,,BATCH22,,14,,14,NOT COMPLETED,,,,,,,,
2608,CHEMISTRY,Redox Reaction,CHAITRA,2026,OFFLINE,CAF,,BATCH22,,9,,9,NOT COMPLETED,,,,,,,,
2609,CHEMISTRY,Redox Reaction,CHAITRA,2026,OFFLINE,CAF,,BATCH22,,21,,21,NOT COMPLETED,,,,,,,,
2610,ZOOLOGY,Reproductive Health,CHAITRA,2026,OFFLINE,ZBL,,BATCH22,,15,,15,NOT COMPLETED,,,,,,,,
2611,ZOOLOGY,Reproductive Health,CHAITRA,2026,OFFLINE,ZBL,,BATCH22,,5,,5,NOT COMPLETED,,,,,,,,
2612,BOTANY,Respiration in Plants,CHAITRA,2026,OFFLINE,ZBC,,BATCH22,,14,,14,NOT COMPLETED,,,,,,,,
2613,BOTANY,Respiration in Plants,CHAITRA,2026,OFFLINE,ZBC,,BATCH22,,17,,17,NOT COMPLETED,,,,,,,,
2614,PHYSICS,Semiconductor Electronics,CHAITRA,2026,OFFLINE,PAK,,BATCH22,,10,,10,NOT COMPLETED,,,,,,,,
2615,PHYSICS,Semiconductor Electronics,CHAITRA,2026,OFFLINE,PAK,,BATCH22,,14,,14,NOT COMPLETED,,,,,,,,
2616,PHYSICS,Semiconductor Electronics,CHAITRA,2026,OFFLINE,PAK,,BATCH22,,9,,9,NOT COMPLETED,,,,,,,,
2617,CHEMISTRY,Solutions,CHAITRA,2026,OFFLINE,MDH,,BATCH22,,7,,7,NOT COMPLETED,,,,,,,,
2618,CHEMISTRY,Solutions,CHAITRA,2026,OFFLINE,MDH,,BATCH22,,31,,31,NOT COMPLETED,,,,,,,,
2619,CHEMISTRY,Solutions,CHAITRA,2026,OFFLINE,MDH,,BATCH22,,12,,12,NOT COMPLETED,,,,,,,,
2620,CHEMISTRY,Some Basic Concepts of Chemistry,CHAITRA,2026,OFFLINE,BDE,,BATCH22,,7,,7,NOT COMPLETED,,,,,,,,
2621,CHEMISTRY,Some Basic Concepts of Chemistry,CHAITRA,2026,OFFLINE,BDE,,BATCH22,,15,,15,NOT COMPLETED,,,,,,,,
2622,MATHS,Statistics,CHAITRA,2026,OFFLINE,BCD,,BATCH22,,12,,12,NOT COMPLETED,,,,,,,,
2623,MATHS,Statistics,CHAITRA,2026,OFFLINE,BCD,,BATCH22,,10,,10,NOT COMPLETED,,,,,,,,
2624,MATHS,Statistics,CHAITRA,2026,OFFLINE,BCD,,BATCH22,,9,,9,NOT COMPLETED,,,,,,,,
2625,MATHS,Straight Lines,CHAITRA,2026,OFFLINE,MBP,,BATCH22,,14,,14,NOT COMPLETED,,,,,,,,
2626,MATHS,Straight Lines,CHAITRA,2026,OFFLINE,MBP,,BATCH22,,10,,10,NOT COMPLETED,,,,,,,,
2627,MATHS,Straight Lines,CHAITRA,2026,OFFLINE,MBP,,BATCH22,,24,,24,NOT COMPLETED,,,,,,,,
2628,ZOOLOGY,Structural organisation in Animals Animal Tissue,CHAITRA,2026,OFFLINE,ZBG,,BATCH22,,14,,14,NOT COMPLETED,,,,,,,,
2629,ZOOLOGY,Structural organisation in Animals Animal Tissue,CHAITRA,2026,OFFLINE,ZBG,,BATCH22,,9,,9,NOT COMPLETED,,,,,,,,
2630,CHEMISTRY,Structure of Atoms,CHAITRA,2026,OFFLINE,CDR,,BATCH22,,12,,12,NOT COMPLETED,,,,,,,,
2631,CHEMISTRY,Structure of Atoms,CHAITRA,2026,OFFLINE,CDR,,BATCH22,,19,,19,NOT COMPLETED,,,,,,,,
2632,CHEMISTRY,The d and f Block Block Elements,CHAITRA,2026,OFFLINE,BDV,,BATCH22,,9,,9,NOT COMPLETED,,,,,,,,
2633,CHEMISTRY,The d and f Block Block Elements,CHAITRA,2026,OFFLINE,BDV,,BATCH22,,21,,21,NOT COMPLETED,,,,,,,,
2634,CHEMISTRY,The d and f Block Block Elements,CHAITRA,2026,OFFLINE,BDV,,BATCH22,,9,,9,NOT COMPLETED,,,,,,,,
2635,ZOOLOGY,The Living World,CHAITRA,2026,OFFLINE,BAS,,BATCH22,,9,,9,NOT COMPLETED,,,,,,,,
2636,ZOOLOGY,The Living World,CHAITRA,2026,OFFLINE,BAS,,BATCH22,,10,,10,NOT COMPLETED,,,,,,,,
2637,CHEMISTRY,The p Block Elements (XI) (XI) & (XII),CHAITRA,2026,OFFLINE,PBV,,BATCH22,,9,,9,NOT COMPLETED,,,,,,,,
2638,CHEMISTRY,The p Block Elements (XI) (XI) & (XII),CHAITRA,2026,OFFLINE,PBV,,BATCH22,,17,,17,NOT COMPLETED,,,,,,,,
2639,MATHS,Theory of Probability,CHAITRA,2026,OFFLINE,BCH,,BATCH22,,14,,14,NOT COMPLETED,,,,,,,,
2640,MATHS,Theory of Probability,CHAITRA,2026,OFFLINE,BCH,,BATCH22,,15,,15,NOT COMPLETED,,,,,,,,
2641,MATHS,Trigonometry I,CHAITRA,2026,OFFLINE,PAP,,BATCH22,,24,,24,NOT COMPLETED,,,,,,,,
2642,MATHS,Trigonometry I,CHAITRA,2026,OFFLINE,PAP,,BATCH22,,9,,9,NOT COMPLETED,,,,,,,,
2643,MATHS,Trigonometry I,CHAITRA,2026,OFFLINE,PAP,,BATCH22,,15,,15,NOT COMPLETED,,,,,,,,
2644,MATHS,Trigonometry II,CHAITRA,2026,OFFLINE,CCR,,BATCH22,,26,,26,NOT COMPLETED,,,,,,,,
2645,MATHS,Trigonometry II,CHAITRA,2026,OFFLINE,CCR,,BATCH22,,7,,7,NOT COMPLETED,,,,,,,,
2646,MATHS,Vectors,CHAITRA,2026,OFFLINE,ZCI,,BATCH22,,15,,15,NOT COMPLETED,,,,,,,,
2647,MATHS,Vectors,CHAITRA,2026,OFFLINE,ZCI,,BATCH22,,12,,12,NOT COMPLETED,,,,,,,,
2648,PHYSICS,Wave Optics,CHAITRA,2026,OFFLINE,PAT,,BATCH22,,7,,7,NOT COMPLETED,,,,,,,,
2649,PHYSICS,Wave Optics,CHAITRA,2026,OFFLINE,PAT,,BATCH22,,21,,21,NOT COMPLETED,,,,,,,,
2650,PHYSICS,Wave Optics,CHAITRA,2026,OFFLINE,PAT,,BATCH22,,12,,12,NOT COMPLETED,,,,,,,,
2651,PHYSICS,Waves,CHAITRA,2026,OFFLINE,ZDA,,BATCH22,,9,,9,NOT COMPLETED,,,,,,,,
2652,PHYSICS,Waves,CHAITRA,2026,OFFLINE,ZDA,,BATCH22,,14,,14,NOT COMPLETED,,,,,,,,
2653,PHYSICS,Work Energy & Power,CHAITRA,2026,OFFLINE,MBY,,BATCH22,,9,,9,NOT COMPLETED,,,,,,,,
2654,PHYSICS,Work Energy & Power,CHAITRA,2026,OFFLINE,MBY,,BATCH22,,14,,14,NOT COMPLETED,,,,,,,,
2655,CHEMISTRY,Aldehydes and Ketones,ARPITHA.SHAJAN,2026,OFFLINE,BAK,,BATCH23,,12,,12,NOT COMPLETED,,,,,,,,
2656,CHEMISTRY,Aldehydes and Ketones,ARPITHA.SHAJAN,2026,OFFLINE,BAK,,BATCH23,,14,,14,NOT COMPLETED,,,,,,,,
2657,CHEMISTRY,Aldehydes and Ketones,ARPITHA.SHAJAN,2026,OFFLINE,BAK,,BATCH23,,10,,10,NOT COMPLETED,,,,,,,,
2658,CHEMISTRY,Amines,ARPITHA.SHAJAN,2026,OFFLINE,BDN,,BATCH23,,15,,15,NOT COMPLETED,,,,,,,,
2659,CHEMISTRY,Amines,ARPITHA.SHAJAN,2026,OFFLINE,BDN,,BATCH23,,19,,19,NOT COMPLETED,,,,,,,,
2660,BOTANY,Anatomy of Flowering Plants,ARPITHA.SHAJAN,2026,OFFLINE,ZAP,,BATCH23,,12,,12,NOT COMPLETED,,,,,,,,
2661,BOTANY,Anatomy of Flowering Plants,ARPITHA.SHAJAN,2026,OFFLINE,ZAP,,BATCH23,,12,,12,NOT COMPLETED,,,,,,,,
2662,ZOOLOGY,Animal Kingdom Non Chordata,ARPITHA.SHAJAN,2026,OFFLINE,BAT,,BATCH23,,21,,21,NOT COMPLETED,,,,,,,,
2663,ZOOLOGY,Animal Kingdom Non Chordata,ARPITHA.SHAJAN,2026,OFFLINE,BAT,,BATCH23,,9,,9,NOT COMPLETED,,,,,,,,
2664,MATHS,Applications of Differentiation,ARPITHA.SHAJAN,2026,OFFLINE,PDF,,BATCH23,,12,,12,NOT COMPLETED,,,,,,,,
2665,MATHS,Applications of Differentiation,ARPITHA.SHAJAN,2026,OFFLINE,PDF,,BATCH23,,10,,10,NOT COMPLETED,,,,,,,,
2666,PHYSICS,Atoms and Nuclei,ARPITHA.SHAJAN,2026,OFFLINE,MCR,,BATCH23,,9,,9,NOT COMPLETED,,,,,,,,
2667,PHYSICS,Atoms and Nuclei,ARPITHA.SHAJAN,2026,OFFLINE,MCR,,BATCH23,,15,,15,NOT COMPLETED,,,,,,,,
2668,ZOOLOGY,Biodiversity and Conservation,ARPITHA.SHAJAN,2026,OFFLINE,ZBZ,,BATCH23,,9,,9,NOT COMPLETED,,,,,,,,
2669,ZOOLOGY,Biodiversity and Conservation,ARPITHA.SHAJAN,2026,OFFLINE,ZBZ,,BATCH23,,7,,7,NOT COMPLETED,,,,,,,,
2670,BOTANY,Biological Classification,ARPITHA.SHAJAN,2026,OFFLINE,BAB,,BATCH23,,12,,12,NOT COMPLETED,,,,,,,,
2671,BOTANY,Biological Classification,ARPITHA.SHAJAN,2026,OFFLINE,BAB,,BATCH23,,21,,21,NOT COMPLETED,,,,,,,,
2672,CHEMISTRY,Biomolecules,ARPITHA.SHAJAN,2026,OFFLINE,ZAY,,BATCH23,,10,,10,NOT COMPLETED,,,,,,,,
2673,CHEMISTRY,Biomolecules,ARPITHA.SHAJAN,2026,OFFLINE,ZAY,,BATCH23,,12,,12,NOT COMPLETED,,,,,,,,
2674,CHEMISTRY,Biomolecules,ARPITHA.SHAJAN,2026,OFFLINE,ZAY,,BATCH23,,10,,10,NOT COMPLETED,,,,,,,,
2675,BOTANY,Biotechnology and its Applications,ARPITHA.SHAJAN,2026,OFFLINE,CBR,,BATCH23,,12,,12,NOT COMPLETED,,,,,,,,
2676,BOTANY,Biotechnology and its Applications,ARPITHA.SHAJAN,2026,OFFLINE,CBR,,BATCH23,,9,,9,NOT COMPLETED,,,,,,,,
2677,BOTANY,Biotechnology and its Applications,ARPITHA.SHAJAN,2026,OFFLINE,CBR,,BATCH23,,12,,12,NOT COMPLETED,,,,,,,,
2678,ZOOLOGY,Body Fluids and Circulation,ARPITHA.SHAJAN,2026,OFFLINE,CBV,,BATCH23,,14,,14,NOT COMPLETED,,,,,,,,
2679,ZOOLOGY,Body Fluids and Circulation,ARPITHA.SHAJAN,2026,OFFLINE,CBV,,BATCH23,,9,,9,NOT COMPLETED,,,,,,,,
2680,ZOOLOGY,Breathing and Exchange of Gases,ARPITHA.SHAJAN,2026,OFFLINE,BBH,,BATCH23,,15,,15,NOT COMPLETED,,,,,,,,
2681,ZOOLOGY,Breathing and Exchange of Gases,ARPITHA.SHAJAN,2026,OFFLINE,BBH,,BATCH23,,9,,9,NOT COMPLETED,,,,,,,,
2682,ZOOLOGY,Breathing and Exchange of Gases,ARPITHA.SHAJAN,2026,OFFLINE,BBH,,BATCH23,,17,,17,NOT COMPLETED,,,,,,,,
2683,CHEMISTRY,Carboxylic Acids and It's Derivatives  Derivatives,ARPITHA.SHAJAN,2026,OFFLINE,PAL,,BATCH23,,10,,10,NOT COMPLETED,,,,,,,,
2684,CHEMISTRY,Carboxylic Acids and It's Derivatives  Derivatives,ARPITHA.SHAJAN,2026,OFFLINE,PAL,,BATCH23,,15,,15,NOT COMPLETED,,,,,,,,
2685,BOTANY,Cell Cycle and Cell Division,ARPITHA.SHAJAN,2026,OFFLINE,BAP,,BATCH23,,17,,17,NOT COMPLETED,,,,,,,,
2686,BOTANY,Cell Cycle and Cell Division,ARPITHA.SHAJAN,2026,OFFLINE,BAP,,BATCH23,,14,,14,NOT COMPLETED,,,,,,,,
2687,ZOOLOGY,Chemical Coordination and Integration,ARPITHA.SHAJAN,2026,OFFLINE,BAY,,BATCH23,,12,,12,NOT COMPLETED,,,,,,,,
2688,ZOOLOGY,Chemical Coordination and Integration,ARPITHA.SHAJAN,2026,OFFLINE,BAY,,BATCH23,,9,,9,NOT COMPLETED,,,,,,,,
2689,CHEMISTRY,Chemical Kinetics,ARPITHA.SHAJAN,2026,OFFLINE,PBD,,BATCH23,,10,,10,NOT COMPLETED,,,,,,,,
2690,CHEMISTRY,Chemical Kinetics,ARPITHA.SHAJAN,2026,OFFLINE,PBD,,BATCH23,,7,,7,NOT COMPLETED,,,,,,,,
2691,MATHS,Circles,ARPITHA.SHAJAN,2026,OFFLINE,MBQ,,BATCH23,,15,,15,NOT COMPLETED,,,,,,,,
2692,MATHS,Circles,ARPITHA.SHAJAN,2026,OFFLINE,MBQ,,BATCH23,,10,,10,NOT COMPLETED,,,,,,,,
2693,MATHS,Circles,ARPITHA.SHAJAN,2026,OFFLINE,MBQ,,BATCH23,,17,,17,NOT COMPLETED,,,,,,,,
2694,CHEMISTRY,Classification of Elements and Periodicity Periodicity in Properties,ARPITHA.SHAJAN,2026,OFFLINE,CDS,,BATCH23,,9,,9,NOT COMPLETED,,,,,,,,
2695,CHEMISTRY,Classification of Elements and Periodicity Periodicity in Properties,ARPITHA.SHAJAN,2026,OFFLINE,CDS,,BATCH23,,15,,15,NOT COMPLETED,,,,,,,,
2696,MATHS,Conic Section,ARPITHA.SHAJAN,2026,OFFLINE,ZCE,,BATCH23,,19,,19,NOT COMPLETED,,,,,,,,
2697,MATHS,Conic Section,ARPITHA.SHAJAN,2026,OFFLINE,ZCE,,BATCH23,,10,,10,NOT COMPLETED,,,,,,,,
2698,MATHS,"Continuity, Differentiability and Derivatives",ARPITHA.SHAJAN,2026,OFFLINE,ZCS,,BATCH23,,14,,14,NOT COMPLETED,,,,,,,,
2699,MATHS,"Continuity, Differentiability and Derivatives",ARPITHA.SHAJAN,2026,OFFLINE,ZCS,,BATCH23,,9,,9,NOT COMPLETED,,,,,,,,
2700,MATHS,"Continuity, Differentiability and Derivatives",ARPITHA.SHAJAN,2026,OFFLINE,ZCS,,BATCH23,,21,,21,NOT COMPLETED,,,,,,,,
2701,CHEMISTRY,Coordination Compounds and Organometallics,ARPITHA.SHAJAN,2026,OFFLINE,BDW,,BATCH23,,10,,10,NOT COMPLETED,,,,,,,,
2702,CHEMISTRY,Coordination Compounds and Organometallics,ARPITHA.SHAJAN,2026,OFFLINE,BDW,,BATCH23,,14,,14,NOT COMPLETED,,,,,,,,
2703,CHEMISTRY,Coordination Compounds and Organometallics,ARPITHA.SHAJAN,2026,OFFLINE,BDW,,BATCH23,,9,,9,NOT COMPLETED,,,,,,,,
2704,MATHS,Differential Equations,ARPITHA.SHAJAN,2026,OFFLINE,CDG,,BATCH23,,14,,14,NOT COMPLETED,,,,,,,,
2705,MATHS,Differential Equations,ARPITHA.SHAJAN,2026,OFFLINE,CDG,,BATCH23,,14,,14,NOT COMPLETED,,,,,,,,
2706,MATHS,Differential Equations,ARPITHA.SHAJAN,2026,OFFLINE,CDG,,BATCH23,,14,,14,NOT COMPLETED,,,,,,,,
2707,PHYSICS,Dual Nature of Matter and Radiation,ARPITHA.SHAJAN,2026,OFFLINE,ZAB,,BATCH23,,7,,7,NOT COMPLETED,,,,,,,,
2708,PHYSICS,Dual Nature of Matter and Radiation,ARPITHA.SHAJAN,2026,OFFLINE,ZAB,,BATCH23,,14,,14,NOT COMPLETED,,,,,,,,
2709,PHYSICS,Dual Nature of Matter and Radiation,ARPITHA.SHAJAN,2026,OFFLINE,ZAB,,BATCH23,,10,,10,NOT COMPLETED,,,,,,,,
2710,CHEMISTRY,Electrochemistry,ARPITHA.SHAJAN,2026,OFFLINE,MDI,,BATCH23,,10,,10,NOT COMPLETED,,,,,,,,
2711,CHEMISTRY,Electrochemistry,ARPITHA.SHAJAN,2026,OFFLINE,MDI,,BATCH23,,24,,24,NOT COMPLETED,,,,,,,,
2712,CHEMISTRY,Electrochemistry,ARPITHA.SHAJAN,2026,OFFLINE,MDI,,BATCH23,,9,,9,NOT COMPLETED,,,,,,,,
2713,PHYSICS,Electromagnetic Waves,ARPITHA.SHAJAN,2026,OFFLINE,ZDN,,BATCH23,,5,,5,NOT COMPLETED,,,,,,,,
2714,PHYSICS,Electromagnetic Waves,ARPITHA.SHAJAN,2026,OFFLINE,ZDN,,BATCH23,,15,,15,NOT COMPLETED,,,,,,,,
2715,PHYSICS,Electromagnetic Waves,ARPITHA.SHAJAN,2026,OFFLINE,ZDN,,BATCH23,,10,,10,NOT COMPLETED,,,,,,,,
2716,PHYSICS,Electrostatics,ARPITHA.SHAJAN,2026,OFFLINE,ZDB,,BATCH23,,17,,17,NOT COMPLETED,,,,,,,,
2717,PHYSICS,Electrostatics,ARPITHA.SHAJAN,2026,OFFLINE,ZDB,,BATCH23,,12,,12,NOT COMPLETED,,,,,,,,
2718,ZOOLOGY,Evolution,ARPITHA.SHAJAN,2026,OFFLINE,BBL,,BATCH23,,24,,24,NOT COMPLETED,,,,,,,,
2719,ZOOLOGY,Evolution,ARPITHA.SHAJAN,2026,OFFLINE,BBL,,BATCH23,,7,,7,NOT COMPLETED,,,,,,,,
2720,CHEMISTRY,Halo Alkanes and Halo Arenes  Arenes,ARPITHA.SHAJAN,2026,OFFLINE,PAU,,BATCH23,,12,,12,NOT COMPLETED,,,,,,,,
2721,CHEMISTRY,Halo Alkanes and Halo Arenes  Arenes,ARPITHA.SHAJAN,2026,OFFLINE,PAU,,BATCH23,,17,,17,NOT COMPLETED,,,,,,,,
2722,ZOOLOGY,Human Health and Disease,ARPITHA.SHAJAN,2026,OFFLINE,CCA,,BATCH23,,17,,17,NOT COMPLETED,,,,,,,,
2723,ZOOLOGY,Human Health and Disease,ARPITHA.SHAJAN,2026,OFFLINE,CCA,,BATCH23,,9,,9,NOT COMPLETED,,,,,,,,
2724,ZOOLOGY,Human Reproduction,ARPITHA.SHAJAN,2026,OFFLINE,CCJ,,BATCH23,,21,,21,NOT COMPLETED,,,,,,,,
2725,ZOOLOGY,Human Reproduction,ARPITHA.SHAJAN,2026,OFFLINE,CCJ,,BATCH23,,14,,14,NOT COMPLETED,,,,,,,,
2726,ZOOLOGY,Human Reproduction,ARPITHA.SHAJAN,2026,OFFLINE,CCJ,,BATCH23,,21,,21,NOT COMPLETED,,,,,,,,
2727,CHEMISTRY,Hydrocarbons,ARPITHA.SHAJAN,2026,OFFLINE,PAC,,BATCH23,,10,,10,NOT COMPLETED,,,,,,,,
2728,CHEMISTRY,Hydrocarbons,ARPITHA.SHAJAN,2026,OFFLINE,PAC,,BATCH23,,9,,9,NOT COMPLETED,,,,,,,,
2729,MATHS,Integration and its Applications,ARPITHA.SHAJAN,2026,OFFLINE,PBI,,BATCH23,,29,,29,NOT COMPLETED,,,,,,,,
2730,MATHS,Integration and its Applications,ARPITHA.SHAJAN,2026,OFFLINE,PBI,,BATCH23,,12,,12,NOT COMPLETED,,,,,,,,
2731,MATHS,Linear Inequations and Inequalities,ARPITHA.SHAJAN,2026,OFFLINE,CCN,,BATCH23,,7,,7,NOT COMPLETED,,,,,,,,
2732,MATHS,Linear Inequations and Inequalities,ARPITHA.SHAJAN,2026,OFFLINE,CCN,,BATCH23,,9,,9,NOT COMPLETED,,,,,,,,
2733,MATHS,Linear Inequations and Inequalities,ARPITHA.SHAJAN,2026,OFFLINE,CCN,,BATCH23,,12,,12,NOT COMPLETED,,,,,,,,
2734,MATHS,Linear Programming,ARPITHA.SHAJAN,2026,OFFLINE,BCI,,BATCH23,,7,,7,NOT COMPLETED,,,,,,,,
2735,MATHS,Linear Programming,ARPITHA.SHAJAN,2026,OFFLINE,BCI,,BATCH23,,10,,10,NOT COMPLETED,,,,,,,,
2736,ZOOLOGY,Locomotion and Movement,ARPITHA.SHAJAN,2026,OFFLINE,ZBV,,BATCH23,,19,,19,NOT COMPLETED,,,,,,,,
2737,ZOOLOGY,Locomotion and Movement,ARPITHA.SHAJAN,2026,OFFLINE,ZBV,,BATCH23,,12,,12,NOT COMPLETED,,,,,,,,
2738,ZOOLOGY,Locomotion and Movement,ARPITHA.SHAJAN,2026,OFFLINE,ZBV,,BATCH23,,14,,14,NOT COMPLETED,,,,,,,,
2739,MATHS,Logarithm,ARPITHA.SHAJAN,2026,OFFLINE,PAQ,,BATCH23,,9,,9,NOT COMPLETED,,,,,,,,
2740,MATHS,Logarithm,ARPITHA.SHAJAN,2026,OFFLINE,PAQ,,BATCH23,,9,,9,NOT COMPLETED,,,,,,,,
2741,PHYSICS,Magnetism and Matter,ARPITHA.SHAJAN,2026,OFFLINE,CDP,,BATCH23,,9,,9,NOT COMPLETED,,,,,,,,
2742,PHYSICS,Magnetism and Matter,ARPITHA.SHAJAN,2026,OFFLINE,CDP,,BATCH23,,9,,9,NOT COMPLETED,,,,,,,,
2743,MATHS,Matrices and Determinants,ARPITHA.SHAJAN,2026,OFFLINE,CCS,,BATCH23,,21,,21,NOT COMPLETED,,,,,,,,
2744,MATHS,Matrices and Determinants,ARPITHA.SHAJAN,2026,OFFLINE,CCS,,BATCH23,,10,,10,NOT COMPLETED,,,,,,,,
2745,PHYSICS,Mechanical Properties of Solids & Fluids,ARPITHA.SHAJAN,2026,OFFLINE,PDX,,BATCH23,,12,,12,NOT COMPLETED,,,,,,,,
2746,PHYSICS,Mechanical Properties of Solids & Fluids,ARPITHA.SHAJAN,2026,OFFLINE,PDX,,BATCH23,,14,,14,NOT COMPLETED,,,,,,,,
2747,PHYSICS,Mechanical Properties of Solids & Fluids,ARPITHA.SHAJAN,2026,OFFLINE,PDX,,BATCH23,,17,,17,NOT COMPLETED,,,,,,,,
2748,BOTANY,Morphology of Flowering Plants,ARPITHA.SHAJAN,2026,OFFLINE,MAB,,BATCH23,,14,,14,NOT COMPLETED,,,,,,,,
2749,BOTANY,Morphology of Flowering Plants,ARPITHA.SHAJAN,2026,OFFLINE,MAB,,BATCH23,,14,,14,NOT COMPLETED,,,,,,,,
2750,PHYSICS,Motion in a Plane,ARPITHA.SHAJAN,2026,OFFLINE,PDK,,BATCH23,,9,,9,NOT COMPLETED,,,,,,,,
2751,PHYSICS,Motion in a Plane,ARPITHA.SHAJAN,2026,OFFLINE,PDK,,BATCH23,,14,,14,NOT COMPLETED,,,,,,,,
2752,PHYSICS,Motion in a Straight Line,ARPITHA.SHAJAN,2026,OFFLINE,ZCW,,BATCH23,,9,,9,NOT COMPLETED,,,,,,,,
2753,PHYSICS,Motion in a Straight Line,ARPITHA.SHAJAN,2026,OFFLINE,ZCW,,BATCH23,,12,,12,NOT COMPLETED,,,,,,,,
2754,PHYSICS,Moving Charges and Magnetism,ARPITHA.SHAJAN,2026,OFFLINE,BDA,,BATCH23,,12,,12,NOT COMPLETED,,,,,,,,
2755,PHYSICS,Moving Charges and Magnetism,ARPITHA.SHAJAN,2026,OFFLINE,BDA,,BATCH23,,9,,9,NOT COMPLETED,,,,,,,,
2756,PHYSICS,Moving Charges and Magnetism,ARPITHA.SHAJAN,2026,OFFLINE,BDA,,BATCH23,,9,,9,NOT COMPLETED,,,,,,,,
2757,ZOOLOGY,Neural Control and Coordination,ARPITHA.SHAJAN,2026,OFFLINE,PCI,,BATCH23,,15,,15,NOT COMPLETED,,,,,,,,
2758,ZOOLOGY,Neural Control and Coordination,ARPITHA.SHAJAN,2026,OFFLINE,PCI,,BATCH23,,12,,12,NOT COMPLETED,,,,,,,,
2759,CHEMISTRY,Organic Chemistry–Some Basic Principles–Part I I (Nomenclature),ARPITHA.SHAJAN,2026,OFFLINE,MCV,,BATCH23,,10,,10,NOT COMPLETED,,,,,,,,
2760,CHEMISTRY,Organic Chemistry–Some Basic Principles–Part I I (Nomenclature),ARPITHA.SHAJAN,2026,OFFLINE,MCV,,BATCH23,,24,,24,NOT COMPLETED,,,,,,,,
2761,CHEMISTRY,Organic Chemistry–Some Basic Principles–Part III III (Purification),ARPITHA.SHAJAN,2026,OFFLINE,CAU,,BATCH23,,10,,10,NOT COMPLETED,,,,,,,,
2762,CHEMISTRY,Organic Chemistry–Some Basic Principles–Part III III (Purification),ARPITHA.SHAJAN,2026,OFFLINE,CAU,,BATCH23,,15,,15,NOT COMPLETED,,,,,,,,
2763,CHEMISTRY,Organic Chemistry–Some Basic Principles–Part III III (Purification),ARPITHA.SHAJAN,2026,OFFLINE,CAU,,BATCH23,,10,,10,NOT COMPLETED,,,,,,,,
2764,BOTANY,Organism and Population,ARPITHA.SHAJAN,2026,OFFLINE,MAF,,BATCH23,,14,,14,NOT COMPLETED,,,,,,,,
2765,BOTANY,Organism and Population,ARPITHA.SHAJAN,2026,OFFLINE,MAF,,BATCH23,,9,,9,NOT COMPLETED,,,,,,,,
2766,MATHS,"Permutation, Combination and Binomial Theorem",ARPITHA.SHAJAN,2026,OFFLINE,PAG,,BATCH23,,17,,17,NOT COMPLETED,,,,,,,,
2767,MATHS,"Permutation, Combination and Binomial Theorem",ARPITHA.SHAJAN,2026,OFFLINE,PAG,,BATCH23,,9,,9,NOT COMPLETED,,,,,,,,
2768,MATHS,"Permutation, Combination and Binomial Theorem",ARPITHA.SHAJAN,2026,OFFLINE,PAG,,BATCH23,,14,,14,NOT COMPLETED,,,,,,,,
2769,BOTANY,Photosynthesis in Higher Plants,ARPITHA.SHAJAN,2026,OFFLINE,CBD,,BATCH23,,19,,19,NOT COMPLETED,,,,,,,,
2770,BOTANY,Photosynthesis in Higher Plants,ARPITHA.SHAJAN,2026,OFFLINE,CBD,,BATCH23,,15,,15,NOT COMPLETED,,,,,,,,
2771,BOTANY,Plant Growth and Development,ARPITHA.SHAJAN,2026,OFFLINE,ZBD,,BATCH23,,10,,10,NOT COMPLETED,,,,,,,,
2772,BOTANY,Plant Growth and Development,ARPITHA.SHAJAN,2026,OFFLINE,ZBD,,BATCH23,,14,,14,NOT COMPLETED,,,,,,,,
2773,BOTANY,Plant Kingdom,ARPITHA.SHAJAN,2026,OFFLINE,CBM,,BATCH23,,12,,12,NOT COMPLETED,,,,,,,,
2774,BOTANY,Plant Kingdom,ARPITHA.SHAJAN,2026,OFFLINE,CBM,,BATCH23,,10,,10,NOT COMPLETED,,,,,,,,
2775,BOTANY,Plant Kingdom,ARPITHA.SHAJAN,2026,OFFLINE,CBM,,BATCH23,,10,,10,NOT COMPLETED,,,,,,,,
2776,CHEMISTRY,Practical Chemistry,ARPITHA.SHAJAN,2026,OFFLINE,MDN,,BATCH23,,9,,9,NOT COMPLETED,,,,,,,,
2777,CHEMISTRY,Practical Chemistry,ARPITHA.SHAJAN,2026,OFFLINE,MDN,,BATCH23,,26,,26,NOT COMPLETED,,,,,,,,
2778,ZOOLOGY,Principles of Inheritance and Variation,ARPITHA.SHAJAN,2026,OFFLINE,ZBM,,BATCH23,,14,,14,NOT COMPLETED,,,,,,,,
2779,ZOOLOGY,Principles of Inheritance and Variation,ARPITHA.SHAJAN,2026,OFFLINE,ZBM,,BATCH23,,12,,12,NOT COMPLETED,,,,,,,,
2780,MATHS,Quadratic Equation,ARPITHA.SHAJAN,2026,OFFLINE,MBC,,BATCH23,,21,,21,NOT COMPLETED,,,,,,,,
2781,MATHS,Quadratic Equation,ARPITHA.SHAJAN,2026,OFFLINE,MBC,,BATCH23,,9,,9,NOT COMPLETED,,,,,,,,
2782,PHYSICS,Ray Optics & Optical Instruments,ARPITHA.SHAJAN,2026,OFFLINE,CAC,,BATCH23,,12,,12,NOT COMPLETED,,,,,,,,
2783,PHYSICS,Ray Optics & Optical Instruments,ARPITHA.SHAJAN,2026,OFFLINE,CAC,,BATCH23,,14,,14,NOT COMPLETED,,,,,,,,
2784,CHEMISTRY,Redox Reaction,ARPITHA.SHAJAN,2026,OFFLINE,ZDS,,BATCH23,,9,,9,NOT COMPLETED,,,,,,,,
2785,CHEMISTRY,Redox Reaction,ARPITHA.SHAJAN,2026,OFFLINE,ZDS,,BATCH23,,21,,21,NOT COMPLETED,,,,,,,,
2786,ZOOLOGY,Reproductive Health,ARPITHA.SHAJAN,2026,OFFLINE,MAX,,BATCH23,,15,,15,NOT COMPLETED,,,,,,,,
2787,ZOOLOGY,Reproductive Health,ARPITHA.SHAJAN,2026,OFFLINE,MAX,,BATCH23,,5,,5,NOT COMPLETED,,,,,,,,
2788,PHYSICS,Semiconductor Electronics,ARPITHA.SHAJAN,2026,OFFLINE,ZDF,,BATCH23,,10,,10,NOT COMPLETED,,,,,,,,
2789,PHYSICS,Semiconductor Electronics,ARPITHA.SHAJAN,2026,OFFLINE,ZDF,,BATCH23,,14,,14,NOT COMPLETED,,,,,,,,
2790,MATHS,Sequences and Series,ARPITHA.SHAJAN,2026,OFFLINE,BBQ,,BATCH23,,14,,14,NOT COMPLETED,,,,,,,,
2791,MATHS,Sequences and Series,ARPITHA.SHAJAN,2026,OFFLINE,BBQ,,BATCH23,,9,,9,NOT COMPLETED,,,,,,,,
2792,MATHS,"Sets, Relations and  Functions",ARPITHA.SHAJAN,2026,OFFLINE,PCN,,BATCH23,,31,,31,NOT COMPLETED,,,,,,,,
2793,MATHS,"Sets, Relations and  Functions",ARPITHA.SHAJAN,2026,OFFLINE,PCN,,BATCH23,,12,,12,NOT COMPLETED,,,,,,,,
2794,BOTANY,Sexual reproduction in Flowering Plants,ARPITHA.SHAJAN,2026,OFFLINE,MDR,,BATCH23,,17,,17,NOT COMPLETED,,,,,,,,
2795,BOTANY,Sexual reproduction in Flowering Plants,ARPITHA.SHAJAN,2026,OFFLINE,MDR,,BATCH23,,7,,7,NOT COMPLETED,,,,,,,,
2796,CHEMISTRY,Some Basic Concepts of Chemistry,ARPITHA.SHAJAN,2026,OFFLINE,CAP,,BATCH23,,7,,7,NOT COMPLETED,,,,,,,,
2797,CHEMISTRY,Some Basic Concepts of Chemistry,ARPITHA.SHAJAN,2026,OFFLINE,CAP,,BATCH23,,15,,15,NOT COMPLETED,,,,,,,,
2798,CHEMISTRY,Some Basic Concepts of Chemistry,ARPITHA.SHAJAN,2026,OFFLINE,CAP,,BATCH23,,17,,17,NOT COMPLETED,,,,,,,,
2799,ZOOLOGY,Structural organisation in Animals Animal Tissue,ARPITHA.SHAJAN,2026,OFFLINE,MAT,,BATCH23,,14,,14,NOT COMPLETED,,,,,,,,
2800,ZOOLOGY,Structural organisation in Animals Animal Tissue,ARPITHA.SHAJAN,2026,OFFLINE,MAT,,BATCH23,,9,,9,NOT COMPLETED,,,,,,,,
2801,ZOOLOGY,Structural organisation in Animals Animal Tissue,ARPITHA.SHAJAN,2026,OFFLINE,MAT,,BATCH23,,19,,19,NOT COMPLETED,,,,,,,,
2802,ZOOLOGY,Structural organisation in Animals Morphology of Animals,ARPITHA.SHAJAN,2026,OFFLINE,ZBH,,BATCH23,,21,,21,NOT COMPLETED,,,,,,,,
2803,ZOOLOGY,Structural organisation in Animals Morphology of Animals,ARPITHA.SHAJAN,2026,OFFLINE,ZBH,,BATCH23,,12,,12,NOT COMPLETED,,,,,,,,
2804,CHEMISTRY,Structure of Atoms,ARPITHA.SHAJAN,2026,OFFLINE,BDF,,BATCH23,,12,,12,NOT COMPLETED,,,,,,,,
2805,CHEMISTRY,Structure of Atoms,ARPITHA.SHAJAN,2026,OFFLINE,BDF,,BATCH23,,19,,19,NOT COMPLETED,,,,,,,,
2806,PHYSICS,System of Particles and Rigid Body Rotation,ARPITHA.SHAJAN,2026,OFFLINE,MBZ,,BATCH23,,10,,10,NOT COMPLETED,,,,,,,,
2807,PHYSICS,System of Particles and Rigid Body Rotation,ARPITHA.SHAJAN,2026,OFFLINE,MBZ,,BATCH23,,17,,17,NOT COMPLETED,,,,,,,,
2808,ZOOLOGY,The Living World,ARPITHA.SHAJAN,2026,OFFLINE,PCE,,BATCH23,,9,,9,NOT COMPLETED,,,,,,,,
2809,ZOOLOGY,The Living World,ARPITHA.SHAJAN,2026,OFFLINE,PCE,,BATCH23,,10,,10,NOT COMPLETED,,,,,,,,
2810,ZOOLOGY,The Living World,ARPITHA.SHAJAN,2026,OFFLINE,PCE,,BATCH23,,12,,12,NOT COMPLETED,,,,,,,,
2811,CHEMISTRY,The p Block Elements (XI) (XI) & (XII),ARPITHA.SHAJAN,2026,OFFLINE,ZAG,,BATCH23,,9,,9,NOT COMPLETED,,,,,,,,
2812,CHEMISTRY,The p Block Elements (XI) (XI) & (XII),ARPITHA.SHAJAN,2026,OFFLINE,ZAG,,BATCH23,,17,,17,NOT COMPLETED,,,,,,,,
2813,PHYSICS,"Thermal Properties of Matter, Thermodynamics and Kinetic Theory",ARPITHA.SHAJAN,2026,OFFLINE,BCN,,BATCH23,,10,,10,NOT COMPLETED,,,,,,,,
2814,PHYSICS,"Thermal Properties of Matter, Thermodynamics and Kinetic Theory",ARPITHA.SHAJAN,2026,OFFLINE,BCN,,BATCH23,,10,,10,NOT COMPLETED,,,,,,,,
2815,CHEMISTRY,Thermodynamics and Chemical Energetics,ARPITHA.SHAJAN,2026,OFFLINE,CAG,,BATCH23,,9,,9,NOT COMPLETED,,,,,,,,
2816,CHEMISTRY,Thermodynamics and Chemical Energetics,ARPITHA.SHAJAN,2026,OFFLINE,CAG,,BATCH23,,15,,15,NOT COMPLETED,,,,,,,,
2817,MATHS,Three Dimensional Geometry,ARPITHA.SHAJAN,2026,OFFLINE,PAZ,,BATCH23,,17,,17,NOT COMPLETED,,,,,,,,
2818,MATHS,Three Dimensional Geometry,ARPITHA.SHAJAN,2026,OFFLINE,PAZ,,BATCH23,,10,,10,NOT COMPLETED,,,,,,,,
2819,MATHS,Trigonometry II,ARPITHA.SHAJAN,2026,OFFLINE,BCE,,BATCH23,,26,,26,NOT COMPLETED,,,,,,,,
2820,MATHS,Trigonometry II,ARPITHA.SHAJAN,2026,OFFLINE,BCE,,BATCH23,,7,,7,NOT COMPLETED,,,,,,,,
2821,MATHS,Trigonometry II,ARPITHA.SHAJAN,2026,OFFLINE,BCE,,BATCH23,,31,,31,NOT COMPLETED,,,,,,,,
2822,MATHS,Vectors,ARPITHA.SHAJAN,2026,OFFLINE,MBU,,BATCH23,,15,,15,NOT COMPLETED,,,,,,,,
2823,MATHS,Vectors,ARPITHA.SHAJAN,2026,OFFLINE,MBU,,BATCH23,,12,,12,NOT COMPLETED,,,,,,,,
2824,PHYSICS,Wave Optics,ARPITHA.SHAJAN,2026,OFFLINE,BCR,,BATCH23,,7,,7,NOT COMPLETED,,,,,,,,
2825,PHYSICS,Wave Optics,ARPITHA.SHAJAN,2026,OFFLINE,BCR,,BATCH23,,21,,21,NOT COMPLETED,,,,,,,,
2826,PHYSICS,Waves,ARPITHA.SHAJAN,2026,OFFLINE,MCM,,BATCH23,,9,,9,NOT COMPLETED,,,,,,,,
2827,PHYSICS,Waves,ARPITHA.SHAJAN,2026,OFFLINE,MCM,,BATCH23,,14,,14,NOT COMPLETED,,,,,,,,
2828,PHYSICS,Waves,ARPITHA.SHAJAN,2026,OFFLINE,MCM,,BATCH23,,9,,9,NOT COMPLETED,,,,,,,,
2829,PHYSICS,Work Energy & Power,ARPITHA.SHAJAN,2026,OFFLINE,CDK,,BATCH23,,9,,9,NOT COMPLETED,,,,,,,,
2830,PHYSICS,Work Energy & Power,ARPITHA.SHAJAN,2026,OFFLINE,CDK,,BATCH23,,14,,14,NOT COMPLETED,,,,,,,,
2831,CHEMISTRY,"Alcohols, Phenols and Ethers",ATHIRA.(WB),2026,OFFLINE,ZAL,,BATCH24,,14,,14,NOT COMPLETED,,,,,,,,
2832,CHEMISTRY,"Alcohols, Phenols and Ethers",ATHIRA.(WB),2026,OFFLINE,ZAL,,BATCH24,,14,,14,NOT COMPLETED,,,,,,,,
2833,CHEMISTRY,Amines,ATHIRA.(WB),2026,OFFLINE,CAZ,,BATCH24,,15,,15,NOT COMPLETED,,,,,,,,
2834,CHEMISTRY,Amines,ATHIRA.(WB),2026,OFFLINE,CAZ,,BATCH24,,19,,19,NOT COMPLETED,,,,,,,,
2835,BOTANY,Anatomy of Flowering Plants,ATHIRA.(WB),2026,OFFLINE,MAC,,BATCH24,,12,,12,NOT COMPLETED,,,,,,,,
2836,BOTANY,Anatomy of Flowering Plants,ATHIRA.(WB),2026,OFFLINE,MAC,,BATCH24,,12,,12,NOT COMPLETED,,,,,,,,
2837,ZOOLOGY,Animal Kingdom Non Chordata,ATHIRA.(WB),2026,OFFLINE,PCF,,BATCH24,,21,,21,NOT COMPLETED,,,,,,,,
2838,ZOOLOGY,Animal Kingdom Non Chordata,ATHIRA.(WB),2026,OFFLINE,PCF,,BATCH24,,9,,9,NOT COMPLETED,,,,,,,,
2839,ZOOLOGY,Animal Kingdom Non Chordata,ATHIRA.(WB),2026,OFFLINE,PCF,,BATCH24,,14,,14,NOT COMPLETED,,,,,,,,
2840,ZOOLOGY,Animal Kingdom Phylum Chordata,ATHIRA.(WB),2026,OFFLINE,BAU,,BATCH24,,15,,15,NOT COMPLETED,,,,,,,,
2841,ZOOLOGY,Animal Kingdom Phylum Chordata,ATHIRA.(WB),2026,OFFLINE,BAU,,BATCH24,,10,,10,NOT COMPLETED,,,,,,,,
2842,MATHS,Applications of Differentiation,ATHIRA.(WB),2026,OFFLINE,PBA,,BATCH24,,12,,12,NOT COMPLETED,,,,,,,,
2843,MATHS,Applications of Differentiation,ATHIRA.(WB),2026,OFFLINE,PBA,,BATCH24,,10,,10,NOT COMPLETED,,,,,,,,
2844,MATHS,Applications of Differentiation,ATHIRA.(WB),2026,OFFLINE,PBA,,BATCH24,,14,,14,NOT COMPLETED,,,,,,,,
2845,PHYSICS,Atoms and Nuclei,ATHIRA.(WB),2026,OFFLINE,ZAC,,BATCH24,,9,,9,NOT COMPLETED,,,,,,,,
2846,PHYSICS,Atoms and Nuclei,ATHIRA.(WB),2026,OFFLINE,ZAC,,BATCH24,,15,,15,NOT COMPLETED,,,,,,,,
2847,PHYSICS,Atoms and Nuclei,ATHIRA.(WB),2026,OFFLINE,ZAC,,BATCH24,,9,,9,NOT COMPLETED,,,,,,,,
2848,BOTANY,Biological Classification,ATHIRA.(WB),2026,OFFLINE,MDO,,BATCH24,,12,,12,NOT COMPLETED,,,,,,,,
2849,BOTANY,Biological Classification,ATHIRA.(WB),2026,OFFLINE,MDO,,BATCH24,,21,,21,NOT COMPLETED,,,,,,,,
2850,ZOOLOGY,Biomolecules,ATHIRA.(WB),2026,OFFLINE,ZBI,,BATCH24,,14,,14,NOT COMPLETED,,,,,,,,
2851,CHEMISTRY,Biomolecules,ATHIRA.(WB),2026,OFFLINE,BDO,,BATCH24,,10,,10,NOT COMPLETED,,,,,,,,
2852,ZOOLOGY,Biomolecules,ATHIRA.(WB),2026,OFFLINE,ZBI,,BATCH24,,10,,10,NOT COMPLETED,,,,,,,,
2853,CHEMISTRY,Biomolecules,ATHIRA.(WB),2026,OFFLINE,BDO,,BATCH24,,12,,12,NOT COMPLETED,,,,,,,,
2854,BOTANY,Biotechnology : Principles and processes,ATHIRA.(WB),2026,OFFLINE,MDS,,BATCH24,,14,,14,NOT COMPLETED,,,,,,,,
2855,BOTANY,Biotechnology : Principles and processes,ATHIRA.(WB),2026,OFFLINE,MDS,,BATCH24,,9,,9,NOT COMPLETED,,,,,,,,
2856,ZOOLOGY,Body Fluids and Circulation,ATHIRA.(WB),2026,OFFLINE,BBI,,BATCH24,,14,,14,NOT COMPLETED,,,,,,,,
2857,ZOOLOGY,Body Fluids and Circulation,ATHIRA.(WB),2026,OFFLINE,BBI,,BATCH24,,9,,9,NOT COMPLETED,,,,,,,,
2858,ZOOLOGY,Body Fluids and Circulation,ATHIRA.(WB),2026,OFFLINE,BBI,,BATCH24,,14,,14,NOT COMPLETED,,,,,,,,
2859,CHEMISTRY,Carboxylic Acids and It's Derivatives  Derivatives,ATHIRA.(WB),2026,OFFLINE,BAL,,BATCH24,,10,,10,NOT COMPLETED,,,,,,,,
2860,CHEMISTRY,Carboxylic Acids and It's Derivatives  Derivatives,ATHIRA.(WB),2026,OFFLINE,BAL,,BATCH24,,15,,15,NOT COMPLETED,,,,,,,,
2861,CHEMISTRY,Carboxylic Acids and It's Derivatives  Derivatives,ATHIRA.(WB),2026,OFFLINE,BAL,,BATCH24,,10,,10,NOT COMPLETED,,,,,,,,
2862,BOTANY,Cell : The unit of life,ATHIRA.(WB),2026,OFFLINE,ZAQ,,BATCH24,,14,,14,NOT COMPLETED,,,,,,,,
2863,BOTANY,Cell : The unit of life,ATHIRA.(WB),2026,OFFLINE,ZAQ,,BATCH24,,29,,29,NOT COMPLETED,,,,,,,,
2864,CHEMISTRY,Chemical and Ionic Equilibrium,ATHIRA.(WB),2026,OFFLINE,CAH,,BATCH24,,9,,9,NOT COMPLETED,,,,,,,,
2865,CHEMISTRY,Chemical and Ionic Equilibrium,ATHIRA.(WB),2026,OFFLINE,CAH,,BATCH24,,14,,14,NOT COMPLETED,,,,,,,,
2866,CHEMISTRY,Chemical Bonding and Molecular Structure  Structure,ATHIRA.(WB),2026,OFFLINE,CDT,,BATCH24,,9,,9,NOT COMPLETED,,,,,,,,
2867,CHEMISTRY,Chemical Bonding and Molecular Structure  Structure,ATHIRA.(WB),2026,OFFLINE,CDT,,BATCH24,,12,,12,NOT COMPLETED,,,,,,,,
2868,ZOOLOGY,Chemical Coordination and Integration,ATHIRA.(WB),2026,OFFLINE,PCJ,,BATCH24,,12,,12,NOT COMPLETED,,,,,,,,
2869,ZOOLOGY,Chemical Coordination and Integration,ATHIRA.(WB),2026,OFFLINE,PCJ,,BATCH24,,9,,9,NOT COMPLETED,,,,,,,,
2870,CHEMISTRY,Chemical Kinetics,ATHIRA.(WB),2026,OFFLINE,MDJ,,BATCH24,,10,,10,NOT COMPLETED,,,,,,,,
2871,CHEMISTRY,Chemical Kinetics,ATHIRA.(WB),2026,OFFLINE,MDJ,,BATCH24,,7,,7,NOT COMPLETED,,,,,,,,
2872,CHEMISTRY,Chemical Kinetics,ATHIRA.(WB),2026,OFFLINE,MDJ,,BATCH24,,9,,9,NOT COMPLETED,,,,,,,,
2873,CHEMISTRY,Classification of Elements and Periodicity Periodicity in Properties,ATHIRA.(WB),2026,OFFLINE,BDG,,BATCH24,,9,,9,NOT COMPLETED,,,,,,,,
2874,CHEMISTRY,Classification of Elements and Periodicity Periodicity in Properties,ATHIRA.(WB),2026,OFFLINE,BDG,,BATCH24,,15,,15,NOT COMPLETED,,,,,,,,
2875,MATHS,Complex Numbers,ATHIRA.(WB),2026,OFFLINE,MBD,,BATCH24,,14,,14,NOT COMPLETED,,,,,,,,
2876,MATHS,Complex Numbers,ATHIRA.(WB),2026,OFFLINE,MBD,,BATCH24,,9,,9,NOT COMPLETED,,,,,,,,
2877,MATHS,Conic Section,ATHIRA.(WB),2026,OFFLINE,PBS,,BATCH24,,19,,19,NOT COMPLETED,,,,,,,,
2878,MATHS,Conic Section,ATHIRA.(WB),2026,OFFLINE,PBS,,BATCH24,,10,,10,NOT COMPLETED,,,,,,,,
2879,MATHS,Conic Section,ATHIRA.(WB),2026,OFFLINE,PBS,,BATCH24,,15,,15,NOT COMPLETED,,,,,,,,
2880,PHYSICS,Current Electricity,ATHIRA.(WB),2026,OFFLINE,ZDC,,BATCH24,,12,,12,NOT COMPLETED,,,,,,,,
2881,PHYSICS,Current Electricity,ATHIRA.(WB),2026,OFFLINE,ZDC,,BATCH24,,14,,14,NOT COMPLETED,,,,,,,,
2882,MATHS,Differential Equations,ATHIRA.(WB),2026,OFFLINE,BBV,,BATCH24,,14,,14,NOT COMPLETED,,,,,,,,
2883,MATHS,Differential Equations,ATHIRA.(WB),2026,OFFLINE,BBV,,BATCH24,,14,,14,NOT COMPLETED,,,,,,,,
2884,PHYSICS,Dual Nature of Matter and Radiation,ATHIRA.(WB),2026,OFFLINE,BCS,,BATCH24,,7,,7,NOT COMPLETED,,,,,,,,
2885,PHYSICS,Dual Nature of Matter and Radiation,ATHIRA.(WB),2026,OFFLINE,BCS,,BATCH24,,14,,14,NOT COMPLETED,,,,,,,,
2886,BOTANY,Ecosystem,ATHIRA.(WB),2026,OFFLINE,MAG,,BATCH24,,9,,9,NOT COMPLETED,,,,,,,,
2887,BOTANY,Ecosystem,ATHIRA.(WB),2026,OFFLINE,MAG,,BATCH24,,9,,9,NOT COMPLETED,,,,,,,,
2888,PHYSICS,Electromagnetic Induction and Alternating Current,ATHIRA.(WB),2026,OFFLINE,CDQ,,BATCH24,,14,,14,NOT COMPLETED,,,,,,,,
2889,PHYSICS,Electromagnetic Induction and Alternating Current,ATHIRA.(WB),2026,OFFLINE,CDQ,,BATCH24,,21,,21,NOT COMPLETED,,,,,,,,
2890,PHYSICS,Electrostatics,ATHIRA.(WB),2026,OFFLINE,MCN,,BATCH24,,17,,17,NOT COMPLETED,,,,,,,,
2891,PHYSICS,Electrostatics,ATHIRA.(WB),2026,OFFLINE,MCN,,BATCH24,,12,,12,NOT COMPLETED,,,,,,,,
2892,PHYSICS,Electrostatics,ATHIRA.(WB),2026,OFFLINE,MCN,,BATCH24,,9,,9,NOT COMPLETED,,,,,,,,
2893,ZOOLOGY,Excretory Products and Their Elimination,ATHIRA.(WB),2026,OFFLINE,CBW,,BATCH24,,15,,15,NOT COMPLETED,,,,,,,,
2894,ZOOLOGY,Excretory Products and Their Elimination,ATHIRA.(WB),2026,OFFLINE,CBW,,BATCH24,,17,,17,NOT COMPLETED,,,,,,,,
2895,PHYSICS,Gravitation,ATHIRA.(WB),2026,OFFLINE,MCA,,BATCH24,,9,,9,NOT COMPLETED,,,,,,,,
2896,PHYSICS,Gravitation,ATHIRA.(WB),2026,OFFLINE,MCA,,BATCH24,,19,,19,NOT COMPLETED,,,,,,,,
2897,CHEMISTRY,Halo Alkanes and Halo Arenes  Arenes,ATHIRA.(WB),2026,OFFLINE,BDX,,BATCH24,,12,,12,NOT COMPLETED,,,,,,,,
2898,CHEMISTRY,Halo Alkanes and Halo Arenes  Arenes,ATHIRA.(WB),2026,OFFLINE,BDX,,BATCH24,,17,,17,NOT COMPLETED,,,,,,,,
2899,CHEMISTRY,Halo Alkanes and Halo Arenes  Arenes,ATHIRA.(WB),2026,OFFLINE,BDX,,BATCH24,,9,,9,NOT COMPLETED,,,,,,,,
2900,ZOOLOGY,Human Health and Disease,ATHIRA.(WB),2026,OFFLINE,BBM,,BATCH24,,17,,17,NOT COMPLETED,,,,,,,,
2901,ZOOLOGY,Human Health and Disease,ATHIRA.(WB),2026,OFFLINE,BBM,,BATCH24,,9,,9,NOT COMPLETED,,,,,,,,
2902,ZOOLOGY,Human Reproduction,ATHIRA.(WB),2026,OFFLINE,BAZ,,BATCH24,,21,,21,NOT COMPLETED,,,,,,,,
2903,ZOOLOGY,Human Reproduction,ATHIRA.(WB),2026,OFFLINE,BAZ,,BATCH24,,14,,14,NOT COMPLETED,,,,,,,,
2904,CHEMISTRY,Hydrocarbons,ATHIRA.(WB),2026,OFFLINE,CAV,,BATCH24,,10,,10,NOT COMPLETED,,,,,,,,
2905,CHEMISTRY,Hydrocarbons,ATHIRA.(WB),2026,OFFLINE,CAV,,BATCH24,,9,,9,NOT COMPLETED,,,,,,,,
2906,CHEMISTRY,Hydrocarbons,ATHIRA.(WB),2026,OFFLINE,CAV,,BATCH24,,7,,7,NOT COMPLETED,,,,,,,,
2907,MATHS,Integration and its Applications,ATHIRA.(WB),2026,OFFLINE,PDG,,BATCH24,,29,,29,NOT COMPLETED,,,,,,,,
2908,MATHS,Integration and its Applications,ATHIRA.(WB),2026,OFFLINE,PDG,,BATCH24,,12,,12,NOT COMPLETED,,,,,,,,
2909,PHYSICS,Laws of Motion,ATHIRA.(WB),2026,OFFLINE,PAH,,BATCH24,,10,,10,NOT COMPLETED,,,,,,,,
2910,PHYSICS,Laws of Motion,ATHIRA.(WB),2026,OFFLINE,PAH,,BATCH24,,12,,12,NOT COMPLETED,,,,,,,,
2911,MATHS,Limits of Real Functions,ATHIRA.(WB),2026,OFFLINE,CCT,,BATCH24,,10,,10,NOT COMPLETED,,,,,,,,
2912,MATHS,Limits of Real Functions,ATHIRA.(WB),2026,OFFLINE,CCT,,BATCH24,,10,,10,NOT COMPLETED,,,,,,,,
2913,MATHS,Logarithm,ATHIRA.(WB),2026,OFFLINE,BCJ,,BATCH24,,9,,9,NOT COMPLETED,,,,,,,,
2914,MATHS,Logarithm,ATHIRA.(WB),2026,OFFLINE,BCJ,,BATCH24,,9,,9,NOT COMPLETED,,,,,,,,
2915,PHYSICS,Magnetism and Matter,ATHIRA.(WB),2026,OFFLINE,BDB,,BATCH24,,9,,9,NOT COMPLETED,,,,,,,,
2916,PHYSICS,Magnetism and Matter,ATHIRA.(WB),2026,OFFLINE,BDB,,BATCH24,,9,,9,NOT COMPLETED,,,,,,,,
2917,PHYSICS,Magnetism and Matter,ATHIRA.(WB),2026,OFFLINE,BDB,,BATCH24,,10,,10,NOT COMPLETED,,,,,,,,
2918,MATHS,Matrices and Determinants,ATHIRA.(WB),2026,OFFLINE,PBJ,,BATCH24,,21,,21,NOT COMPLETED,,,,,,,,
2919,MATHS,Matrices and Determinants,ATHIRA.(WB),2026,OFFLINE,PBJ,,BATCH24,,10,,10,NOT COMPLETED,,,,,,,,
2920,MATHS,Matrices and Determinants,ATHIRA.(WB),2026,OFFLINE,PBJ,,BATCH24,,24,,24,NOT COMPLETED,,,,,,,,
2921,ZOOLOGY,Microbes in Human Welfare,ATHIRA.(WB),2026,OFFLINE,CCB,,BATCH24,,15,,15,NOT COMPLETED,,,,,,,,
2922,ZOOLOGY,Microbes in Human Welfare,ATHIRA.(WB),2026,OFFLINE,CCB,,BATCH24,,10,,10,NOT COMPLETED,,,,,,,,
2923,ZOOLOGY,Molecular Basis of Inheritance,ATHIRA.(WB),2026,OFFLINE,ZBN,,BATCH24,,17,,17,NOT COMPLETED,,,,,,,,
2924,ZOOLOGY,Molecular Basis of Inheritance,ATHIRA.(WB),2026,OFFLINE,ZBN,,BATCH24,,7,,7,NOT COMPLETED,,,,,,,,
2925,BOTANY,Morphology of Flowering Plants,ATHIRA.(WB),2026,OFFLINE,CBN,,BATCH24,,14,,14,NOT COMPLETED,,,,,,,,
2926,BOTANY,Morphology of Flowering Plants,ATHIRA.(WB),2026,OFFLINE,CBN,,BATCH24,,14,,14,NOT COMPLETED,,,,,,,,
2927,BOTANY,Morphology of Flowering Plants,ATHIRA.(WB),2026,OFFLINE,CBN,,BATCH24,,9,,9,NOT COMPLETED,,,,,,,,
2928,PHYSICS,Motion in a Plane,ATHIRA.(WB),2026,OFFLINE,ZCX,,BATCH24,,9,,9,NOT COMPLETED,,,,,,,,
2929,PHYSICS,Motion in a Plane,ATHIRA.(WB),2026,OFFLINE,ZCX,,BATCH24,,14,,14,NOT COMPLETED,,,,,,,,
2930,ZOOLOGY,Neural Control and Coordination,ATHIRA.(WB),2026,OFFLINE,ZBW,,BATCH24,,15,,15,NOT COMPLETED,,,,,,,,
2931,ZOOLOGY,Neural Control and Coordination,ATHIRA.(WB),2026,OFFLINE,ZBW,,BATCH24,,12,,12,NOT COMPLETED,,,,,,,,
2932,ZOOLOGY,Neural Control and Coordination,ATHIRA.(WB),2026,OFFLINE,ZBW,,BATCH24,,9,,9,NOT COMPLETED,,,,,,,,
2933,CHEMISTRY,Organic Chemistry–Some Basic Principles–Part I I (Nomenclature),ATHIRA.(WB),2026,OFFLINE,ZAH,,BATCH24,,10,,10,NOT COMPLETED,,,,,,,,
2934,CHEMISTRY,Organic Chemistry–Some Basic Principles–Part I I (Nomenclature),ATHIRA.(WB),2026,OFFLINE,ZAH,,BATCH24,,24,,24,NOT COMPLETED,,,,,,,,
2935,CHEMISTRY,Organic Chemistry–Some Basic Principles–Part II II (Reaction Mechanism),ATHIRA.(WB),2026,OFFLINE,MCW,,BATCH24,,10,,10,NOT COMPLETED,,,,,,,,
2936,CHEMISTRY,Organic Chemistry–Some Basic Principles–Part II II (Reaction Mechanism),ATHIRA.(WB),2026,OFFLINE,MCW,,BATCH24,,17,,17,NOT COMPLETED,,,,,,,,
2937,BOTANY,Organism and Population,ATHIRA.(WB),2026,OFFLINE,CBS,,BATCH24,,14,,14,NOT COMPLETED,,,,,,,,
2938,BOTANY,Organism and Population,ATHIRA.(WB),2026,OFFLINE,CBS,,BATCH24,,9,,9,NOT COMPLETED,,,,,,,,
2939,BOTANY,Organism and Population,ATHIRA.(WB),2026,OFFLINE,CBS,,BATCH24,,12,,12,NOT COMPLETED,,,,,,,,
2940,PHYSICS,Oscillations,ATHIRA.(WB),2026,OFFLINE,BCO,,BATCH24,,9,,9,NOT COMPLETED,,,,,,,,
2941,PHYSICS,Oscillations,ATHIRA.(WB),2026,OFFLINE,BCO,,BATCH24,,17,,17,NOT COMPLETED,,,,,,,,
2942,BOTANY,Photosynthesis in Higher Plants,ATHIRA.(WB),2026,OFFLINE,BAQ,,BATCH24,,19,,19,NOT COMPLETED,,,,,,,,
2943,BOTANY,Photosynthesis in Higher Plants,ATHIRA.(WB),2026,OFFLINE,BAQ,,BATCH24,,15,,15,NOT COMPLETED,,,,,,,,
2944,PHYSICS,"Physical World, Units and Measurements",ATHIRA.(WB),2026,OFFLINE,CCX,,BATCH24,,9,,9,NOT COMPLETED,,,,,,,,
2945,PHYSICS,"Physical World, Units and Measurements",ATHIRA.(WB),2026,OFFLINE,CCX,,BATCH24,,12,,12,NOT COMPLETED,,,,,,,,
2946,BOTANY,Plant Kingdom,ATHIRA.(WB),2026,OFFLINE,BAC,,BATCH24,,12,,12,NOT COMPLETED,,,,,,,,
2947,BOTANY,Plant Kingdom,ATHIRA.(WB),2026,OFFLINE,BAC,,BATCH24,,10,,10,NOT COMPLETED,,,,,,,,
2948,CHEMISTRY,Practical Chemistry,ATHIRA.(WB),2026,OFFLINE,ZAZ,,BATCH24,,9,,9,NOT COMPLETED,,,,,,,,
2949,CHEMISTRY,Practical Chemistry,ATHIRA.(WB),2026,OFFLINE,ZAZ,,BATCH24,,26,,26,NOT COMPLETED,,,,,,,,
2950,CHEMISTRY,Practical Chemistry,ATHIRA.(WB),2026,OFFLINE,ZAZ,,BATCH24,,7,,7,NOT COMPLETED,,,,,,,,
2951,ZOOLOGY,Principles of Inheritance and Variation,ATHIRA.(WB),2026,OFFLINE,JUNE,,BATCH24,,14,,14,NOT COMPLETED,,,,,,,,
2952,ZOOLOGY,Principles of Inheritance and Variation,ATHIRA.(WB),2026,OFFLINE,JULY,,BATCH24,,12,,12,NOT COMPLETED,,,,,,,,
2953,MATHS,Quadratic Equation,ATHIRA.(WB),2026,OFFLINE,CCO,,BATCH24,,21,,21,NOT COMPLETED,,,,,,,,
2954,MATHS,Quadratic Equation,ATHIRA.(WB),2026,OFFLINE,CCO,,BATCH24,,9,,9,NOT COMPLETED,,,,,,,,
2955,MATHS,Quadratic Equation,ATHIRA.(WB),2026,OFFLINE,CCO,,BATCH24,,21,,21,NOT COMPLETED,,,,,,,,
2956,PHYSICS,Ray Optics & Optical Instruments,ATHIRA.(WB),2026,OFFLINE,ZDO,,BATCH24,,12,,12,NOT COMPLETED,,,,,,,,
2957,PHYSICS,Ray Optics & Optical Instruments,ATHIRA.(WB),2026,OFFLINE,ZDO,,BATCH24,,14,,14,NOT COMPLETED,,,,,,,,
2958,PHYSICS,Ray Optics & Optical Instruments,ATHIRA.(WB),2026,OFFLINE,ZDO,,BATCH24,,9,,9,NOT COMPLETED,,,,,,,,
2959,ZOOLOGY,Reproductive Health,ATHIRA.(WB),2026,OFFLINE,CCK,,BATCH24,,15,,15,NOT COMPLETED,,,,,,,,
2960,ZOOLOGY,Reproductive Health,ATHIRA.(WB),2026,OFFLINE,CCK,,BATCH24,,5,,5,NOT COMPLETED,,,,,,,,
2961,ZOOLOGY,Reproductive Health,ATHIRA.(WB),2026,OFFLINE,CCK,,BATCH24,,15,,15,NOT COMPLETED,,,,,,,,
2962,BOTANY,Respiration in Plants,ATHIRA.(WB),2026,OFFLINE,CBE,,BATCH24,,14,,14,NOT COMPLETED,,,,,,,,
2963,BOTANY,Respiration in Plants,ATHIRA.(WB),2026,OFFLINE,CBE,,BATCH24,,17,,17,NOT COMPLETED,,,,,,,,
2964,PHYSICS,Semiconductor Electronics,ATHIRA.(WB),2026,OFFLINE,MCS,,BATCH24,,10,,10,NOT COMPLETED,,,,,,,,
2965,PHYSICS,Semiconductor Electronics,ATHIRA.(WB),2026,OFFLINE,MCS,,BATCH24,,14,,14,NOT COMPLETED,,,,,,,,
2966,MATHS,Sequences and Series,ATHIRA.(WB),2026,OFFLINE,PDB,,BATCH24,,14,,14,NOT COMPLETED,,,,,,,,
2967,MATHS,Sequences and Series,ATHIRA.(WB),2026,OFFLINE,PDB,,BATCH24,,9,,9,NOT COMPLETED,,,,,,,,
2968,MATHS,Sequences and Series,ATHIRA.(WB),2026,OFFLINE,PDB,,BATCH24,,17,,17,NOT COMPLETED,,,,,,,,
2969,MATHS,"Sets, Relations and  Functions",ATHIRA.(WB),2026,OFFLINE,ZCA,,BATCH24,,31,,31,NOT COMPLETED,,,,,,,,
2970,MATHS,"Sets, Relations and  Functions",ATHIRA.(WB),2026,OFFLINE,ZCA,,BATCH24,,12,,12,NOT COMPLETED,,,,,,,,
2971,BOTANY,Sexual reproduction in Flowering Plants,ATHIRA.(WB),2026,OFFLINE,ZBE,,BATCH24,,17,,17,NOT COMPLETED,,,,,,,,
2972,BOTANY,Sexual reproduction in Flowering Plants,ATHIRA.(WB),2026,OFFLINE,ZBE,,BATCH24,,7,,7,NOT COMPLETED,,,,,,,,
2973,CHEMISTRY,Solutions,ATHIRA.(WB),2026,OFFLINE,BDJ,,BATCH24,,7,,7,NOT COMPLETED,,,,,,,,
2974,CHEMISTRY,Solutions,ATHIRA.(WB),2026,OFFLINE,BDJ,,BATCH24,,31,,31,NOT COMPLETED,,,,,,,,
2975,CHEMISTRY,Some Basic Concepts of Chemistry,ATHIRA.(WB),2026,OFFLINE,ZDG,,BATCH24,,7,,7,NOT COMPLETED,,,,,,,,
2976,CHEMISTRY,Some Basic Concepts of Chemistry,ATHIRA.(WB),2026,OFFLINE,ZDG,,BATCH24,,15,,15,NOT COMPLETED,,,,,,,,
2977,MATHS,Statistics,ATHIRA.(WB),2026,OFFLINE,ZCF,,BATCH24,,12,,12,NOT COMPLETED,,,,,,,,
2978,MATHS,Statistics,ATHIRA.(WB),2026,OFFLINE,ZCF,,BATCH24,,10,,10,NOT COMPLETED,,,,,,,,
2979,MATHS,Straight Lines,ATHIRA.(WB),2026,OFFLINE,BBR,,BATCH24,,14,,14,NOT COMPLETED,,,,,,,,
2980,MATHS,Straight Lines,ATHIRA.(WB),2026,OFFLINE,BBR,,BATCH24,,10,,10,NOT COMPLETED,,,,,,,,
2981,ZOOLOGY,Structural organisation in Animals Morphology of Animals,ATHIRA.(WB),2026,OFFLINE,MAU,,BATCH24,,21,,21,NOT COMPLETED,,,,,,,,
2982,ZOOLOGY,Structural organisation in Animals Morphology of Animals,ATHIRA.(WB),2026,OFFLINE,MAU,,BATCH24,,12,,12,NOT COMPLETED,,,,,,,,
2983,ZOOLOGY,Structural organisation in Animals Morphology of Animals,ATHIRA.(WB),2026,OFFLINE,MAU,,BATCH24,,14,,14,NOT COMPLETED,,,,,,,,
2984,CHEMISTRY,Structure of Atoms,ATHIRA.(WB),2026,OFFLINE,CAQ,,BATCH24,,12,,12,NOT COMPLETED,,,,,,,,
2985,CHEMISTRY,Structure of Atoms,ATHIRA.(WB),2026,OFFLINE,CAQ,,BATCH24,,19,,19,NOT COMPLETED,,,,,,,,
2986,CHEMISTRY,Structure of Atoms,ATHIRA.(WB),2026,OFFLINE,CAQ,,BATCH24,,12,,12,NOT COMPLETED,,,,,,,,
2987,PHYSICS,System of Particles and Rigid Body Rotation,ATHIRA.(WB),2026,OFFLINE,CDL,,BATCH24,,10,,10,NOT COMPLETED,,,,,,,,
2988,PHYSICS,System of Particles and Rigid Body Rotation,ATHIRA.(WB),2026,OFFLINE,CDL,,BATCH24,,17,,17,NOT COMPLETED,,,,,,,,
2989,CHEMISTRY,The d and f Block Block Elements,ATHIRA.(WB),2026,OFFLINE,ZDX,,BATCH24,,9,,9,NOT COMPLETED,,,,,,,,
2990,CHEMISTRY,The d and f Block Block Elements,ATHIRA.(WB),2026,OFFLINE,ZDX,,BATCH24,,21,,21,NOT COMPLETED,,,,,,,,
2991,MATHS,Theory of Probability,ATHIRA.(WB),2026,OFFLINE,ZCJ,,BATCH24,,14,,14,NOT COMPLETED,,,,,,,,
2992,MATHS,Theory of Probability,ATHIRA.(WB),2026,OFFLINE,ZCJ,,BATCH24,,15,,15,NOT COMPLETED,,,,,,,,
2993,PHYSICS,"Thermal Properties of Matter, Thermodynamics and Kinetic Theory",ATHIRA.(WB),2026,OFFLINE,PDY,,BATCH24,,10,,10,NOT COMPLETED,,,,,,,,
2994,PHYSICS,"Thermal Properties of Matter, Thermodynamics and Kinetic Theory",ATHIRA.(WB),2026,OFFLINE,PDY,,BATCH24,,10,,10,NOT COMPLETED,,,,,,,,
2995,PHYSICS,"Thermal Properties of Matter, Thermodynamics and Kinetic Theory",ATHIRA.(WB),2026,OFFLINE,PDY,,BATCH24,,14,,14,NOT COMPLETED,,,,,,,,
2996,CHEMISTRY,Thermodynamics and Chemical Energetics,ATHIRA.(WB),2026,OFFLINE,ZDT,,BATCH24,,9,,9,NOT COMPLETED,,,,,,,,
2997,CHEMISTRY,Thermodynamics and Chemical Energetics,ATHIRA.(WB),2026,OFFLINE,ZDT,,BATCH24,,15,,15,NOT COMPLETED,,,,,,,,
2998,MATHS,Three Dimensional Geometry,ATHIRA.(WB),2026,OFFLINE,MBV,,BATCH24,,17,,17,NOT COMPLETED,,,,,,,,
2999,MATHS,Three Dimensional Geometry,ATHIRA.(WB),2026,OFFLINE,MBV,,BATCH24,,10,,10,NOT COMPLETED,,,,,,,,
3000,MATHS,Trigonometry I,ATHIRA.(WB),2026,OFFLINE,PCO,,BATCH24,,24,,24,NOT COMPLETED,,,,,,,,
3001,MATHS,Trigonometry I,ATHIRA.(WB),2026,OFFLINE,PCO,,BATCH24,,9,,9,NOT COMPLETED,,,,,,,,
3002,MATHS,Vectors,ATHIRA.(WB),2026,OFFLINE,PAR,,BATCH24,,15,,15,NOT COMPLETED,,,,,,,,
3003,MATHS,Vectors,ATHIRA.(WB),2026,OFFLINE,PAR,,BATCH24,,12,,12,NOT COMPLETED,,,,,,,,
3004,MATHS,Vectors,ATHIRA.(WB),2026,OFFLINE,PAR,,BATCH24,,14,,14,NOT COMPLETED,,,,,,,,
3005,PHYSICS,Wave Optics,ATHIRA.(WB),2026,OFFLINE,CAD,,BATCH24,,7,,7,NOT COMPLETED,,,,,,,,
3006,PHYSICS,Wave Optics,ATHIRA.(WB),2026,OFFLINE,CAD,,BATCH24,,21,,21,NOT COMPLETED,,,,,,,,
3007,CHEMISTRY,"Alcohols, Phenols and Ethers",JEEVAN.JOSHY,2026,OFFLINE,BDY,,BATCH25,,14,,14,NOT COMPLETED,,,,,,,,
3008,CHEMISTRY,"Alcohols, Phenols and Ethers",JEEVAN.JOSHY,2026,OFFLINE,BDY,,BATCH25,,14,,14,NOT COMPLETED,,,,,,,,
3009,CHEMISTRY,"Alcohols, Phenols and Ethers",JEEVAN.JOSHY,2026,OFFLINE,BDY,,BATCH25,,9,,9,NOT COMPLETED,,,,,,,,
3010,CHEMISTRY,Aldehydes and Ketones,JEEVAN.JOSHY,2026,OFFLINE,ZAM,,BATCH25,,12,,12,NOT COMPLETED,,,,,,,,
3011,CHEMISTRY,Aldehydes and Ketones,JEEVAN.JOSHY,2026,OFFLINE,ZAM,,BATCH25,,14,,14,NOT COMPLETED,,,,,,,,
3012,CHEMISTRY,Amines,JEEVAN.JOSHY,2026,OFFLINE,BAM,,BATCH25,,15,,15,NOT COMPLETED,,,,,,,,
3013,CHEMISTRY,Amines,JEEVAN.JOSHY,2026,OFFLINE,BAM,,BATCH25,,19,,19,NOT COMPLETED,,,,,,,,
3014,CHEMISTRY,Amines,JEEVAN.JOSHY,2026,OFFLINE,BAM,,BATCH25,,10,,10,NOT COMPLETED,,,,,,,,
3015,BOTANY,Anatomy of Flowering Plants,JEEVAN.JOSHY,2026,OFFLINE,CBO,,BATCH25,,12,,12,NOT COMPLETED,,,,,,,,
3016,BOTANY,Anatomy of Flowering Plants,JEEVAN.JOSHY,2026,OFFLINE,CBO,,BATCH25,,12,,12,NOT COMPLETED,,,,,,,,
3017,BOTANY,Anatomy of Flowering Plants,JEEVAN.JOSHY,2026,OFFLINE,CBO,,BATCH25,,10,,10,NOT COMPLETED,,,,,,,,
3018,ZOOLOGY,Animal Kingdom Phylum Chordata,JEEVAN.JOSHY,2026,OFFLINE,PCG,,BATCH25,,15,,15,NOT COMPLETED,,,,,,,,
3019,ZOOLOGY,Animal Kingdom Phylum Chordata,JEEVAN.JOSHY,2026,OFFLINE,PCG,,BATCH25,,10,,10,NOT COMPLETED,,,,,,,,
3020,ZOOLOGY,Animal Kingdom Phylum Chordata,JEEVAN.JOSHY,2026,OFFLINE,PCG,,BATCH25,,17,,17,NOT COMPLETED,,,,,,,,
3021,PHYSICS,Atoms and Nuclei,JEEVAN.JOSHY,2026,OFFLINE,BCT,,BATCH25,,9,,9,NOT COMPLETED,,,,,,,,
3022,PHYSICS,Atoms and Nuclei,JEEVAN.JOSHY,2026,OFFLINE,BCT,,BATCH25,,15,,15,NOT COMPLETED,,,,,,,,
3023,ZOOLOGY,Biodiversity and Conservation,JEEVAN.JOSHY,2026,OFFLINE,CCC,,BATCH25,,9,,9,NOT COMPLETED,,,,,,,,
3024,ZOOLOGY,Biodiversity and Conservation,JEEVAN.JOSHY,2026,OFFLINE,CCC,,BATCH25,,7,,7,NOT COMPLETED,,,,,,,,
3025,BOTANY,Biological Classification,JEEVAN.JOSHY,2026,OFFLINE,ZBA,,BATCH25,,12,,12,NOT COMPLETED,,,,,,,,
3026,BOTANY,Biological Classification,JEEVAN.JOSHY,2026,OFFLINE,ZBA,,BATCH25,,21,,21,NOT COMPLETED,,,,,,,,
3027,BOTANY,Biological Classification,JEEVAN.JOSHY,2026,OFFLINE,ZBA,,BATCH25,,10,,10,NOT COMPLETED,,,,,,,,
3028,ZOOLOGY,Biomolecules,JEEVAN.JOSHY,2026,OFFLINE,MAV,,BATCH25,,14,,14,NOT COMPLETED,,,,,,,,
3029,CHEMISTRY,Biomolecules,JEEVAN.JOSHY,2026,OFFLINE,CBA,,BATCH25,,10,,10,NOT COMPLETED,,,,,,,,
3030,ZOOLOGY,Biomolecules,JEEVAN.JOSHY,2026,OFFLINE,MAV,,BATCH25,,10,,10,NOT COMPLETED,,,,,,,,
3031,CHEMISTRY,Biomolecules,JEEVAN.JOSHY,2026,OFFLINE,CBA,,BATCH25,,12,,12,NOT COMPLETED,,,,,,,,
3032,ZOOLOGY,Biomolecules,JEEVAN.JOSHY,2026,OFFLINE,MAV,,BATCH25,,10,,10,NOT COMPLETED,,,,,,,,
3033,BOTANY,Biotechnology : Principles and processes,JEEVAN.JOSHY,2026,OFFLINE,PAW,,BATCH25,,14,,14,NOT COMPLETED,,,,,,,,
3034,BOTANY,Biotechnology : Principles and processes,JEEVAN.JOSHY,2026,OFFLINE,PAW,,BATCH25,,9,,9,NOT COMPLETED,,,,,,,,
3035,BOTANY,Biotechnology and its Applications,JEEVAN.JOSHY,2026,OFFLINE,MDT,,BATCH25,,12,,12,NOT COMPLETED,,,,,,,,
3036,BOTANY,Biotechnology and its Applications,JEEVAN.JOSHY,2026,OFFLINE,MDT,,BATCH25,,9,,9,NOT COMPLETED,,,,,,,,
3037,ZOOLOGY,Breathing and Exchange of Gases,JEEVAN.JOSHY,2026,OFFLINE,ZBJ,,BATCH25,,15,,15,NOT COMPLETED,,,,,,,,
3038,ZOOLOGY,Breathing and Exchange of Gases,JEEVAN.JOSHY,2026,OFFLINE,ZBJ,,BATCH25,,9,,9,NOT COMPLETED,,,,,,,,
3039,BOTANY,Cell : The unit of life,JEEVAN.JOSHY,2026,OFFLINE,PBO,,BATCH25,,14,,14,NOT COMPLETED,,,,,,,,
3040,BOTANY,Cell : The unit of life,JEEVAN.JOSHY,2026,OFFLINE,PBO,,BATCH25,,29,,29,NOT COMPLETED,,,,,,,,
3041,BOTANY,Cell Cycle and Cell Division,JEEVAN.JOSHY,2026,OFFLINE,ZAR,,BATCH25,,17,,17,NOT COMPLETED,,,,,,,,
3042,BOTANY,Cell Cycle and Cell Division,JEEVAN.JOSHY,2026,OFFLINE,ZAR,,BATCH25,,14,,14,NOT COMPLETED,,,,,,,,
3043,CHEMISTRY,Chemical and Ionic Equilibrium,JEEVAN.JOSHY,2026,OFFLINE,ZDU,,BATCH25,,9,,9,NOT COMPLETED,,,,,,,,
3044,CHEMISTRY,Chemical and Ionic Equilibrium,JEEVAN.JOSHY,2026,OFFLINE,ZDU,,BATCH25,,14,,14,NOT COMPLETED,,,,,,,,
3045,CHEMISTRY,Chemical Bonding and Molecular Structure  Structure,JEEVAN.JOSHY,2026,OFFLINE,BDH,,BATCH25,,9,,9,NOT COMPLETED,,,,,,,,
3046,CHEMISTRY,Chemical Bonding and Molecular Structure  Structure,JEEVAN.JOSHY,2026,OFFLINE,BDH,,BATCH25,,12,,12,NOT COMPLETED,,,,,,,,
3047,ZOOLOGY,Chemical Coordination and Integration,JEEVAN.JOSHY,2026,OFFLINE,ZBX,,BATCH25,,12,,12,NOT COMPLETED,,,,,,,,
3048,ZOOLOGY,Chemical Coordination and Integration,JEEVAN.JOSHY,2026,OFFLINE,ZBX,,BATCH25,,9,,9,NOT COMPLETED,,,,,,,,
3049,ZOOLOGY,Chemical Coordination and Integration,JEEVAN.JOSHY,2026,OFFLINE,ZBX,,BATCH25,,9,,9,NOT COMPLETED,,,,,,,,
3050,MATHS,Circles,JEEVAN.JOSHY,2026,OFFLINE,BBS,,BATCH25,,15,,15,NOT COMPLETED,,,,,,,,
3051,MATHS,Circles,JEEVAN.JOSHY,2026,OFFLINE,BBS,,BATCH25,,10,,10,NOT COMPLETED,,,,,,,,
3052,CHEMISTRY,Classification of Elements and Periodicity Periodicity in Properties,JEEVAN.JOSHY,2026,OFFLINE,CAR,,BATCH25,,9,,9,NOT COMPLETED,,,,,,,,
3053,CHEMISTRY,Classification of Elements and Periodicity Periodicity in Properties,JEEVAN.JOSHY,2026,OFFLINE,CAR,,BATCH25,,15,,15,NOT COMPLETED,,,,,,,,
3054,CHEMISTRY,Classification of Elements and Periodicity Periodicity in Properties,JEEVAN.JOSHY,2026,OFFLINE,CAR,,BATCH25,,12,,12,NOT COMPLETED,,,,,,,,
3055,MATHS,Complex Numbers,JEEVAN.JOSHY,2026,OFFLINE,CCP,,BATCH25,,14,,14,NOT COMPLETED,,,,,,,,
3056,MATHS,Complex Numbers,JEEVAN.JOSHY,2026,OFFLINE,CCP,,BATCH25,,9,,9,NOT COMPLETED,,,,,,,,
3057,MATHS,Complex Numbers,JEEVAN.JOSHY,2026,OFFLINE,CCP,,BATCH25,,15,,15,NOT COMPLETED,,,,,,,,
3058,MATHS,"Continuity, Differentiability and Derivatives",JEEVAN.JOSHY,2026,OFFLINE,CCU,,BATCH25,,14,,14,NOT COMPLETED,,,,,,,,
3059,MATHS,"Continuity, Differentiability and Derivatives",JEEVAN.JOSHY,2026,OFFLINE,CCU,,BATCH25,,9,,9,NOT COMPLETED,,,,,,,,
3060,CHEMISTRY,Coordination Compounds and Organometallics,JEEVAN.JOSHY,2026,OFFLINE,ZDY,,BATCH25,,10,,10,NOT COMPLETED,,,,,,,,
3061,CHEMISTRY,Coordination Compounds and Organometallics,JEEVAN.JOSHY,2026,OFFLINE,ZDY,,BATCH25,,14,,14,NOT COMPLETED,,,,,,,,
3062,PHYSICS,Current Electricity,JEEVAN.JOSHY,2026,OFFLINE,MCO,,BATCH25,,12,,12,NOT COMPLETED,,,,,,,,
3063,PHYSICS,Current Electricity,JEEVAN.JOSHY,2026,OFFLINE,MCO,,BATCH25,,14,,14,NOT COMPLETED,,,,,,,,
3064,PHYSICS,Current Electricity,JEEVAN.JOSHY,2026,OFFLINE,MCO,,BATCH25,,9,,9,NOT COMPLETED,,,,,,,,
3065,MATHS,Differential Equations,JEEVAN.JOSHY,2026,OFFLINE,PDH,,BATCH25,,14,,14,NOT COMPLETED,,,,,,,,
3066,MATHS,Differential Equations,JEEVAN.JOSHY,2026,OFFLINE,PDH,,BATCH25,,14,,14,NOT COMPLETED,,,,,,,,
3067,PHYSICS,Dual Nature of Matter and Radiation,JEEVAN.JOSHY,2026,OFFLINE,CAE,,BATCH25,,7,,7,NOT COMPLETED,,,,,,,,
3068,PHYSICS,Dual Nature of Matter and Radiation,JEEVAN.JOSHY,2026,OFFLINE,CAE,,BATCH25,,14,,14,NOT COMPLETED,,,,,,,,
3069,BOTANY,Ecosystem,JEEVAN.JOSHY,2026,OFFLINE,PAN,,BATCH25,,9,,9,NOT COMPLETED,,,,,,,,
3070,BOTANY,Ecosystem,JEEVAN.JOSHY,2026,OFFLINE,PAN,,BATCH25,,9,,9,NOT COMPLETED,,,,,,,,
3071,BOTANY,Ecosystem,JEEVAN.JOSHY,2026,OFFLINE,PAN,,BATCH25,,14,,14,NOT COMPLETED,,,,,,,,
3072,CHEMISTRY,Electrochemistry,JEEVAN.JOSHY,2026,OFFLINE,BDK,,BATCH25,,10,,10,NOT COMPLETED,,,,,,,,
3073,CHEMISTRY,Electrochemistry,JEEVAN.JOSHY,2026,OFFLINE,BDK,,BATCH25,,24,,24,NOT COMPLETED,,,,,,,,
3074,PHYSICS,Electromagnetic Induction and Alternating Current,JEEVAN.JOSHY,2026,OFFLINE,BDC,,BATCH25,,14,,14,NOT COMPLETED,,,,,,,,
3075,PHYSICS,Electromagnetic Induction and Alternating Current,JEEVAN.JOSHY,2026,OFFLINE,BDC,,BATCH25,,21,,21,NOT COMPLETED,,,,,,,,
3076,PHYSICS,Electromagnetic Induction and Alternating Current,JEEVAN.JOSHY,2026,OFFLINE,BDC,,BATCH25,,9,,9,NOT COMPLETED,,,,,,,,
3077,PHYSICS,Electromagnetic Waves,JEEVAN.JOSHY,2026,OFFLINE,PAS,,BATCH25,,5,,5,NOT COMPLETED,,,,,,,,
3078,PHYSICS,Electromagnetic Waves,JEEVAN.JOSHY,2026,OFFLINE,PAS,,BATCH25,,15,,15,NOT COMPLETED,,,,,,,,
3079,ZOOLOGY,Evolution,JEEVAN.JOSHY,2026,OFFLINE,ZBO,,BATCH25,,24,,24,NOT COMPLETED,,,,,,,,
3080,ZOOLOGY,Evolution,JEEVAN.JOSHY,2026,OFFLINE,ZBO,,BATCH25,,7,,7,NOT COMPLETED,,,,,,,,
3081,ZOOLOGY,Excretory Products and Their Elimination,JEEVAN.JOSHY,2026,OFFLINE,BBJ,,BATCH25,,15,,15,NOT COMPLETED,,,,,,,,
3082,ZOOLOGY,Excretory Products and Their Elimination,JEEVAN.JOSHY,2026,OFFLINE,BBJ,,BATCH25,,17,,17,NOT COMPLETED,,,,,,,,
3083,ZOOLOGY,Excretory Products and Their Elimination,JEEVAN.JOSHY,2026,OFFLINE,BBJ,,BATCH25,,12,,12,NOT COMPLETED,,,,,,,,
3084,PHYSICS,Gravitation,JEEVAN.JOSHY,2026,OFFLINE,CDM,,BATCH25,,9,,9,NOT COMPLETED,,,,,,,,
3085,PHYSICS,Gravitation,JEEVAN.JOSHY,2026,OFFLINE,CDM,,BATCH25,,19,,19,NOT COMPLETED,,,,,,,,
3086,ZOOLOGY,Human Reproduction,JEEVAN.JOSHY,2026,OFFLINE,PCK,,BATCH25,,21,,21,NOT COMPLETED,,,,,,,,
3087,ZOOLOGY,Human Reproduction,JEEVAN.JOSHY,2026,OFFLINE,PCK,,BATCH25,,14,,14,NOT COMPLETED,,,,,,,,
3088,MATHS,Integration and its Applications,JEEVAN.JOSHY,2026,OFFLINE,ZCT,,BATCH25,,29,,29,NOT COMPLETED,,,,,,,,
3089,MATHS,Integration and its Applications,JEEVAN.JOSHY,2026,OFFLINE,ZCT,,BATCH25,,12,,12,NOT COMPLETED,,,,,,,,
3090,MATHS,Integration and its Applications,JEEVAN.JOSHY,2026,OFFLINE,ZCT,,BATCH25,,17,,17,NOT COMPLETED,,,,,,,,
3091,PHYSICS,Laws of Motion,JEEVAN.JOSHY,2026,OFFLINE,ZCY,,BATCH25,,10,,10,NOT COMPLETED,,,,,,,,
3092,PHYSICS,Laws of Motion,JEEVAN.JOSHY,2026,OFFLINE,ZCY,,BATCH25,,12,,12,NOT COMPLETED,,,,,,,,
3093,MATHS,Limits of Real Functions,JEEVAN.JOSHY,2026,OFFLINE,BCF,,BATCH25,,10,,10,NOT COMPLETED,,,,,,,,
3094,MATHS,Limits of Real Functions,JEEVAN.JOSHY,2026,OFFLINE,BCF,,BATCH25,,10,,10,NOT COMPLETED,,,,,,,,
3095,MATHS,Limits of Real Functions,JEEVAN.JOSHY,2026,OFFLINE,BCF,,BATCH25,,7,,7,NOT COMPLETED,,,,,,,,
3096,MATHS,Linear Inequations and Inequalities,JEEVAN.JOSHY,2026,OFFLINE,PCP,,BATCH25,,7,,7,NOT COMPLETED,,,,,,,,
3097,MATHS,Linear Inequations and Inequalities,JEEVAN.JOSHY,2026,OFFLINE,PCP,,BATCH25,,9,,9,NOT COMPLETED,,,,,,,,
3098,MATHS,Linear Programming,JEEVAN.JOSHY,2026,OFFLINE,ZCK,,BATCH25,,7,,7,NOT COMPLETED,,,,,,,,
3099,MATHS,Linear Programming,JEEVAN.JOSHY,2026,OFFLINE,ZCK,,BATCH25,,10,,10,NOT COMPLETED,,,,,,,,
3100,ZOOLOGY,Locomotion and Movement,JEEVAN.JOSHY,2026,OFFLINE,CBX,,BATCH25,,19,,19,NOT COMPLETED,,,,,,,,
3101,ZOOLOGY,Locomotion and Movement,JEEVAN.JOSHY,2026,OFFLINE,CBX,,BATCH25,,12,,12,NOT COMPLETED,,,,,,,,
3102,PHYSICS,Mechanical Properties of Solids & Fluids,JEEVAN.JOSHY,2026,OFFLINE,PBT,,BATCH25,,12,,12,NOT COMPLETED,,,,,,,,
3103,PHYSICS,Mechanical Properties of Solids & Fluids,JEEVAN.JOSHY,2026,OFFLINE,PBT,,BATCH25,,14,,14,NOT COMPLETED,,,,,,,,
3104,ZOOLOGY,Microbes in Human Welfare,JEEVAN.JOSHY,2026,OFFLINE,BBN,,BATCH25,,15,,15,NOT COMPLETED,,,,,,,,
3105,ZOOLOGY,Microbes in Human Welfare,JEEVAN.JOSHY,2026,OFFLINE,BBN,,BATCH25,,10,,10,NOT COMPLETED,,,,,,,,
3106,ZOOLOGY,Molecular Basis of Inheritance,JEEVAN.JOSHY,2026,OFFLINE,MAZ,,BATCH25,,17,,17,NOT COMPLETED,,,,,,,,
3107,ZOOLOGY,Molecular Basis of Inheritance,JEEVAN.JOSHY,2026,OFFLINE,MAZ,,BATCH25,,7,,7,NOT COMPLETED,,,,,,,,
3108,BOTANY,Morphology of Flowering Plants,JEEVAN.JOSHY,2026,OFFLINE,BAD,,BATCH25,,14,,14,NOT COMPLETED,,,,,,,,
3109,BOTANY,Morphology of Flowering Plants,JEEVAN.JOSHY,2026,OFFLINE,BAD,,BATCH25,,14,,14,NOT COMPLETED,,,,,,,,
3110,PHYSICS,Motion in a Straight Line,JEEVAN.JOSHY,2026,OFFLINE,CCY,,BATCH25,,9,,9,NOT COMPLETED,,,,,,,,
3111,PHYSICS,Motion in a Straight Line,JEEVAN.JOSHY,2026,OFFLINE,CCY,,BATCH25,,12,,12,NOT COMPLETED,,,,,,,,
3112,PHYSICS,Moving Charges and Magnetism,JEEVAN.JOSHY,2026,OFFLINE,PBB,,BATCH25,,12,,12,NOT COMPLETED,,,,,,,,
3113,PHYSICS,Moving Charges and Magnetism,JEEVAN.JOSHY,2026,OFFLINE,PBB,,BATCH25,,9,,9,NOT COMPLETED,,,,,,,,
3114,CHEMISTRY,Organic Chemistry–Some Basic Principles–Part II II (Reaction Mechanism),JEEVAN.JOSHY,2026,OFFLINE,ZAI,,BATCH25,,10,,10,NOT COMPLETED,,,,,,,,
3115,CHEMISTRY,Organic Chemistry–Some Basic Principles–Part II II (Reaction Mechanism),JEEVAN.JOSHY,2026,OFFLINE,ZAI,,BATCH25,,17,,17,NOT COMPLETED,,,,,,,,
3116,CHEMISTRY,Organic Chemistry–Some Basic Principles–Part III III (Purification),JEEVAN.JOSHY,2026,OFFLINE,MCX,,BATCH25,,10,,10,NOT COMPLETED,,,,,,,,
3117,CHEMISTRY,Organic Chemistry–Some Basic Principles–Part III III (Purification),JEEVAN.JOSHY,2026,OFFLINE,MCX,,BATCH25,,15,,15,NOT COMPLETED,,,,,,,,
3118,PHYSICS,Oscillations,JEEVAN.JOSHY,2026,OFFLINE,PDZ,,BATCH25,,9,,9,NOT COMPLETED,,,,,,,,
3119,PHYSICS,Oscillations,JEEVAN.JOSHY,2026,OFFLINE,PDZ,,BATCH25,,17,,17,NOT COMPLETED,,,,,,,,
3120,PHYSICS,Oscillations,JEEVAN.JOSHY,2026,OFFLINE,PDZ,,BATCH25,,7,,7,NOT COMPLETED,,,,,,,,
3121,MATHS,"Permutation, Combination and Binomial Theorem",JEEVAN.JOSHY,2026,OFFLINE,MBE,,BATCH25,,17,,17,NOT COMPLETED,,,,,,,,
3122,MATHS,"Permutation, Combination and Binomial Theorem",JEEVAN.JOSHY,2026,OFFLINE,MBE,,BATCH25,,9,,9,NOT COMPLETED,,,,,,,,
3123,PHYSICS,"Physical World, Units and Measurements",JEEVAN.JOSHY,2026,OFFLINE,BCK,,BATCH25,,9,,9,NOT COMPLETED,,,,,,,,
3124,PHYSICS,"Physical World, Units and Measurements",JEEVAN.JOSHY,2026,OFFLINE,BCK,,BATCH25,,12,,12,NOT COMPLETED,,,,,,,,
3125,BOTANY,Plant Growth and Development,JEEVAN.JOSHY,2026,OFFLINE,CBF,,BATCH25,,10,,10,NOT COMPLETED,,,,,,,,
3126,BOTANY,Plant Growth and Development,JEEVAN.JOSHY,2026,OFFLINE,CBF,,BATCH25,,14,,14,NOT COMPLETED,,,,,,,,
3127,BOTANY,Plant Kingdom,JEEVAN.JOSHY,2026,OFFLINE,PBX,,BATCH25,,12,,12,NOT COMPLETED,,,,,,,,
3128,BOTANY,Plant Kingdom,JEEVAN.JOSHY,2026,OFFLINE,PBX,,BATCH25,,10,,10,NOT COMPLETED,,,,,,,,
3129,CHEMISTRY,Practical Chemistry,JEEVAN.JOSHY,2026,OFFLINE,BDP,,BATCH25,,9,,9,NOT COMPLETED,,,,,,,,
3130,CHEMISTRY,Practical Chemistry,JEEVAN.JOSHY,2026,OFFLINE,BDP,,BATCH25,,26,,26,NOT COMPLETED,,,,,,,,
3131,ZOOLOGY,Principles of Inheritance and Variation,JEEVAN.JOSHY,2026,OFFLINE,CCL,,BATCH25,,14,,14,NOT COMPLETED,,,,,,,,
3132,ZOOLOGY,Principles of Inheritance and Variation,JEEVAN.JOSHY,2026,OFFLINE,CCL,,BATCH25,,12,,12,NOT COMPLETED,,,,,,,,
3133,ZOOLOGY,Principles of Inheritance and Variation,JEEVAN.JOSHY,2026,OFFLINE,CCL,,BATCH25,,14,,14,NOT COMPLETED,,,,,,,,
3134,CHEMISTRY,Redox Reaction,JEEVAN.JOSHY,2026,OFFLINE,CDU,,BATCH25,,9,,9,NOT COMPLETED,,,,,,,,
3135,CHEMISTRY,Redox Reaction,JEEVAN.JOSHY,2026,OFFLINE,CDU,,BATCH25,,21,,21,NOT COMPLETED,,,,,,,,
3136,ZOOLOGY,Reproductive Health,JEEVAN.JOSHY,2026,OFFLINE,BBA,,BATCH25,,15,,15,NOT COMPLETED,,,,,,,,
3137,ZOOLOGY,Reproductive Health,JEEVAN.JOSHY,2026,OFFLINE,BBA,,BATCH25,,5,,5,NOT COMPLETED,,,,,,,,
3138,BOTANY,Respiration in Plants,JEEVAN.JOSHY,2026,OFFLINE,PBF,,BATCH25,,14,,14,NOT COMPLETED,,,,,,,,
3139,BOTANY,Respiration in Plants,JEEVAN.JOSHY,2026,OFFLINE,PBF,,BATCH25,,17,,17,NOT COMPLETED,,,,,,,,
3140,PHYSICS,Semiconductor Electronics,JEEVAN.JOSHY,2026,OFFLINE,ZAD,,BATCH25,,10,,10,NOT COMPLETED,,,,,,,,
3141,PHYSICS,Semiconductor Electronics,JEEVAN.JOSHY,2026,OFFLINE,ZAD,,BATCH25,,14,,14,NOT COMPLETED,,,,,,,,
3142,PHYSICS,Semiconductor Electronics,JEEVAN.JOSHY,2026,OFFLINE,ZAD,,BATCH25,,9,,9,NOT COMPLETED,,,,,,,,
3143,CHEMISTRY,Solutions,JEEVAN.JOSHY,2026,OFFLINE,CAW,,BATCH25,,7,,7,NOT COMPLETED,,,,,,,,
3144,CHEMISTRY,Solutions,JEEVAN.JOSHY,2026,OFFLINE,CAW,,BATCH25,,31,,31,NOT COMPLETED,,,,,,,,
3145,CHEMISTRY,Solutions,JEEVAN.JOSHY,2026,OFFLINE,CAW,,BATCH25,,12,,12,NOT COMPLETED,,,,,,,,
3146,CHEMISTRY,Some Basic Concepts of Chemistry,JEEVAN.JOSHY,2026,OFFLINE,MCT,,BATCH25,,7,,7,NOT COMPLETED,,,,,,,,
3147,CHEMISTRY,Some Basic Concepts of Chemistry,JEEVAN.JOSHY,2026,OFFLINE,MCT,,BATCH25,,15,,15,NOT COMPLETED,,,,,,,,
3148,MATHS,Statistics,JEEVAN.JOSHY,2026,OFFLINE,MBR,,BATCH25,,12,,12,NOT COMPLETED,,,,,,,,
3149,MATHS,Statistics,JEEVAN.JOSHY,2026,OFFLINE,MBR,,BATCH25,,10,,10,NOT COMPLETED,,,,,,,,
3150,MATHS,Statistics,JEEVAN.JOSHY,2026,OFFLINE,MBR,,BATCH25,,9,,9,NOT COMPLETED,,,,,,,,
3151,MATHS,Straight Lines,JEEVAN.JOSHY,2026,OFFLINE,PDC,,BATCH25,,14,,14,NOT COMPLETED,,,,,,,,
3152,MATHS,Straight Lines,JEEVAN.JOSHY,2026,OFFLINE,PDC,,BATCH25,,10,,10,NOT COMPLETED,,,,,,,,
3153,MATHS,Straight Lines,JEEVAN.JOSHY,2026,OFFLINE,PDC,,BATCH25,,24,,24,NOT COMPLETED,,,,,,,,
3154,ZOOLOGY,Structural organisation in Animals Animal Tissue,JEEVAN.JOSHY,2026,OFFLINE,BAV,,BATCH25,,14,,14,NOT COMPLETED,,,,,,,,
3155,ZOOLOGY,Structural organisation in Animals Animal Tissue,JEEVAN.JOSHY,2026,OFFLINE,BAV,,BATCH25,,9,,9,NOT COMPLETED,,,,,,,,
3156,CHEMISTRY,Structure of Atoms,JEEVAN.JOSHY,2026,OFFLINE,ZDH,,BATCH25,,12,,12,NOT COMPLETED,,,,,,,,
3157,CHEMISTRY,Structure of Atoms,JEEVAN.JOSHY,2026,OFFLINE,ZDH,,BATCH25,,19,,19,NOT COMPLETED,,,,,,,,
3158,CHEMISTRY,The d and f Block Block Elements,JEEVAN.JOSHY,2026,OFFLINE,MDK,,BATCH25,,9,,9,NOT COMPLETED,,,,,,,,
3159,CHEMISTRY,The d and f Block Block Elements,JEEVAN.JOSHY,2026,OFFLINE,MDK,,BATCH25,,21,,21,NOT COMPLETED,,,,,,,,
3160,CHEMISTRY,The d and f Block Block Elements,JEEVAN.JOSHY,2026,OFFLINE,MDK,,BATCH25,,9,,9,NOT COMPLETED,,,,,,,,
3161,ZOOLOGY,The Living World,JEEVAN.JOSHY,2026,OFFLINE,MAH,,BATCH25,,9,,9,NOT COMPLETED,,,,,,,,
3162,ZOOLOGY,The Living World,JEEVAN.JOSHY,2026,OFFLINE,MAH,,BATCH25,,10,,10,NOT COMPLETED,,,,,,,,
3163,CHEMISTRY,The p Block Elements (XI) (XI) & (XII),JEEVAN.JOSHY,2026,OFFLINE,CAI,,BATCH25,,9,,9,NOT COMPLETED,,,,,,,,
3164,CHEMISTRY,The p Block Elements (XI) (XI) & (XII),JEEVAN.JOSHY,2026,OFFLINE,CAI,,BATCH25,,17,,17,NOT COMPLETED,,,,,,,,
3165,MATHS,Theory of Probability,JEEVAN.JOSHY,2026,OFFLINE,MBW,,BATCH25,,14,,14,NOT COMPLETED,,,,,,,,
3166,MATHS,Theory of Probability,JEEVAN.JOSHY,2026,OFFLINE,MBW,,BATCH25,,15,,15,NOT COMPLETED,,,,,,,,
3167,MATHS,Three Dimensional Geometry,JEEVAN.JOSHY,2026,OFFLINE,CDH,,BATCH25,,17,,17,NOT COMPLETED,,,,,,,,
3168,MATHS,Three Dimensional Geometry,JEEVAN.JOSHY,2026,OFFLINE,CDH,,BATCH25,,10,,10,NOT COMPLETED,,,,,,,,
3169,MATHS,Three Dimensional Geometry,JEEVAN.JOSHY,2026,OFFLINE,CDH,,BATCH25,,15,,15,NOT COMPLETED,,,,,,,,
3170,MATHS,Trigonometry I,JEEVAN.JOSHY,2026,OFFLINE,ZCB,,BATCH25,,24,,24,NOT COMPLETED,,,,,,,,
3171,MATHS,Trigonometry I,JEEVAN.JOSHY,2026,OFFLINE,ZCB,,BATCH25,,9,,9,NOT COMPLETED,,,,,,,,
3172,MATHS,Trigonometry II,JEEVAN.JOSHY,2026,OFFLINE,ZCG,,BATCH25,,26,,26,NOT COMPLETED,,,,,,,,
3173,MATHS,Trigonometry II,JEEVAN.JOSHY,2026,OFFLINE,ZCG,,BATCH25,,7,,7,NOT COMPLETED,,,,,,,,
3174,MATHS,Vectors,JEEVAN.JOSHY,2026,OFFLINE,BBW,,BATCH25,,15,,15,NOT COMPLETED,,,,,,,,
3175,MATHS,Vectors,JEEVAN.JOSHY,2026,OFFLINE,BBW,,BATCH25,,12,,12,NOT COMPLETED,,,,,,,,
3176,PHYSICS,Wave Optics,JEEVAN.JOSHY,2026,OFFLINE,ZDP,,BATCH25,,7,,7,NOT COMPLETED,,,,,,,,
3177,PHYSICS,Wave Optics,JEEVAN.JOSHY,2026,OFFLINE,ZDP,,BATCH25,,21,,21,NOT COMPLETED,,,,,,,,
3178,PHYSICS,Wave Optics,JEEVAN.JOSHY,2026,OFFLINE,ZDP,,BATCH25,,12,,12,NOT COMPLETED,,,,,,,,
3179,PHYSICS,Waves,JEEVAN.JOSHY,2026,OFFLINE,PBK,,BATCH25,,9,,9,NOT COMPLETED,,,,,,,,
3180,PHYSICS,Waves,JEEVAN.JOSHY,2026,OFFLINE,PBK,,BATCH25,,14,,14,NOT COMPLETED,,,,,,,,
3181,PHYSICS,Work Energy & Power,JEEVAN.JOSHY,2026,OFFLINE,PDL,,BATCH25,,9,,9,NOT COMPLETED,,,,,,,,
3182,PHYSICS,Work Energy & Power,JEEVAN.JOSHY,2026,OFFLINE,PDL,,BATCH25,,14,,14,NOT COMPLETED,,,,,,,,
3183,CHEMISTRY,"Alcohols, Phenols and Ethers",DONA.MERIN.JOSE,2026,OFFLINE,MDN,,BATCH3,,14,,14,NOT COMPLETED,,,,,,,,
3184,CHEMISTRY,"Alcohols, Phenols and Ethers",DONA.MERIN.JOSE,2026,OFFLINE,MDN,,BATCH3,,14,,14,NOT COMPLETED,,,,,,,,
3185,CHEMISTRY,"Alcohols, Phenols and Ethers",DONA.MERIN.JOSE,2026,OFFLINE,MDN,,BATCH3,,9,,9,NOT COMPLETED,,,,,,,,
3186,CHEMISTRY,Aldehydes and Ketones,DONA.MERIN.JOSE,2026,OFFLINE,BAB,,BATCH3,,12,,12,NOT COMPLETED,,,,,,,,
3187,CHEMISTRY,Aldehydes and Ketones,DONA.MERIN.JOSE,2026,OFFLINE,BAB,,BATCH3,,14,,14,NOT COMPLETED,,,,,,,,
3188,CHEMISTRY,Amines,DONA.MERIN.JOSE,2026,OFFLINE,MAB,,BATCH3,,15,,15,NOT COMPLETED,,,,,,,,
3189,CHEMISTRY,Amines,DONA.MERIN.JOSE,2026,OFFLINE,MAB,,BATCH3,,19,,19,NOT COMPLETED,,,,,,,,
3190,CHEMISTRY,Amines,DONA.MERIN.JOSE,2026,OFFLINE,MAB,,BATCH3,,10,,10,NOT COMPLETED,,,,,,,,
3191,BOTANY,Anatomy of Flowering Plants,DONA.MERIN.JOSE,2026,OFFLINE,ZBD,,BATCH3,,12,,12,NOT COMPLETED,,,,,,,,
3192,BOTANY,Anatomy of Flowering Plants,DONA.MERIN.JOSE,2026,OFFLINE,ZBD,,BATCH3,,12,,12,NOT COMPLETED,,,,,,,,
3193,BOTANY,Anatomy of Flowering Plants,DONA.MERIN.JOSE,2026,OFFLINE,ZBD,,BATCH3,,10,,10,NOT COMPLETED,,,,,,,,
3194,ZOOLOGY,Animal Kingdom Phylum Chordata,DONA.MERIN.JOSE,2026,OFFLINE,CBV,,BATCH3,,15,,15,NOT COMPLETED,,,,,,,,
3195,ZOOLOGY,Animal Kingdom Phylum Chordata,DONA.MERIN.JOSE,2026,OFFLINE,CBV,,BATCH3,,10,,10,NOT COMPLETED,,,,,,,,
3196,ZOOLOGY,Animal Kingdom Phylum Chordata,DONA.MERIN.JOSE,2026,OFFLINE,CBV,,BATCH3,,17,,17,NOT COMPLETED,,,,,,,,
3197,ZOOLOGY,Biodiversity and Conservation,DONA.MERIN.JOSE,2026,OFFLINE,ZBQ,,BATCH3,,9,,9,NOT COMPLETED,,,,,,,,
3198,ZOOLOGY,Biodiversity and Conservation,DONA.MERIN.JOSE,2026,OFFLINE,ZBQ,,BATCH3,,7,,7,NOT COMPLETED,,,,,,,,
3199,BOTANY,Biological Classification,DONA.MERIN.JOSE,2026,OFFLINE,BAP,,BATCH3,,12,,12,NOT COMPLETED,,,,,,,,
3200,BOTANY,Biological Classification,DONA.MERIN.JOSE,2026,OFFLINE,BAP,,BATCH3,,21,,21,NOT COMPLETED,,,,,,,,
3201,BOTANY,Biological Classification,DONA.MERIN.JOSE,2026,OFFLINE,BAP,,BATCH3,,10,,10,NOT COMPLETED,,,,,,,,
3202,ZOOLOGY,Biomolecules,DONA.MERIN.JOSE,2026,OFFLINE,PCI,,BATCH3,,14,,14,NOT COMPLETED,,,,,,,,
3203,CHEMISTRY,Biomolecules,DONA.MERIN.JOSE,2026,OFFLINE,ZAP,,BATCH3,,10,,10,NOT COMPLETED,,,,,,,,
3204,ZOOLOGY,Biomolecules,DONA.MERIN.JOSE,2026,OFFLINE,PCI,,BATCH3,,10,,10,NOT COMPLETED,,,,,,,,
3205,CHEMISTRY,Biomolecules,DONA.MERIN.JOSE,2026,OFFLINE,ZAP,,BATCH3,,12,,12,NOT COMPLETED,,,,,,,,
3206,ZOOLOGY,Biomolecules,DONA.MERIN.JOSE,2026,OFFLINE,PCI,,BATCH3,,10,,10,NOT COMPLETED,,,,,,,,
3207,BOTANY,Biotechnology : Principles and processes,DONA.MERIN.JOSE,2026,OFFLINE,BAT,,BATCH3,,14,,14,NOT COMPLETED,,,,,,,,
3208,BOTANY,Biotechnology : Principles and processes,DONA.MERIN.JOSE,2026,OFFLINE,BAT,,BATCH3,,9,,9,NOT COMPLETED,,,,,,,,
3209,BOTANY,Biotechnology and its Applications,DONA.MERIN.JOSE,2026,OFFLINE,CBI,,BATCH3,,12,,12,NOT COMPLETED,,,,,,,,
3210,BOTANY,Biotechnology and its Applications,DONA.MERIN.JOSE,2026,OFFLINE,CBI,,BATCH3,,9,,9,NOT COMPLETED,,,,,,,,
3211,ZOOLOGY,Breathing and Exchange of Gases,DONA.MERIN.JOSE,2026,OFFLINE,BAY,,BATCH3,,15,,15,NOT COMPLETED,,,,,,,,
3212,ZOOLOGY,Breathing and Exchange of Gases,DONA.MERIN.JOSE,2026,OFFLINE,BAY,,BATCH3,,9,,9,NOT COMPLETED,,,,,,,,
3213,BOTANY,Cell : The unit of life,DONA.MERIN.JOSE,2026,OFFLINE,MDR,,BATCH3,,14,,14,NOT COMPLETED,,,,,,,,
3214,BOTANY,Cell : The unit of life,DONA.MERIN.JOSE,2026,OFFLINE,MDR,,BATCH3,,29,,29,NOT COMPLETED,,,,,,,,
3215,BOTANY,Cell Cycle and Cell Division,DONA.MERIN.JOSE,2026,OFFLINE,BAG,,BATCH3,,17,,17,NOT COMPLETED,,,,,,,,
3216,BOTANY,Cell Cycle and Cell Division,DONA.MERIN.JOSE,2026,OFFLINE,BAG,,BATCH3,,14,,14,NOT COMPLETED,,,,,,,,
3217,CHEMISTRY,Chemical and Ionic Equilibrium,DONA.MERIN.JOSE,2026,OFFLINE,PAC,,BATCH3,,9,,9,NOT COMPLETED,,,,,,,,
3218,CHEMISTRY,Chemical and Ionic Equilibrium,DONA.MERIN.JOSE,2026,OFFLINE,PAC,,BATCH3,,14,,14,NOT COMPLETED,,,,,,,,
3219,CHEMISTRY,Chemical Bonding and Molecular Structure  Structure,DONA.MERIN.JOSE,2026,OFFLINE,MCV,,BATCH3,,9,,9,NOT COMPLETED,,,,,,,,
3220,CHEMISTRY,Chemical Bonding and Molecular Structure  Structure,DONA.MERIN.JOSE,2026,OFFLINE,MCV,,BATCH3,,12,,12,NOT COMPLETED,,,,,,,,
3221,ZOOLOGY,Chemical Coordination and Integration,DONA.MERIN.JOSE,2026,OFFLINE,BBL,,BATCH3,,12,,12,NOT COMPLETED,,,,,,,,
3222,ZOOLOGY,Chemical Coordination and Integration,DONA.MERIN.JOSE,2026,OFFLINE,BBL,,BATCH3,,9,,9,NOT COMPLETED,,,,,,,,
3223,ZOOLOGY,Chemical Coordination and Integration,DONA.MERIN.JOSE,2026,OFFLINE,BBL,,BATCH3,,9,,9,NOT COMPLETED,,,,,,,,
3224,MATHS,Circles,DONA.MERIN.JOSE,2026,OFFLINE,PBR,,BATCH3,,15,,15,NOT COMPLETED,,,,,,,,
3225,MATHS,Circles,DONA.MERIN.JOSE,2026,OFFLINE,PBR,,BATCH3,,10,,10,NOT COMPLETED,,,,,,,,
3226,CHEMISTRY,Classification of Elements and Periodicity Periodicity in Properties,DONA.MERIN.JOSE,2026,OFFLINE,ZAG,,BATCH3,,9,,9,NOT COMPLETED,,,,,,,,
3227,CHEMISTRY,Classification of Elements and Periodicity Periodicity in Properties,DONA.MERIN.JOSE,2026,OFFLINE,ZAG,,BATCH3,,15,,15,NOT COMPLETED,,,,,,,,
3228,CHEMISTRY,Classification of Elements and Periodicity Periodicity in Properties,DONA.MERIN.JOSE,2026,OFFLINE,ZAG,,BATCH3,,12,,12,NOT COMPLETED,,,,,,,,
3229,MATHS,Complex Numbers,DONA.MERIN.JOSE,2026,OFFLINE,ZCE,,BATCH3,,14,,14,NOT COMPLETED,,,,,,,,
3230,MATHS,Complex Numbers,DONA.MERIN.JOSE,2026,OFFLINE,ZCE,,BATCH3,,9,,9,NOT COMPLETED,,,,,,,,
3231,MATHS,"Continuity, Differentiability and Derivatives",DONA.MERIN.JOSE,2026,OFFLINE,PAZ,,BATCH3,,14,,14,NOT COMPLETED,,,,,,,,
3232,MATHS,"Continuity, Differentiability and Derivatives",DONA.MERIN.JOSE,2026,OFFLINE,PAZ,,BATCH3,,9,,9,NOT COMPLETED,,,,,,,,
3233,CHEMISTRY,Coordination Compounds and Organometallics,DONA.MERIN.JOSE,2026,OFFLINE,BDN,,BATCH3,,10,,10,NOT COMPLETED,,,,,,,,
3234,CHEMISTRY,Coordination Compounds and Organometallics,DONA.MERIN.JOSE,2026,OFFLINE,BDN,,BATCH3,,14,,14,NOT COMPLETED,,,,,,,,
3235,PHYSICS,Current Electricity,DONA.MERIN.JOSE,2026,OFFLINE,CAC,,BATCH3,,12,,12,NOT COMPLETED,,,,,,,,
3236,PHYSICS,Current Electricity,DONA.MERIN.JOSE,2026,OFFLINE,CAC,,BATCH3,,14,,14,NOT COMPLETED,,,,,,,,
3237,PHYSICS,Current Electricity,DONA.MERIN.JOSE,2026,OFFLINE,CAC,,BATCH3,,9,,9,NOT COMPLETED,,,,,,,,
3238,MATHS,Differential Equations,DONA.MERIN.JOSE,2026,OFFLINE,PAQ,,BATCH3,,14,,14,NOT COMPLETED,,,,,,,,
3239,MATHS,Differential Equations,DONA.MERIN.JOSE,2026,OFFLINE,PAQ,,BATCH3,,14,,14,NOT COMPLETED,,,,,,,,
3240,PHYSICS,Dual Nature of Matter and Radiation,DONA.MERIN.JOSE,2026,OFFLINE,CDS,,BATCH3,,7,,7,NOT COMPLETED,,,,,,,,
3241,PHYSICS,Dual Nature of Matter and Radiation,DONA.MERIN.JOSE,2026,OFFLINE,CDS,,BATCH3,,14,,14,NOT COMPLETED,,,,,,,,
3242,BOTANY,Ecosystem,DONA.MERIN.JOSE,2026,OFFLINE,ZBH,,BATCH3,,9,,9,NOT COMPLETED,,,,,,,,
3243,BOTANY,Ecosystem,DONA.MERIN.JOSE,2026,OFFLINE,ZBH,,BATCH3,,9,,9,NOT COMPLETED,,,,,,,,
3244,CHEMISTRY,Electrochemistry,DONA.MERIN.JOSE,2026,OFFLINE,MDA,,BATCH3,,10,,10,NOT COMPLETED,,,,,,,,
3245,CHEMISTRY,Electrochemistry,DONA.MERIN.JOSE,2026,OFFLINE,MDA,,BATCH3,,24,,24,NOT COMPLETED,,,,,,,,
3246,PHYSICS,Electromagnetic Induction and Alternating Current,DONA.MERIN.JOSE,2026,OFFLINE,MCR,,BATCH3,,14,,14,NOT COMPLETED,,,,,,,,
3247,PHYSICS,Electromagnetic Induction and Alternating Current,DONA.MERIN.JOSE,2026,OFFLINE,MCR,,BATCH3,,21,,21,NOT COMPLETED,,,,,,,,
3248,PHYSICS,Electromagnetic Induction and Alternating Current,DONA.MERIN.JOSE,2026,OFFLINE,MCR,,BATCH3,,9,,9,NOT COMPLETED,,,,,,,,
3249,PHYSICS,Electromagnetic Waves,DONA.MERIN.JOSE,2026,OFFLINE,ZDF,,BATCH3,,5,,5,NOT COMPLETED,,,,,,,,
3250,PHYSICS,Electromagnetic Waves,DONA.MERIN.JOSE,2026,OFFLINE,ZDF,,BATCH3,,15,,15,NOT COMPLETED,,,,,,,,
3251,ZOOLOGY,Evolution,DONA.MERIN.JOSE,2026,OFFLINE,BBC,,BATCH3,,24,,24,NOT COMPLETED,,,,,,,,
3252,ZOOLOGY,Evolution,DONA.MERIN.JOSE,2026,OFFLINE,BBC,,BATCH3,,7,,7,NOT COMPLETED,,,,,,,,
3253,ZOOLOGY,Excretory Products and Their Elimination,DONA.MERIN.JOSE,2026,OFFLINE,MAX,,BATCH3,,15,,15,NOT COMPLETED,,,,,,,,
3254,ZOOLOGY,Excretory Products and Their Elimination,DONA.MERIN.JOSE,2026,OFFLINE,MAX,,BATCH3,,17,,17,NOT COMPLETED,,,,,,,,
3255,ZOOLOGY,Excretory Products and Their Elimination,DONA.MERIN.JOSE,2026,OFFLINE,MAX,,BATCH3,,12,,12,NOT COMPLETED,,,,,,,,
3256,PHYSICS,Gravitation,DONA.MERIN.JOSE,2026,OFFLINE,ZDB,,BATCH3,,9,,9,NOT COMPLETED,,,,,,,,
3257,PHYSICS,Gravitation,DONA.MERIN.JOSE,2026,OFFLINE,ZDB,,BATCH3,,19,,19,NOT COMPLETED,,,,,,,,
3258,ZOOLOGY,Human Health and Disease,DONA.MERIN.JOSE,2026,OFFLINE,CCN,,BATCH3,,17,,17,NOT COMPLETED,,,,,,,,
3259,ZOOLOGY,Human Health and Disease,DONA.MERIN.JOSE,2026,OFFLINE,CCN,,BATCH3,,9,,9,NOT COMPLETED,,,,,,,,
3260,ZOOLOGY,Human Health and Disease,DONA.MERIN.JOSE,2026,OFFLINE,CCN,,BATCH3,,15,,15,NOT COMPLETED,,,,,,,,
3261,ZOOLOGY,Human Reproduction,DONA.MERIN.JOSE,2026,OFFLINE,CCA,,BATCH3,,21,,21,NOT COMPLETED,,,,,,,,
3262,ZOOLOGY,Human Reproduction,DONA.MERIN.JOSE,2026,OFFLINE,CCA,,BATCH3,,14,,14,NOT COMPLETED,,,,,,,,
3263,MATHS,Integration and its Applications,DONA.MERIN.JOSE,2026,OFFLINE,BCI,,BATCH3,,29,,29,NOT COMPLETED,,,,,,,,
3264,MATHS,Integration and its Applications,DONA.MERIN.JOSE,2026,OFFLINE,BCI,,BATCH3,,12,,12,NOT COMPLETED,,,,,,,,
3265,MATHS,Integration and its Applications,DONA.MERIN.JOSE,2026,OFFLINE,BCI,,BATCH3,,17,,17,NOT COMPLETED,,,,,,,,
3266,PHYSICS,Laws of Motion,DONA.MERIN.JOSE,2026,OFFLINE,BCN,,BATCH3,,10,,10,NOT COMPLETED,,,,,,,,
3267,PHYSICS,Laws of Motion,DONA.MERIN.JOSE,2026,OFFLINE,BCN,,BATCH3,,12,,12,NOT COMPLETED,,,,,,,,
3268,MATHS,Limits of Real Functions,DONA.MERIN.JOSE,2026,OFFLINE,MBU,,BATCH3,,10,,10,NOT COMPLETED,,,,,,,,
3269,MATHS,Limits of Real Functions,DONA.MERIN.JOSE,2026,OFFLINE,MBU,,BATCH3,,10,,10,NOT COMPLETED,,,,,,,,
3270,MATHS,Limits of Real Functions,DONA.MERIN.JOSE,2026,OFFLINE,MBU,,BATCH3,,7,,7,NOT COMPLETED,,,,,,,,
3271,MATHS,Linear Inequations and Inequalities,DONA.MERIN.JOSE,2026,OFFLINE,CCE,,BATCH3,,7,,7,NOT COMPLETED,,,,,,,,
3272,MATHS,Linear Inequations and Inequalities,DONA.MERIN.JOSE,2026,OFFLINE,CCE,,BATCH3,,9,,9,NOT COMPLETED,,,,,,,,
3273,MATHS,Linear Programming,DONA.MERIN.JOSE,2026,OFFLINE,BBZ,,BATCH3,,7,,7,NOT COMPLETED,,,,,,,,
3274,MATHS,Linear Programming,DONA.MERIN.JOSE,2026,OFFLINE,BBZ,,BATCH3,,10,,10,NOT COMPLETED,,,,,,,,
3275,ZOOLOGY,Locomotion and Movement,DONA.MERIN.JOSE,2026,OFFLINE,ZBM,,BATCH3,,19,,19,NOT COMPLETED,,,,,,,,
3276,ZOOLOGY,Locomotion and Movement,DONA.MERIN.JOSE,2026,OFFLINE,ZBM,,BATCH3,,12,,12,NOT COMPLETED,,,,,,,,
3277,MATHS,Logarithm,DONA.MERIN.JOSE,2026,OFFLINE,CDK,,BATCH3,,9,,9,NOT COMPLETED,,,,,,,,
3278,MATHS,Logarithm,DONA.MERIN.JOSE,2026,OFFLINE,CDK,,BATCH3,,9,,9,NOT COMPLETED,,,,,,,,
3279,MATHS,Logarithm,DONA.MERIN.JOSE,2026,OFFLINE,CDK,,BATCH3,,26,,26,NOT COMPLETED,,,,,,,,
3280,PHYSICS,Mechanical Properties of Solids & Fluids,DONA.MERIN.JOSE,2026,OFFLINE,PDO,,BATCH3,,12,,12,NOT COMPLETED,,,,,,,,
3281,PHYSICS,Mechanical Properties of Solids & Fluids,DONA.MERIN.JOSE,2026,OFFLINE,PDO,,BATCH3,,14,,14,NOT COMPLETED,,,,,,,,
3282,ZOOLOGY,Microbes in Human Welfare,DONA.MERIN.JOSE,2026,OFFLINE,MBC,,BATCH3,,15,,15,NOT COMPLETED,,,,,,,,
3283,ZOOLOGY,Microbes in Human Welfare,DONA.MERIN.JOSE,2026,OFFLINE,MBC,,BATCH3,,10,,10,NOT COMPLETED,,,,,,,,
3284,ZOOLOGY,Molecular Basis of Inheritance,DONA.MERIN.JOSE,2026,OFFLINE,PCN,,BATCH3,,17,,17,NOT COMPLETED,,,,,,,,
3285,ZOOLOGY,Molecular Basis of Inheritance,DONA.MERIN.JOSE,2026,OFFLINE,PCN,,BATCH3,,7,,7,NOT COMPLETED,,,,,,,,
3286,PHYSICS,Motion in a Plane,DONA.MERIN.JOSE,2026,OFFLINE,PDX,,BATCH3,,9,,9,NOT COMPLETED,,,,,,,,
3287,PHYSICS,Motion in a Plane,DONA.MERIN.JOSE,2026,OFFLINE,PDX,,BATCH3,,14,,14,NOT COMPLETED,,,,,,,,
3288,PHYSICS,Motion in a Plane,DONA.MERIN.JOSE,2026,OFFLINE,PDX,,BATCH3,,14,,14,NOT COMPLETED,,,,,,,,
3289,PHYSICS,Motion in a Straight Line,DONA.MERIN.JOSE,2026,OFFLINE,ZCN,,BATCH3,,9,,9,NOT COMPLETED,,,,,,,,
3290,PHYSICS,Motion in a Straight Line,DONA.MERIN.JOSE,2026,OFFLINE,ZCN,,BATCH3,,12,,12,NOT COMPLETED,,,,,,,,
3291,PHYSICS,Moving Charges and Magnetism,DONA.MERIN.JOSE,2026,OFFLINE,BCR,,BATCH3,,12,,12,NOT COMPLETED,,,,,,,,
3292,PHYSICS,Moving Charges and Magnetism,DONA.MERIN.JOSE,2026,OFFLINE,BCR,,BATCH3,,9,,9,NOT COMPLETED,,,,,,,,
3293,CHEMISTRY,Organic Chemistry–Some Basic Principles–Part II II (Reaction Mechanism),DONA.MERIN.JOSE,2026,OFFLINE,PBD,,BATCH3,,10,,10,NOT COMPLETED,,,,,,,,
3294,CHEMISTRY,Organic Chemistry–Some Basic Principles–Part II II (Reaction Mechanism),DONA.MERIN.JOSE,2026,OFFLINE,PBD,,BATCH3,,17,,17,NOT COMPLETED,,,,,,,,
3295,CHEMISTRY,Organic Chemistry–Some Basic Principles–Part III III (Purification),DONA.MERIN.JOSE,2026,OFFLINE,CAL,,BATCH3,,10,,10,NOT COMPLETED,,,,,,,,
3296,CHEMISTRY,Organic Chemistry–Some Basic Principles–Part III III (Purification),DONA.MERIN.JOSE,2026,OFFLINE,CAL,,BATCH3,,15,,15,NOT COMPLETED,,,,,,,,
3297,PHYSICS,Oscillations,DONA.MERIN.JOSE,2026,OFFLINE,CDP,,BATCH3,,9,,9,NOT COMPLETED,,,,,,,,
3298,PHYSICS,Oscillations,DONA.MERIN.JOSE,2026,OFFLINE,CDP,,BATCH3,,17,,17,NOT COMPLETED,,,,,,,,
3299,MATHS,"Permutation, Combination and Binomial Theorem",DONA.MERIN.JOSE,2026,OFFLINE,PCR,,BATCH3,,17,,17,NOT COMPLETED,,,,,,,,
3300,MATHS,"Permutation, Combination and Binomial Theorem",DONA.MERIN.JOSE,2026,OFFLINE,PCR,,BATCH3,,9,,9,NOT COMPLETED,,,,,,,,
3301,BOTANY,Photosynthesis in Higher Plants,DONA.MERIN.JOSE,2026,OFFLINE,CBR,,BATCH3,,19,,19,NOT COMPLETED,,,,,,,,
3302,BOTANY,Photosynthesis in Higher Plants,DONA.MERIN.JOSE,2026,OFFLINE,CBR,,BATCH3,,15,,15,NOT COMPLETED,,,,,,,,
3303,BOTANY,Photosynthesis in Higher Plants,DONA.MERIN.JOSE,2026,OFFLINE,CBR,,BATCH3,,12,,12,NOT COMPLETED,,,,,,,,
3304,PHYSICS,"Physical World, Units and Measurements",DONA.MERIN.JOSE,2026,OFFLINE,MBZ,,BATCH3,,9,,9,NOT COMPLETED,,,,,,,,
3305,PHYSICS,"Physical World, Units and Measurements",DONA.MERIN.JOSE,2026,OFFLINE,MBZ,,BATCH3,,12,,12,NOT COMPLETED,,,,,,,,
3306,BOTANY,Plant Growth and Development,DONA.MERIN.JOSE,2026,OFFLINE,ZAU,,BATCH3,,10,,10,NOT COMPLETED,,,,,,,,
3307,BOTANY,Plant Growth and Development,DONA.MERIN.JOSE,2026,OFFLINE,ZAU,,BATCH3,,14,,14,NOT COMPLETED,,,,,,,,
3308,BOTANY,Plant Kingdom,DONA.MERIN.JOSE,2026,OFFLINE,CBD,,BATCH3,,12,,12,NOT COMPLETED,,,,,,,,
3309,BOTANY,Plant Kingdom,DONA.MERIN.JOSE,2026,OFFLINE,CBD,,BATCH3,,10,,10,NOT COMPLETED,,,,,,,,
3310,ZOOLOGY,Principles of Inheritance and Variation,DONA.MERIN.JOSE,2026,OFFLINE,ZBZ,,BATCH3,,14,,14,NOT COMPLETED,,,,,,,,
3311,ZOOLOGY,Principles of Inheritance and Variation,DONA.MERIN.JOSE,2026,OFFLINE,ZBZ,,BATCH3,,12,,12,NOT COMPLETED,,,,,,,,
3312,ZOOLOGY,Principles of Inheritance and Variation,DONA.MERIN.JOSE,2026,OFFLINE,ZBZ,,BATCH3,,14,,14,NOT COMPLETED,,,,,,,,
3313,CHEMISTRY,Redox Reaction,DONA.MERIN.JOSE,2026,OFFLINE,ZDK,,BATCH3,,9,,9,NOT COMPLETED,,,,,,,,
3314,CHEMISTRY,Redox Reaction,DONA.MERIN.JOSE,2026,OFFLINE,ZDK,,BATCH3,,21,,21,NOT COMPLETED,,,,,,,,
3315,BOTANY,Respiration in Plants,DONA.MERIN.JOSE,2026,OFFLINE,MAF,,BATCH3,,14,,14,NOT COMPLETED,,,,,,,,
3316,BOTANY,Respiration in Plants,DONA.MERIN.JOSE,2026,OFFLINE,MAF,,BATCH3,,17,,17,NOT COMPLETED,,,,,,,,
3317,PHYSICS,Semiconductor Electronics,DONA.MERIN.JOSE,2026,OFFLINE,ZDS,,BATCH3,,10,,10,NOT COMPLETED,,,,,,,,
3318,PHYSICS,Semiconductor Electronics,DONA.MERIN.JOSE,2026,OFFLINE,ZDS,,BATCH3,,14,,14,NOT COMPLETED,,,,,,,,
3319,PHYSICS,Semiconductor Electronics,DONA.MERIN.JOSE,2026,OFFLINE,ZDS,,BATCH3,,9,,9,NOT COMPLETED,,,,,,,,
3320,CHEMISTRY,Solutions,DONA.MERIN.JOSE,2026,OFFLINE,PAU,,BATCH3,,7,,7,NOT COMPLETED,,,,,,,,
3321,CHEMISTRY,Solutions,DONA.MERIN.JOSE,2026,OFFLINE,PAU,,BATCH3,,31,,31,NOT COMPLETED,,,,,,,,
3322,CHEMISTRY,Some Basic Concepts of Chemistry,DONA.MERIN.JOSE,2026,OFFLINE,CAG,,BATCH3,,7,,7,NOT COMPLETED,,,,,,,,
3323,CHEMISTRY,Some Basic Concepts of Chemistry,DONA.MERIN.JOSE,2026,OFFLINE,CAG,,BATCH3,,15,,15,NOT COMPLETED,,,,,,,,
3324,MATHS,Statistics,DONA.MERIN.JOSE,2026,OFFLINE,PDF,,BATCH3,,12,,12,NOT COMPLETED,,,,,,,,
3325,MATHS,Statistics,DONA.MERIN.JOSE,2026,OFFLINE,PDF,,BATCH3,,10,,10,NOT COMPLETED,,,,,,,,
3326,MATHS,Statistics,DONA.MERIN.JOSE,2026,OFFLINE,PDF,,BATCH3,,9,,9,NOT COMPLETED,,,,,,,,
3327,MATHS,Straight Lines,DONA.MERIN.JOSE,2026,OFFLINE,CCS,,BATCH3,,14,,14,NOT COMPLETED,,,,,,,,
3328,MATHS,Straight Lines,DONA.MERIN.JOSE,2026,OFFLINE,CCS,,BATCH3,,10,,10,NOT COMPLETED,,,,,,,,
3329,MATHS,Straight Lines,DONA.MERIN.JOSE,2026,OFFLINE,CCS,,BATCH3,,24,,24,NOT COMPLETED,,,,,,,,
3330,ZOOLOGY,Structural organisation in Animals Animal Tissue,DONA.MERIN.JOSE,2026,OFFLINE,MAK,,BATCH3,,14,,14,NOT COMPLETED,,,,,,,,
3331,ZOOLOGY,Structural organisation in Animals Animal Tissue,DONA.MERIN.JOSE,2026,OFFLINE,MAK,,BATCH3,,9,,9,NOT COMPLETED,,,,,,,,
3332,CHEMISTRY,Structure of Atoms,DONA.MERIN.JOSE,2026,OFFLINE,BCW,,BATCH3,,12,,12,NOT COMPLETED,,,,,,,,
3333,CHEMISTRY,Structure of Atoms,DONA.MERIN.JOSE,2026,OFFLINE,BCW,,BATCH3,,19,,19,NOT COMPLETED,,,,,,,,
3334,CHEMISTRY,The d and f Block Block Elements,DONA.MERIN.JOSE,2026,OFFLINE,PAL,,BATCH3,,9,,9,NOT COMPLETED,,,,,,,,
3335,CHEMISTRY,The d and f Block Block Elements,DONA.MERIN.JOSE,2026,OFFLINE,PAL,,BATCH3,,21,,21,NOT COMPLETED,,,,,,,,
3336,CHEMISTRY,The d and f Block Block Elements,DONA.MERIN.JOSE,2026,OFFLINE,PAL,,BATCH3,,9,,9,NOT COMPLETED,,,,,,,,
3337,ZOOLOGY,The Living World,DONA.MERIN.JOSE,2026,OFFLINE,MDW,,BATCH3,,9,,9,NOT COMPLETED,,,,,,,,
3338,ZOOLOGY,The Living World,DONA.MERIN.JOSE,2026,OFFLINE,MDW,,BATCH3,,10,,10,NOT COMPLETED,,,,,,,,
3339,CHEMISTRY,The p Block Elements (XI) (XI) & (XII),DONA.MERIN.JOSE,2026,OFFLINE,CDX,,BATCH3,,9,,9,NOT COMPLETED,,,,,,,,
3340,CHEMISTRY,The p Block Elements (XI) (XI) & (XII),DONA.MERIN.JOSE,2026,OFFLINE,CDX,,BATCH3,,17,,17,NOT COMPLETED,,,,,,,,
3341,MATHS,Theory of Probability,DONA.MERIN.JOSE,2026,OFFLINE,PDK,,BATCH3,,14,,14,NOT COMPLETED,,,,,,,,
3342,MATHS,Theory of Probability,DONA.MERIN.JOSE,2026,OFFLINE,PDK,,BATCH3,,15,,15,NOT COMPLETED,,,,,,,,
3343,CHEMISTRY,Thermodynamics and Chemical Energetics,DONA.MERIN.JOSE,2026,OFFLINE,CAU,,BATCH3,,9,,9,NOT COMPLETED,,,,,,,,
3344,CHEMISTRY,Thermodynamics and Chemical Energetics,DONA.MERIN.JOSE,2026,OFFLINE,CAU,,BATCH3,,15,,15,NOT COMPLETED,,,,,,,,
3345,CHEMISTRY,Thermodynamics and Chemical Energetics,DONA.MERIN.JOSE,2026,OFFLINE,CAU,,BATCH3,,5,,5,NOT COMPLETED,,,,,,,,
3346,MATHS,Three Dimensional Geometry,DONA.MERIN.JOSE,2026,OFFLINE,ZCW,,BATCH3,,17,,17,NOT COMPLETED,,,,,,,,
3347,MATHS,Three Dimensional Geometry,DONA.MERIN.JOSE,2026,OFFLINE,ZCW,,BATCH3,,10,,10,NOT COMPLETED,,,,,,,,
3348,MATHS,Three Dimensional Geometry,DONA.MERIN.JOSE,2026,OFFLINE,ZCW,,BATCH3,,15,,15,NOT COMPLETED,,,,,,,,
3349,MATHS,Trigonometry I,DONA.MERIN.JOSE,2026,OFFLINE,BBQ,,BATCH3,,24,,24,NOT COMPLETED,,,,,,,,
3350,MATHS,Trigonometry I,DONA.MERIN.JOSE,2026,OFFLINE,BBQ,,BATCH3,,9,,9,NOT COMPLETED,,,,,,,,
3351,MATHS,Trigonometry II,DONA.MERIN.JOSE,2026,OFFLINE,PBI,,BATCH3,,26,,26,NOT COMPLETED,,,,,,,,
3352,MATHS,Trigonometry II,DONA.MERIN.JOSE,2026,OFFLINE,PBI,,BATCH3,,7,,7,NOT COMPLETED,,,,,,,,
3353,PHYSICS,Wave Optics,DONA.MERIN.JOSE,2026,OFFLINE,BDF,,BATCH3,,7,,7,NOT COMPLETED,,,,,,,,
3354,PHYSICS,Wave Optics,DONA.MERIN.JOSE,2026,OFFLINE,BDF,,BATCH3,,21,,21,NOT COMPLETED,,,,,,,,
3355,PHYSICS,Wave Optics,DONA.MERIN.JOSE,2026,OFFLINE,BDF,,BATCH3,,12,,12,NOT COMPLETED,,,,,,,,
3356,PHYSICS,Waves,DONA.MERIN.JOSE,2026,OFFLINE,MCD,,BATCH3,,9,,9,NOT COMPLETED,,,,,,,,
3357,PHYSICS,Waves,DONA.MERIN.JOSE,2026,OFFLINE,MCD,,BATCH3,,14,,14,NOT COMPLETED,,,,,,,,
3358,PHYSICS,Work Energy & Power,DONA.MERIN.JOSE,2026,OFFLINE,CDB,,BATCH3,,9,,9,NOT COMPLETED,,,,,,,,
3359,PHYSICS,Work Energy & Power,DONA.MERIN.JOSE,2026,OFFLINE,CDB,,BATCH3,,14,,14,NOT COMPLETED,,,,,,,,
3360,CHEMISTRY,Aldehydes and Ketones,RAJESWARY.VISWANATHAN,2026,OFFLINE,MDO,,BATCH4,,12,,12,NOT COMPLETED,,,,,,,,
3361,CHEMISTRY,Aldehydes and Ketones,RAJESWARY.VISWANATHAN,2026,OFFLINE,MDO,,BATCH4,,14,,14,NOT COMPLETED,,,,,,,,
3362,CHEMISTRY,Aldehydes and Ketones,RAJESWARY.VISWANATHAN,2026,OFFLINE,MDO,,BATCH4,,10,,10,NOT COMPLETED,,,,,,,,
3363,ZOOLOGY,Animal Kingdom Non Chordata,RAJESWARY.VISWANATHAN,2026,OFFLINE,MDX,,BATCH4,,21,,21,NOT COMPLETED,,,,,,,,
3364,ZOOLOGY,Animal Kingdom Non Chordata,RAJESWARY.VISWANATHAN,2026,OFFLINE,MDX,,BATCH4,,9,,9,NOT COMPLETED,,,,,,,,
3365,MATHS,Applications of Differentiation,RAJESWARY.VISWANATHAN,2026,OFFLINE,ZCJ,,BATCH4,,12,,12,NOT COMPLETED,,,,,,,,
3366,MATHS,Applications of Differentiation,RAJESWARY.VISWANATHAN,2026,OFFLINE,ZCJ,,BATCH4,,10,,10,NOT COMPLETED,,,,,,,,
3367,PHYSICS,Atoms and Nuclei,RAJESWARY.VISWANATHAN,2026,OFFLINE,CDT,,BATCH4,,9,,9,NOT COMPLETED,,,,,,,,
3368,PHYSICS,Atoms and Nuclei,RAJESWARY.VISWANATHAN,2026,OFFLINE,CDT,,BATCH4,,15,,15,NOT COMPLETED,,,,,,,,
3369,ZOOLOGY,Biodiversity and Conservation,RAJESWARY.VISWANATHAN,2026,OFFLINE,MBD,,BATCH4,,9,,9,NOT COMPLETED,,,,,,,,
3370,ZOOLOGY,Biodiversity and Conservation,RAJESWARY.VISWANATHAN,2026,OFFLINE,MBD,,BATCH4,,7,,7,NOT COMPLETED,,,,,,,,
3371,CHEMISTRY,Biomolecules,RAJESWARY.VISWANATHAN,2026,OFFLINE,MAC,,BATCH4,,10,,10,NOT COMPLETED,,,,,,,,
3372,CHEMISTRY,Biomolecules,RAJESWARY.VISWANATHAN,2026,OFFLINE,MAC,,BATCH4,,12,,12,NOT COMPLETED,,,,,,,,
3373,CHEMISTRY,Biomolecules,RAJESWARY.VISWANATHAN,2026,OFFLINE,MAC,,BATCH4,,10,,10,NOT COMPLETED,,,,,,,,
3374,BOTANY,Biotechnology and its Applications,RAJESWARY.VISWANATHAN,2026,OFFLINE,BAU,,BATCH4,,12,,12,NOT COMPLETED,,,,,,,,
3375,BOTANY,Biotechnology and its Applications,RAJESWARY.VISWANATHAN,2026,OFFLINE,BAU,,BATCH4,,9,,9,NOT COMPLETED,,,,,,,,
3376,ZOOLOGY,Body Fluids and Circulation,RAJESWARY.VISWANATHAN,2026,OFFLINE,BAZ,,BATCH4,,14,,14,NOT COMPLETED,,,,,,,,
3377,ZOOLOGY,Body Fluids and Circulation,RAJESWARY.VISWANATHAN,2026,OFFLINE,BAZ,,BATCH4,,9,,9,NOT COMPLETED,,,,,,,,
3378,ZOOLOGY,Breathing and Exchange of Gases,RAJESWARY.VISWANATHAN,2026,OFFLINE,PCJ,,BATCH4,,15,,15,NOT COMPLETED,,,,,,,,
3379,ZOOLOGY,Breathing and Exchange of Gases,RAJESWARY.VISWANATHAN,2026,OFFLINE,PCJ,,BATCH4,,9,,9,NOT COMPLETED,,,,,,,,
3380,ZOOLOGY,Breathing and Exchange of Gases,RAJESWARY.VISWANATHAN,2026,OFFLINE,PCJ,,BATCH4,,17,,17,NOT COMPLETED,,,,,,,,
3381,CHEMISTRY,Carboxylic Acids and It's Derivatives  Derivatives,RAJESWARY.VISWANATHAN,2026,OFFLINE,BAC,,BATCH4,,10,,10,NOT COMPLETED,,,,,,,,
3382,CHEMISTRY,Carboxylic Acids and It's Derivatives  Derivatives,RAJESWARY.VISWANATHAN,2026,OFFLINE,BAC,,BATCH4,,15,,15,NOT COMPLETED,,,,,,,,
3383,BOTANY,Cell : The unit of life,RAJESWARY.VISWANATHAN,2026,OFFLINE,ZBE,,BATCH4,,14,,14,NOT COMPLETED,,,,,,,,
3384,BOTANY,Cell : The unit of life,RAJESWARY.VISWANATHAN,2026,OFFLINE,ZBE,,BATCH4,,29,,29,NOT COMPLETED,,,,,,,,
3385,BOTANY,Cell : The unit of life,RAJESWARY.VISWANATHAN,2026,OFFLINE,ZBE,,BATCH4,,12,,12,NOT COMPLETED,,,,,,,,
3386,BOTANY,Cell Cycle and Cell Division,RAJESWARY.VISWANATHAN,2026,OFFLINE,MDS,,BATCH4,,17,,17,NOT COMPLETED,,,,,,,,
3387,BOTANY,Cell Cycle and Cell Division,RAJESWARY.VISWANATHAN,2026,OFFLINE,MDS,,BATCH4,,14,,14,NOT COMPLETED,,,,,,,,
3388,CHEMISTRY,Chemical and Ionic Equilibrium,RAJESWARY.VISWANATHAN,2026,OFFLINE,CAV,,BATCH4,,9,,9,NOT COMPLETED,,,,,,,,
3389,CHEMISTRY,Chemical and Ionic Equilibrium,RAJESWARY.VISWANATHAN,2026,OFFLINE,CAV,,BATCH4,,14,,14,NOT COMPLETED,,,,,,,,
3390,CHEMISTRY,Chemical and Ionic Equilibrium,RAJESWARY.VISWANATHAN,2026,OFFLINE,CAV,,BATCH4,,12,,12,NOT COMPLETED,,,,,,,,
3391,CHEMISTRY,Chemical Bonding and Molecular Structure  Structure,RAJESWARY.VISWANATHAN,2026,OFFLINE,ZAH,,BATCH4,,9,,9,NOT COMPLETED,,,,,,,,
3392,CHEMISTRY,Chemical Bonding and Molecular Structure  Structure,RAJESWARY.VISWANATHAN,2026,OFFLINE,ZAH,,BATCH4,,12,,12,NOT COMPLETED,,,,,,,,
3393,CHEMISTRY,Chemical Bonding and Molecular Structure  Structure,RAJESWARY.VISWANATHAN,2026,OFFLINE,ZAH,,BATCH4,,9,,9,NOT COMPLETED,,,,,,,,
3394,CHEMISTRY,Chemical Kinetics,RAJESWARY.VISWANATHAN,2026,OFFLINE,MDB,,BATCH4,,10,,10,NOT COMPLETED,,,,,,,,
3395,CHEMISTRY,Chemical Kinetics,RAJESWARY.VISWANATHAN,2026,OFFLINE,MDB,,BATCH4,,7,,7,NOT COMPLETED,,,,,,,,
3396,MATHS,Circles,RAJESWARY.VISWANATHAN,2026,OFFLINE,CCT,,BATCH4,,15,,15,NOT COMPLETED,,,,,,,,
3397,MATHS,Circles,RAJESWARY.VISWANATHAN,2026,OFFLINE,CCT,,BATCH4,,10,,10,NOT COMPLETED,,,,,,,,
3398,MATHS,Circles,RAJESWARY.VISWANATHAN,2026,OFFLINE,CCT,,BATCH4,,17,,17,NOT COMPLETED,,,,,,,,
3399,CHEMISTRY,Classification of Elements and Periodicity Periodicity in Properties,RAJESWARY.VISWANATHAN,2026,OFFLINE,BCX,,BATCH4,,9,,9,NOT COMPLETED,,,,,,,,
3400,CHEMISTRY,Classification of Elements and Periodicity Periodicity in Properties,RAJESWARY.VISWANATHAN,2026,OFFLINE,BCX,,BATCH4,,15,,15,NOT COMPLETED,,,,,,,,
3401,MATHS,Conic Section,RAJESWARY.VISWANATHAN,2026,OFFLINE,MBH,,BATCH4,,19,,19,NOT COMPLETED,,,,,,,,
3402,MATHS,Conic Section,RAJESWARY.VISWANATHAN,2026,OFFLINE,MBH,,BATCH4,,10,,10,NOT COMPLETED,,,,,,,,
3403,MATHS,"Continuity, Differentiability and Derivatives",RAJESWARY.VISWANATHAN,2026,OFFLINE,MBV,,BATCH4,,14,,14,NOT COMPLETED,,,,,,,,
3404,MATHS,"Continuity, Differentiability and Derivatives",RAJESWARY.VISWANATHAN,2026,OFFLINE,MBV,,BATCH4,,9,,9,NOT COMPLETED,,,,,,,,
3405,MATHS,"Continuity, Differentiability and Derivatives",RAJESWARY.VISWANATHAN,2026,OFFLINE,MBV,,BATCH4,,21,,21,NOT COMPLETED,,,,,,,,
3406,CHEMISTRY,Coordination Compounds and Organometallics,RAJESWARY.VISWANATHAN,2026,OFFLINE,CAZ,,BATCH4,,10,,10,NOT COMPLETED,,,,,,,,
3407,CHEMISTRY,Coordination Compounds and Organometallics,RAJESWARY.VISWANATHAN,2026,OFFLINE,CAZ,,BATCH4,,14,,14,NOT COMPLETED,,,,,,,,
3408,CHEMISTRY,Coordination Compounds and Organometallics,RAJESWARY.VISWANATHAN,2026,OFFLINE,CAZ,,BATCH4,,9,,9,NOT COMPLETED,,,,,,,,
3409,MATHS,Differential Equations,RAJESWARY.VISWANATHAN,2026,OFFLINE,BCJ,,BATCH4,,14,,14,NOT COMPLETED,,,,,,,,
3410,MATHS,Differential Equations,RAJESWARY.VISWANATHAN,2026,OFFLINE,BCJ,,BATCH4,,14,,14,NOT COMPLETED,,,,,,,,
3411,MATHS,Differential Equations,RAJESWARY.VISWANATHAN,2026,OFFLINE,BCJ,,BATCH4,,14,,14,NOT COMPLETED,,,,,,,,
3412,PHYSICS,Dual Nature of Matter and Radiation,RAJESWARY.VISWANATHAN,2026,OFFLINE,BDG,,BATCH4,,7,,7,NOT COMPLETED,,,,,,,,
3413,PHYSICS,Dual Nature of Matter and Radiation,RAJESWARY.VISWANATHAN,2026,OFFLINE,BDG,,BATCH4,,14,,14,NOT COMPLETED,,,,,,,,
3414,PHYSICS,Dual Nature of Matter and Radiation,RAJESWARY.VISWANATHAN,2026,OFFLINE,BDG,,BATCH4,,10,,10,NOT COMPLETED,,,,,,,,
3415,CHEMISTRY,Electrochemistry,RAJESWARY.VISWANATHAN,2026,OFFLINE,ZAL,,BATCH4,,10,,10,NOT COMPLETED,,,,,,,,
3416,CHEMISTRY,Electrochemistry,RAJESWARY.VISWANATHAN,2026,OFFLINE,ZAL,,BATCH4,,24,,24,NOT COMPLETED,,,,,,,,
3417,PHYSICS,Electromagnetic Waves,RAJESWARY.VISWANATHAN,2026,OFFLINE,MCS,,BATCH4,,5,,5,NOT COMPLETED,,,,,,,,
3418,PHYSICS,Electromagnetic Waves,RAJESWARY.VISWANATHAN,2026,OFFLINE,MCS,,BATCH4,,15,,15,NOT COMPLETED,,,,,,,,
3419,PHYSICS,Electromagnetic Waves,RAJESWARY.VISWANATHAN,2026,OFFLINE,MCS,,BATCH4,,10,,10,NOT COMPLETED,,,,,,,,
3420,PHYSICS,Electrostatics,RAJESWARY.VISWANATHAN,2026,OFFLINE,MCE,,BATCH4,,17,,17,NOT COMPLETED,,,,,,,,
3421,PHYSICS,Electrostatics,RAJESWARY.VISWANATHAN,2026,OFFLINE,MCE,,BATCH4,,12,,12,NOT COMPLETED,,,,,,,,
3422,ZOOLOGY,Evolution,RAJESWARY.VISWANATHAN,2026,OFFLINE,PCO,,BATCH4,,24,,24,NOT COMPLETED,,,,,,,,
3423,ZOOLOGY,Evolution,RAJESWARY.VISWANATHAN,2026,OFFLINE,PCO,,BATCH4,,7,,7,NOT COMPLETED,,,,,,,,
3424,CHEMISTRY,Halo Alkanes and Halo Arenes  Arenes,RAJESWARY.VISWANATHAN,2026,OFFLINE,BDO,,BATCH4,,12,,12,NOT COMPLETED,,,,,,,,
3425,CHEMISTRY,Halo Alkanes and Halo Arenes  Arenes,RAJESWARY.VISWANATHAN,2026,OFFLINE,BDO,,BATCH4,,17,,17,NOT COMPLETED,,,,,,,,
3426,ZOOLOGY,Human Health and Disease,RAJESWARY.VISWANATHAN,2026,OFFLINE,BBD,,BATCH4,,17,,17,NOT COMPLETED,,,,,,,,
3427,ZOOLOGY,Human Health and Disease,RAJESWARY.VISWANATHAN,2026,OFFLINE,BBD,,BATCH4,,9,,9,NOT COMPLETED,,,,,,,,
3428,ZOOLOGY,Human Reproduction,RAJESWARY.VISWANATHAN,2026,OFFLINE,BBM,,BATCH4,,21,,21,NOT COMPLETED,,,,,,,,
3429,ZOOLOGY,Human Reproduction,RAJESWARY.VISWANATHAN,2026,OFFLINE,BBM,,BATCH4,,14,,14,NOT COMPLETED,,,,,,,,
3430,ZOOLOGY,Human Reproduction,RAJESWARY.VISWANATHAN,2026,OFFLINE,BBM,,BATCH4,,21,,21,NOT COMPLETED,,,,,,,,
3431,CHEMISTRY,Hydrocarbons,RAJESWARY.VISWANATHAN,2026,OFFLINE,CAM,,BATCH4,,10,,10,NOT COMPLETED,,,,,,,,
3432,CHEMISTRY,Hydrocarbons,RAJESWARY.VISWANATHAN,2026,OFFLINE,CAM,,BATCH4,,9,,9,NOT COMPLETED,,,,,,,,
3433,PHYSICS,Laws of Motion,RAJESWARY.VISWANATHAN,2026,OFFLINE,PDY,,BATCH4,,10,,10,NOT COMPLETED,,,,,,,,
3434,PHYSICS,Laws of Motion,RAJESWARY.VISWANATHAN,2026,OFFLINE,PDY,,BATCH4,,12,,12,NOT COMPLETED,,,,,,,,
3435,PHYSICS,Laws of Motion,RAJESWARY.VISWANATHAN,2026,OFFLINE,PDY,,BATCH4,,12,,12,NOT COMPLETED,,,,,,,,
3436,MATHS,Linear Inequations and Inequalities,RAJESWARY.VISWANATHAN,2026,OFFLINE,BBR,,BATCH4,,7,,7,NOT COMPLETED,,,,,,,,
3437,MATHS,Linear Inequations and Inequalities,RAJESWARY.VISWANATHAN,2026,OFFLINE,BBR,,BATCH4,,9,,9,NOT COMPLETED,,,,,,,,
3438,MATHS,Linear Programming,RAJESWARY.VISWANATHAN,2026,OFFLINE,PAH,,BATCH4,,7,,7,NOT COMPLETED,,,,,,,,
3439,MATHS,Linear Programming,RAJESWARY.VISWANATHAN,2026,OFFLINE,PAH,,BATCH4,,10,,10,NOT COMPLETED,,,,,,,,
3440,ZOOLOGY,Locomotion and Movement,RAJESWARY.VISWANATHAN,2026,OFFLINE,MAY,,BATCH4,,19,,19,NOT COMPLETED,,,,,,,,
3441,ZOOLOGY,Locomotion and Movement,RAJESWARY.VISWANATHAN,2026,OFFLINE,JUNE,,BATCH4,,12,,12,NOT COMPLETED,,,,,,,,
3442,ZOOLOGY,Locomotion and Movement,RAJESWARY.VISWANATHAN,2026,OFFLINE,JULY,,BATCH4,,14,,14,NOT COMPLETED,,,,,,,,
3443,MATHS,Logarithm,RAJESWARY.VISWANATHAN,2026,OFFLINE,BCA,,BATCH4,,9,,9,NOT COMPLETED,,,,,,,,
3444,MATHS,Logarithm,RAJESWARY.VISWANATHAN,2026,OFFLINE,BCA,,BATCH4,,9,,9,NOT COMPLETED,,,,,,,,
3445,PHYSICS,Magnetism and Matter,RAJESWARY.VISWANATHAN,2026,OFFLINE,BCS,,BATCH4,,9,,9,NOT COMPLETED,,,,,,,,
3446,PHYSICS,Magnetism and Matter,RAJESWARY.VISWANATHAN,2026,OFFLINE,BCS,,BATCH4,,9,,9,NOT COMPLETED,,,,,,,,
3447,MATHS,Matrices and Determinants,RAJESWARY.VISWANATHAN,2026,OFFLINE,BBV,,BATCH4,,21,,21,NOT COMPLETED,,,,,,,,
3448,MATHS,Matrices and Determinants,RAJESWARY.VISWANATHAN,2026,OFFLINE,BBV,,BATCH4,,10,,10,NOT COMPLETED,,,,,,,,
3449,PHYSICS,Mechanical Properties of Solids & Fluids,RAJESWARY.VISWANATHAN,2026,OFFLINE,ZDC,,BATCH4,,12,,12,NOT COMPLETED,,,,,,,,
3450,PHYSICS,Mechanical Properties of Solids & Fluids,RAJESWARY.VISWANATHAN,2026,OFFLINE,ZDC,,BATCH4,,14,,14,NOT COMPLETED,,,,,,,,
3451,ZOOLOGY,Microbes in Human Welfare,RAJESWARY.VISWANATHAN,2026,OFFLINE,CCO,,BATCH4,,15,,15,NOT COMPLETED,,,,,,,,
3452,ZOOLOGY,Microbes in Human Welfare,RAJESWARY.VISWANATHAN,2026,OFFLINE,CCO,,BATCH4,,10,,10,NOT COMPLETED,,,,,,,,
3453,ZOOLOGY,Microbes in Human Welfare,RAJESWARY.VISWANATHAN,2026,OFFLINE,CCO,,BATCH4,,14,,14,NOT COMPLETED,,,,,,,,
3454,ZOOLOGY,Molecular Basis of Inheritance,RAJESWARY.VISWANATHAN,2026,OFFLINE,ZCA,,BATCH4,,17,,17,NOT COMPLETED,,,,,,,,
3455,ZOOLOGY,Molecular Basis of Inheritance,RAJESWARY.VISWANATHAN,2026,OFFLINE,ZCA,,BATCH4,,7,,7,NOT COMPLETED,,,,,,,,
3456,ZOOLOGY,Molecular Basis of Inheritance,RAJESWARY.VISWANATHAN,2026,OFFLINE,ZCA,,BATCH4,,21,,21,NOT COMPLETED,,,,,,,,
3457,BOTANY,Morphology of Flowering Plants,RAJESWARY.VISWANATHAN,2026,OFFLINE,CBE,,BATCH4,,14,,14,NOT COMPLETED,,,,,,,,
3458,BOTANY,Morphology of Flowering Plants,RAJESWARY.VISWANATHAN,2026,OFFLINE,CBE,,BATCH4,,14,,14,NOT COMPLETED,,,,,,,,
3459,PHYSICS,Motion in a Plane,RAJESWARY.VISWANATHAN,2026,OFFLINE,ZCO,,BATCH4,,9,,9,NOT COMPLETED,,,,,,,,
3460,PHYSICS,Motion in a Plane,RAJESWARY.VISWANATHAN,2026,OFFLINE,ZCO,,BATCH4,,14,,14,NOT COMPLETED,,,,,,,,
3461,PHYSICS,Motion in a Straight Line,RAJESWARY.VISWANATHAN,2026,OFFLINE,MCA,,BATCH4,,9,,9,NOT COMPLETED,,,,,,,,
3462,PHYSICS,Motion in a Straight Line,RAJESWARY.VISWANATHAN,2026,OFFLINE,MCA,,BATCH4,,12,,12,NOT COMPLETED,,,,,,,,
3463,PHYSICS,Moving Charges and Magnetism,RAJESWARY.VISWANATHAN,2026,OFFLINE,CAD,,BATCH4,,12,,12,NOT COMPLETED,,,,,,,,
3464,PHYSICS,Moving Charges and Magnetism,RAJESWARY.VISWANATHAN,2026,OFFLINE,CAD,,BATCH4,,9,,9,NOT COMPLETED,,,,,,,,
3465,PHYSICS,Moving Charges and Magnetism,RAJESWARY.VISWANATHAN,2026,OFFLINE,CAD,,BATCH4,,9,,9,NOT COMPLETED,,,,,,,,
3466,ZOOLOGY,Neural Control and Coordination,RAJESWARY.VISWANATHAN,2026,OFFLINE,ZBN,,BATCH4,,15,,15,NOT COMPLETED,,,,,,,,
3467,ZOOLOGY,Neural Control and Coordination,RAJESWARY.VISWANATHAN,2026,OFFLINE,ZBN,,BATCH4,,12,,12,NOT COMPLETED,,,,,,,,
3468,CHEMISTRY,Organic Chemistry–Some Basic Principles–Part I I (Nomenclature),RAJESWARY.VISWANATHAN,2026,OFFLINE,CDY,,BATCH4,,10,,10,NOT COMPLETED,,,,,,,,
3469,CHEMISTRY,Organic Chemistry–Some Basic Principles–Part I I (Nomenclature),RAJESWARY.VISWANATHAN,2026,OFFLINE,CDY,,BATCH4,,24,,24,NOT COMPLETED,,,,,,,,
3470,CHEMISTRY,Organic Chemistry–Some Basic Principles–Part III III (Purification),RAJESWARY.VISWANATHAN,2026,OFFLINE,ZDX,,BATCH4,,10,,10,NOT COMPLETED,,,,,,,,
3471,CHEMISTRY,Organic Chemistry–Some Basic Principles–Part III III (Purification),RAJESWARY.VISWANATHAN,2026,OFFLINE,ZDX,,BATCH4,,15,,15,NOT COMPLETED,,,,,,,,
3472,BOTANY,Organism and Population,RAJESWARY.VISWANATHAN,2026,OFFLINE,PAM,,BATCH4,,14,,14,NOT COMPLETED,,,,,,,,
3473,BOTANY,Organism and Population,RAJESWARY.VISWANATHAN,2026,OFFLINE,PAM,,BATCH4,,9,,9,NOT COMPLETED,,,,,,,,
3474,MATHS,"Permutation, Combination and Binomial Theorem",RAJESWARY.VISWANATHAN,2026,OFFLINE,ZCF,,BATCH4,,17,,17,NOT COMPLETED,,,,,,,,
3475,MATHS,"Permutation, Combination and Binomial Theorem",RAJESWARY.VISWANATHAN,2026,OFFLINE,ZCF,,BATCH4,,9,,9,NOT COMPLETED,,,,,,,,
3476,BOTANY,Photosynthesis in Higher Plants,RAJESWARY.VISWANATHAN,2026,OFFLINE,PBE,,BATCH4,,19,,19,NOT COMPLETED,,,,,,,,
3477,BOTANY,Photosynthesis in Higher Plants,RAJESWARY.VISWANATHAN,2026,OFFLINE,PBE,,BATCH4,,15,,15,NOT COMPLETED,,,,,,,,
3478,PHYSICS,"Physical World, Units and Measurements",RAJESWARY.VISWANATHAN,2026,OFFLINE,CDL,,BATCH4,,9,,9,NOT COMPLETED,,,,,,,,
3479,PHYSICS,"Physical World, Units and Measurements",RAJESWARY.VISWANATHAN,2026,OFFLINE,CDL,,BATCH4,,12,,12,NOT COMPLETED,,,,,,,,
3480,PHYSICS,"Physical World, Units and Measurements",RAJESWARY.VISWANATHAN,2026,OFFLINE,CDL,,BATCH4,,21,,21,NOT COMPLETED,,,,,,,,
3481,BOTANY,Plant Growth and Development,RAJESWARY.VISWANATHAN,2026,OFFLINE,MAG,,BATCH4,,10,,10,NOT COMPLETED,,,,,,,,
3482,BOTANY,Plant Growth and Development,RAJESWARY.VISWANATHAN,2026,OFFLINE,MAG,,BATCH4,,14,,14,NOT COMPLETED,,,,,,,,
3483,BOTANY,Plant Kingdom,RAJESWARY.VISWANATHAN,2026,OFFLINE,BAQ,,BATCH4,,12,,12,NOT COMPLETED,,,,,,,,
3484,BOTANY,Plant Kingdom,RAJESWARY.VISWANATHAN,2026,OFFLINE,BAQ,,BATCH4,,10,,10,NOT COMPLETED,,,,,,,,
3485,BOTANY,Plant Kingdom,RAJESWARY.VISWANATHAN,2026,OFFLINE,BAQ,,BATCH4,,10,,10,NOT COMPLETED,,,,,,,,
3486,CHEMISTRY,Practical Chemistry,RAJESWARY.VISWANATHAN,2026,OFFLINE,ZAQ,,BATCH4,,9,,9,NOT COMPLETED,,,,,,,,
3487,CHEMISTRY,Practical Chemistry,RAJESWARY.VISWANATHAN,2026,OFFLINE,ZAQ,,BATCH4,,26,,26,NOT COMPLETED,,,,,,,,
3488,MATHS,Quadratic Equation,RAJESWARY.VISWANATHAN,2026,OFFLINE,CCF,,BATCH4,,21,,21,NOT COMPLETED,,,,,,,,
3489,MATHS,Quadratic Equation,RAJESWARY.VISWANATHAN,2026,OFFLINE,CCF,,BATCH4,,9,,9,NOT COMPLETED,,,,,,,,
3490,PHYSICS,Ray Optics & Optical Instruments,RAJESWARY.VISWANATHAN,2026,OFFLINE,ZDG,,BATCH4,,12,,12,NOT COMPLETED,,,,,,,,
3491,PHYSICS,Ray Optics & Optical Instruments,RAJESWARY.VISWANATHAN,2026,OFFLINE,ZDG,,BATCH4,,14,,14,NOT COMPLETED,,,,,,,,
3492,CHEMISTRY,Redox Reaction,RAJESWARY.VISWANATHAN,2026,OFFLINE,MCW,,BATCH4,,9,,9,NOT COMPLETED,,,,,,,,
3493,CHEMISTRY,Redox Reaction,RAJESWARY.VISWANATHAN,2026,OFFLINE,MCW,,BATCH4,,21,,21,NOT COMPLETED,,,,,,,,
3494,ZOOLOGY,Reproductive Health,RAJESWARY.VISWANATHAN,2026,OFFLINE,CCB,,BATCH4,,15,,15,NOT COMPLETED,,,,,,,,
3495,ZOOLOGY,Reproductive Health,RAJESWARY.VISWANATHAN,2026,OFFLINE,CCB,,BATCH4,,5,,5,NOT COMPLETED,,,,,,,,
3496,BOTANY,Respiration in Plants,RAJESWARY.VISWANATHAN,2026,OFFLINE,CBS,,BATCH4,,14,,14,NOT COMPLETED,,,,,,,,
3497,BOTANY,Respiration in Plants,RAJESWARY.VISWANATHAN,2026,OFFLINE,CBS,,BATCH4,,17,,17,NOT COMPLETED,,,,,,,,
3498,BOTANY,Respiration in Plants,RAJESWARY.VISWANATHAN,2026,OFFLINE,CBS,,BATCH4,,10,,10,NOT COMPLETED,,,,,,,,
3499,MATHS,Sequences and Series,RAJESWARY.VISWANATHAN,2026,OFFLINE,PCS,,BATCH4,,14,,14,NOT COMPLETED,,,,,,,,
3500,MATHS,Sequences and Series,RAJESWARY.VISWANATHAN,2026,OFFLINE,PCS,,BATCH4,,9,,9,NOT COMPLETED,,,,,,,,
3501,MATHS,"Sets, Relations and  Functions",RAJESWARY.VISWANATHAN,2026,OFFLINE,ZBR,,BATCH4,,31,,31,NOT COMPLETED,,,,,,,,
3502,MATHS,"Sets, Relations and  Functions",RAJESWARY.VISWANATHAN,2026,OFFLINE,ZBR,,BATCH4,,12,,12,NOT COMPLETED,,,,,,,,
3503,BOTANY,Sexual reproduction in Flowering Plants,RAJESWARY.VISWANATHAN,2026,OFFLINE,PAV,,BATCH4,,17,,17,NOT COMPLETED,,,,,,,,
3504,BOTANY,Sexual reproduction in Flowering Plants,RAJESWARY.VISWANATHAN,2026,OFFLINE,PAV,,BATCH4,,7,,7,NOT COMPLETED,,,,,,,,
3505,CHEMISTRY,Some Basic Concepts of Chemistry,RAJESWARY.VISWANATHAN,2026,OFFLINE,ZDT,,BATCH4,,7,,7,NOT COMPLETED,,,,,,,,
3506,CHEMISTRY,Some Basic Concepts of Chemistry,RAJESWARY.VISWANATHAN,2026,OFFLINE,ZDT,,BATCH4,,15,,15,NOT COMPLETED,,,,,,,,
3507,CHEMISTRY,Some Basic Concepts of Chemistry,RAJESWARY.VISWANATHAN,2026,OFFLINE,ZDT,,BATCH4,,17,,17,NOT COMPLETED,,,,,,,,
3508,ZOOLOGY,Structural organisation in Animals Animal Tissue,RAJESWARY.VISWANATHAN,2026,OFFLINE,CBW,,BATCH4,,14,,14,NOT COMPLETED,,,,,,,,
3509,ZOOLOGY,Structural organisation in Animals Animal Tissue,RAJESWARY.VISWANATHAN,2026,OFFLINE,CBW,,BATCH4,,9,,9,NOT COMPLETED,,,,,,,,
3510,ZOOLOGY,Structural organisation in Animals Animal Tissue,RAJESWARY.VISWANATHAN,2026,OFFLINE,CBW,,BATCH4,,19,,19,NOT COMPLETED,,,,,,,,
3511,ZOOLOGY,Structural organisation in Animals Morphology of Animals,RAJESWARY.VISWANATHAN,2026,OFFLINE,MAL,,BATCH4,,21,,21,NOT COMPLETED,,,,,,,,
3512,ZOOLOGY,Structural organisation in Animals Morphology of Animals,RAJESWARY.VISWANATHAN,2026,OFFLINE,MAL,,BATCH4,,12,,12,NOT COMPLETED,,,,,,,,
3513,CHEMISTRY,Structure of Atoms,RAJESWARY.VISWANATHAN,2026,OFFLINE,CAH,,BATCH4,,12,,12,NOT COMPLETED,,,,,,,,
3514,CHEMISTRY,Structure of Atoms,RAJESWARY.VISWANATHAN,2026,OFFLINE,CAH,,BATCH4,,19,,19,NOT COMPLETED,,,,,,,,
3515,PHYSICS,System of Particles and Rigid Body Rotation,RAJESWARY.VISWANATHAN,2026,OFFLINE,CDC,,BATCH4,,10,,10,NOT COMPLETED,,,,,,,,
3516,PHYSICS,System of Particles and Rigid Body Rotation,RAJESWARY.VISWANATHAN,2026,OFFLINE,CDC,,BATCH4,,17,,17,NOT COMPLETED,,,,,,,,
3517,ZOOLOGY,The Living World,RAJESWARY.VISWANATHAN,2026,OFFLINE,ZBI,,BATCH4,,9,,9,NOT COMPLETED,,,,,,,,
3518,ZOOLOGY,The Living World,RAJESWARY.VISWANATHAN,2026,OFFLINE,ZBI,,BATCH4,,10,,10,NOT COMPLETED,,,,,,,,
3519,CHEMISTRY,The p Block Elements (XI) (XI) & (XII),RAJESWARY.VISWANATHAN,2026,OFFLINE,BDJ,,BATCH4,,9,,9,NOT COMPLETED,,,,,,,,
3520,CHEMISTRY,The p Block Elements (XI) (XI) & (XII),RAJESWARY.VISWANATHAN,2026,OFFLINE,BDJ,,BATCH4,,17,,17,NOT COMPLETED,,,,,,,,
3521,MATHS,Theory of Probability,RAJESWARY.VISWANATHAN,2026,OFFLINE,ZCX,,BATCH4,,14,,14,NOT COMPLETED,,,,,,,,
3522,MATHS,Theory of Probability,RAJESWARY.VISWANATHAN,2026,OFFLINE,ZCX,,BATCH4,,15,,15,NOT COMPLETED,,,,,,,,
3523,MATHS,Theory of Probability,RAJESWARY.VISWANATHAN,2026,OFFLINE,ZCX,,BATCH4,,19,,19,NOT COMPLETED,,,,,,,,
3524,PHYSICS,"Thermal Properties of Matter, Thermodynamics and Kinetic Theory",RAJESWARY.VISWANATHAN,2026,OFFLINE,PDP,,BATCH4,,10,,10,NOT COMPLETED,,,,,,,,
3525,PHYSICS,"Thermal Properties of Matter, Thermodynamics and Kinetic Theory",RAJESWARY.VISWANATHAN,2026,OFFLINE,PDP,,BATCH4,,10,,10,NOT COMPLETED,,,,,,,,
3526,CHEMISTRY,Thermodynamics and Chemical Energetics,RAJESWARY.VISWANATHAN,2026,OFFLINE,ZDL,,BATCH4,,9,,9,NOT COMPLETED,,,,,,,,
3527,CHEMISTRY,Thermodynamics and Chemical Energetics,RAJESWARY.VISWANATHAN,2026,OFFLINE,ZDL,,BATCH4,,15,,15,NOT COMPLETED,,,,,,,,
3528,MATHS,Trigonometry II,RAJESWARY.VISWANATHAN,2026,OFFLINE,PDG,,BATCH4,,26,,26,NOT COMPLETED,,,,,,,,
3529,MATHS,Trigonometry II,RAJESWARY.VISWANATHAN,2026,OFFLINE,PDG,,BATCH4,,7,,7,NOT COMPLETED,,,,,,,,
3530,MATHS,Trigonometry II,RAJESWARY.VISWANATHAN,2026,OFFLINE,PDG,,BATCH4,,31,,31,NOT COMPLETED,,,,,,,,
3531,MATHS,Vectors,RAJESWARY.VISWANATHAN,2026,OFFLINE,CCX,,BATCH4,,15,,15,NOT COMPLETED,,,,,,,,
3532,MATHS,Vectors,RAJESWARY.VISWANATHAN,2026,OFFLINE,CCX,,BATCH4,,12,,12,NOT COMPLETED,,,,,,,,
3533,PHYSICS,Waves,RAJESWARY.VISWANATHAN,2026,OFFLINE,CDQ,,BATCH4,,9,,9,NOT COMPLETED,,,,,,,,
3534,PHYSICS,Waves,RAJESWARY.VISWANATHAN,2026,OFFLINE,CDQ,,BATCH4,,14,,14,NOT COMPLETED,,,,,,,,
3535,PHYSICS,Work Energy & Power,RAJESWARY.VISWANATHAN,2026,OFFLINE,BCO,,BATCH4,,9,,9,NOT COMPLETED,,,,,,,,
3536,PHYSICS,Work Energy & Power,RAJESWARY.VISWANATHAN,2026,OFFLINE,BCO,,BATCH4,,14,,14,NOT COMPLETED,,,,,,,,
3537,CHEMISTRY,"Alcohols, Phenols and Ethers",KEERTHY.E.(WB),2026,OFFLINE,BDP,,BATCH5,,14,,14,NOT COMPLETED,,,,,,,,
3538,CHEMISTRY,"Alcohols, Phenols and Ethers",KEERTHY.E.(WB),2026,OFFLINE,BDP,,BATCH5,,14,,14,NOT COMPLETED,,,,,,,,
3539,CHEMISTRY,Amines,KEERTHY.E.(WB),2026,OFFLINE,BAD,,BATCH5,,15,,15,NOT COMPLETED,,,,,,,,
3540,CHEMISTRY,Amines,KEERTHY.E.(WB),2026,OFFLINE,BAD,,BATCH5,,19,,19,NOT COMPLETED,,,,,,,,
3541,BOTANY,Anatomy of Flowering Plants,KEERTHY.E.(WB),2026,OFFLINE,CBF,,BATCH5,,12,,12,NOT COMPLETED,,,,,,,,
3542,BOTANY,Anatomy of Flowering Plants,KEERTHY.E.(WB),2026,OFFLINE,CBF,,BATCH5,,12,,12,NOT COMPLETED,,,,,,,,
3543,ZOOLOGY,Animal Kingdom Non Chordata,KEERTHY.E.(WB),2026,OFFLINE,ZBJ,,BATCH5,,21,,21,NOT COMPLETED,,,,,,,,
3544,ZOOLOGY,Animal Kingdom Non Chordata,KEERTHY.E.(WB),2026,OFFLINE,ZBJ,,BATCH5,,9,,9,NOT COMPLETED,,,,,,,,
3545,ZOOLOGY,Animal Kingdom Phylum Chordata,KEERTHY.E.(WB),2026,OFFLINE,MDY,,BATCH5,,15,,15,NOT COMPLETED,,,,,,,,
3546,ZOOLOGY,Animal Kingdom Phylum Chordata,KEERTHY.E.(WB),2026,OFFLINE,MDY,,BATCH5,,10,,10,NOT COMPLETED,,,,,,,,
3547,MATHS,Applications of Differentiation,KEERTHY.E.(WB),2026,OFFLINE,MBW,,BATCH5,,12,,12,NOT COMPLETED,,,,,,,,
3548,MATHS,Applications of Differentiation,KEERTHY.E.(WB),2026,OFFLINE,MBW,,BATCH5,,10,,10,NOT COMPLETED,,,,,,,,
3549,MATHS,Applications of Differentiation,KEERTHY.E.(WB),2026,OFFLINE,MBW,,BATCH5,,14,,14,NOT COMPLETED,,,,,,,,
3550,PHYSICS,Atoms and Nuclei,KEERTHY.E.(WB),2026,OFFLINE,BDH,,BATCH5,,9,,9,NOT COMPLETED,,,,,,,,
3551,PHYSICS,Atoms and Nuclei,KEERTHY.E.(WB),2026,OFFLINE,BDH,,BATCH5,,15,,15,NOT COMPLETED,,,,,,,,
3552,PHYSICS,Atoms and Nuclei,KEERTHY.E.(WB),2026,OFFLINE,BDH,,BATCH5,,9,,9,NOT COMPLETED,,,,,,,,
3553,ZOOLOGY,Biodiversity and Conservation,KEERTHY.E.(WB),2026,OFFLINE,CCP,,BATCH5,,9,,9,NOT COMPLETED,,,,,,,,
3554,ZOOLOGY,Biodiversity and Conservation,KEERTHY.E.(WB),2026,OFFLINE,CCP,,BATCH5,,7,,7,NOT COMPLETED,,,,,,,,
3555,ZOOLOGY,Biodiversity and Conservation,KEERTHY.E.(WB),2026,OFFLINE,CCP,,BATCH5,,15,,15,NOT COMPLETED,,,,,,,,
3556,BOTANY,Biological Classification,KEERTHY.E.(WB),2026,OFFLINE,ZAR,,BATCH5,,12,,12,NOT COMPLETED,,,,,,,,
3557,BOTANY,Biological Classification,KEERTHY.E.(WB),2026,OFFLINE,ZAR,,BATCH5,,21,,21,NOT COMPLETED,,,,,,,,
3558,ZOOLOGY,Biomolecules,KEERTHY.E.(WB),2026,OFFLINE,MAM,,BATCH5,,14,,14,NOT COMPLETED,,,,,,,,
3559,ZOOLOGY,Biomolecules,KEERTHY.E.(WB),2026,OFFLINE,MAM,,BATCH5,,10,,10,NOT COMPLETED,,,,,,,,
3560,BOTANY,Biotechnology : Principles and processes,KEERTHY.E.(WB),2026,OFFLINE,ZAV,,BATCH5,,14,,14,NOT COMPLETED,,,,,,,,
3561,BOTANY,Biotechnology : Principles and processes,KEERTHY.E.(WB),2026,OFFLINE,ZAV,,BATCH5,,9,,9,NOT COMPLETED,,,,,,,,
3562,ZOOLOGY,Body Fluids and Circulation,KEERTHY.E.(WB),2026,OFFLINE,PCK,,BATCH5,,14,,14,NOT COMPLETED,,,,,,,,
3563,ZOOLOGY,Body Fluids and Circulation,KEERTHY.E.(WB),2026,OFFLINE,PCK,,BATCH5,,9,,9,NOT COMPLETED,,,,,,,,
3564,ZOOLOGY,Body Fluids and Circulation,KEERTHY.E.(WB),2026,OFFLINE,PCK,,BATCH5,,14,,14,NOT COMPLETED,,,,,,,,
3565,CHEMISTRY,Carboxylic Acids and It's Derivatives  Derivatives,KEERTHY.E.(WB),2026,OFFLINE,PBX,,BATCH5,,10,,10,NOT COMPLETED,,,,,,,,
3566,CHEMISTRY,Carboxylic Acids and It's Derivatives  Derivatives,KEERTHY.E.(WB),2026,OFFLINE,PBX,,BATCH5,,15,,15,NOT COMPLETED,,,,,,,,
3567,CHEMISTRY,Carboxylic Acids and It's Derivatives  Derivatives,KEERTHY.E.(WB),2026,OFFLINE,PBX,,BATCH5,,10,,10,NOT COMPLETED,,,,,,,,
3568,BOTANY,Cell Cycle and Cell Division,KEERTHY.E.(WB),2026,OFFLINE,PAW,,BATCH5,,17,,17,NOT COMPLETED,,,,,,,,
3569,BOTANY,Cell Cycle and Cell Division,KEERTHY.E.(WB),2026,OFFLINE,PAW,,BATCH5,,14,,14,NOT COMPLETED,,,,,,,,
3570,BOTANY,Cell Cycle and Cell Division,KEERTHY.E.(WB),2026,OFFLINE,PAW,,BATCH5,,14,,14,NOT COMPLETED,,,,,,,,
3571,CHEMISTRY,Chemical and Ionic Equilibrium,KEERTHY.E.(WB),2026,OFFLINE,ZDM,,BATCH5,,9,,9,NOT COMPLETED,,,,,,,,
3572,CHEMISTRY,Chemical and Ionic Equilibrium,KEERTHY.E.(WB),2026,OFFLINE,ZDM,,BATCH5,,14,,14,NOT COMPLETED,,,,,,,,
3573,CHEMISTRY,Chemical Bonding and Molecular Structure  Structure,KEERTHY.E.(WB),2026,OFFLINE,BCY,,BATCH5,,9,,9,NOT COMPLETED,,,,,,,,
3574,CHEMISTRY,Chemical Bonding and Molecular Structure  Structure,KEERTHY.E.(WB),2026,OFFLINE,BCY,,BATCH5,,12,,12,NOT COMPLETED,,,,,,,,
3575,ZOOLOGY,Chemical Coordination and Integration,KEERTHY.E.(WB),2026,OFFLINE,ZBO,,BATCH5,,12,,12,NOT COMPLETED,,,,,,,,
3576,ZOOLOGY,Chemical Coordination and Integration,KEERTHY.E.(WB),2026,OFFLINE,ZBO,,BATCH5,,9,,9,NOT COMPLETED,,,,,,,,
3577,CHEMISTRY,Chemical Kinetics,KEERTHY.E.(WB),2026,OFFLINE,ZAM,,BATCH5,,10,,10,NOT COMPLETED,,,,,,,,
3578,CHEMISTRY,Chemical Kinetics,KEERTHY.E.(WB),2026,OFFLINE,ZAM,,BATCH5,,7,,7,NOT COMPLETED,,,,,,,,
3579,CHEMISTRY,Classification of Elements and Periodicity Periodicity in Properties,KEERTHY.E.(WB),2026,OFFLINE,CAI,,BATCH5,,9,,9,NOT COMPLETED,,,,,,,,
3580,CHEMISTRY,Classification of Elements and Periodicity Periodicity in Properties,KEERTHY.E.(WB),2026,OFFLINE,CAI,,BATCH5,,15,,15,NOT COMPLETED,,,,,,,,
3581,MATHS,Complex Numbers,KEERTHY.E.(WB),2026,OFFLINE,CCG,,BATCH5,,14,,14,NOT COMPLETED,,,,,,,,
3582,MATHS,Complex Numbers,KEERTHY.E.(WB),2026,OFFLINE,CCG,,BATCH5,,9,,9,NOT COMPLETED,,,,,,,,
3583,MATHS,Conic Section,KEERTHY.E.(WB),2026,OFFLINE,CCU,,BATCH5,,19,,19,NOT COMPLETED,,,,,,,,
3584,MATHS,Conic Section,KEERTHY.E.(WB),2026,OFFLINE,CCU,,BATCH5,,10,,10,NOT COMPLETED,,,,,,,,
3585,MATHS,Conic Section,KEERTHY.E.(WB),2026,OFFLINE,CCU,,BATCH5,,15,,15,NOT COMPLETED,,,,,,,,
3586,PHYSICS,Current Electricity,KEERTHY.E.(WB),2026,OFFLINE,MCF,,BATCH5,,12,,12,NOT COMPLETED,,,,,,,,
3587,PHYSICS,Current Electricity,KEERTHY.E.(WB),2026,OFFLINE,MCF,,BATCH5,,14,,14,NOT COMPLETED,,,,,,,,
3588,BOTANY,Ecosystem,KEERTHY.E.(WB),2026,OFFLINE,CBJ,,BATCH5,,9,,9,NOT COMPLETED,,,,,,,,
3589,BOTANY,Ecosystem,KEERTHY.E.(WB),2026,OFFLINE,CBJ,,BATCH5,,9,,9,NOT COMPLETED,,,,,,,,
3590,PHYSICS,Electromagnetic Induction and Alternating Current,KEERTHY.E.(WB),2026,OFFLINE,BCT,,BATCH5,,14,,14,NOT COMPLETED,,,,,,,,
3591,PHYSICS,Electromagnetic Induction and Alternating Current,KEERTHY.E.(WB),2026,OFFLINE,BCT,,BATCH5,,21,,21,NOT COMPLETED,,,,,,,,
3592,PHYSICS,Electrostatics,KEERTHY.E.(WB),2026,OFFLINE,PAS,,BATCH5,,17,,17,NOT COMPLETED,,,,,,,,
3593,PHYSICS,Electrostatics,KEERTHY.E.(WB),2026,OFFLINE,PAS,,BATCH5,,12,,12,NOT COMPLETED,,,,,,,,
3594,ZOOLOGY,Evolution,KEERTHY.E.(WB),2026,OFFLINE,ZCB,,BATCH5,,24,,24,NOT COMPLETED,,,,,,,,
3595,ZOOLOGY,Evolution,KEERTHY.E.(WB),2026,OFFLINE,ZCB,,BATCH5,,7,,7,NOT COMPLETED,,,,,,,,
3596,ZOOLOGY,Evolution,KEERTHY.E.(WB),2026,OFFLINE,ZCB,,BATCH5,,14,,14,NOT COMPLETED,,,,,,,,
3597,ZOOLOGY,Excretory Products and Their Elimination,KEERTHY.E.(WB),2026,OFFLINE,BBA,,BATCH5,,15,,15,NOT COMPLETED,,,,,,,,
3598,ZOOLOGY,Excretory Products and Their Elimination,KEERTHY.E.(WB),2026,OFFLINE,BBA,,BATCH5,,17,,17,NOT COMPLETED,,,,,,,,
3599,PHYSICS,Gravitation,KEERTHY.E.(WB),2026,OFFLINE,CDD,,BATCH5,,9,,9,NOT COMPLETED,,,,,,,,
3600,PHYSICS,Gravitation,KEERTHY.E.(WB),2026,OFFLINE,CDD,,BATCH5,,19,,19,NOT COMPLETED,,,,,,,,
3601,CHEMISTRY,Halo Alkanes and Halo Arenes  Arenes,KEERTHY.E.(WB),2026,OFFLINE,CBA,,BATCH5,,12,,12,NOT COMPLETED,,,,,,,,
3602,CHEMISTRY,Halo Alkanes and Halo Arenes  Arenes,KEERTHY.E.(WB),2026,OFFLINE,CBA,,BATCH5,,17,,17,NOT COMPLETED,,,,,,,,
3603,CHEMISTRY,Halo Alkanes and Halo Arenes  Arenes,KEERTHY.E.(WB),2026,OFFLINE,CBA,,BATCH5,,9,,9,NOT COMPLETED,,,,,,,,
3604,ZOOLOGY,Human Health and Disease,KEERTHY.E.(WB),2026,OFFLINE,PCP,,BATCH5,,17,,17,NOT COMPLETED,,,,,,,,
3605,ZOOLOGY,Human Health and Disease,KEERTHY.E.(WB),2026,OFFLINE,PCP,,BATCH5,,9,,9,NOT COMPLETED,,,,,,,,
3606,CHEMISTRY,Hydrocarbons,KEERTHY.E.(WB),2026,OFFLINE,ZDY,,BATCH5,,10,,10,NOT COMPLETED,,,,,,,,
3607,CHEMISTRY,Hydrocarbons,KEERTHY.E.(WB),2026,OFFLINE,ZDY,,BATCH5,,9,,9,NOT COMPLETED,,,,,,,,
3608,MATHS,Integration and its Applications,KEERTHY.E.(WB),2026,OFFLINE,ZCK,,BATCH5,,29,,29,NOT COMPLETED,,,,,,,,
3609,MATHS,Integration and its Applications,KEERTHY.E.(WB),2026,OFFLINE,ZCK,,BATCH5,,12,,12,NOT COMPLETED,,,,,,,,
3610,PHYSICS,Laws of Motion,KEERTHY.E.(WB),2026,OFFLINE,ZCP,,BATCH5,,10,,10,NOT COMPLETED,,,,,,,,
3611,PHYSICS,Laws of Motion,KEERTHY.E.(WB),2026,OFFLINE,ZCP,,BATCH5,,12,,12,NOT COMPLETED,,,,,,,,
3612,MATHS,Limits of Real Functions,KEERTHY.E.(WB),2026,OFFLINE,BBW,,BATCH5,,10,,10,NOT COMPLETED,,,,,,,,
3613,MATHS,Limits of Real Functions,KEERTHY.E.(WB),2026,OFFLINE,BBW,,BATCH5,,10,,10,NOT COMPLETED,,,,,,,,
3614,MATHS,Linear Programming,KEERTHY.E.(WB),2026,OFFLINE,ZCY,,BATCH5,,7,,7,NOT COMPLETED,,,,,,,,
3615,MATHS,Linear Programming,KEERTHY.E.(WB),2026,OFFLINE,ZCY,,BATCH5,,10,,10,NOT COMPLETED,,,,,,,,
3616,MATHS,Linear Programming,KEERTHY.E.(WB),2026,OFFLINE,ZCY,,BATCH5,,12,,12,NOT COMPLETED,,,,,,,,
3617,MATHS,Logarithm,KEERTHY.E.(WB),2026,OFFLINE,PDL,,BATCH5,,9,,9,NOT COMPLETED,,,,,,,,
3618,MATHS,Logarithm,KEERTHY.E.(WB),2026,OFFLINE,PDL,,BATCH5,,9,,9,NOT COMPLETED,,,,,,,,
3619,PHYSICS,Magnetism and Matter,KEERTHY.E.(WB),2026,OFFLINE,CAE,,BATCH5,,9,,9,NOT COMPLETED,,,,,,,,
3620,PHYSICS,Magnetism and Matter,KEERTHY.E.(WB),2026,OFFLINE,CAE,,BATCH5,,9,,9,NOT COMPLETED,,,,,,,,
3621,PHYSICS,Magnetism and Matter,KEERTHY.E.(WB),2026,OFFLINE,CAE,,BATCH5,,10,,10,NOT COMPLETED,,,,,,,,
3622,MATHS,Matrices and Determinants,KEERTHY.E.(WB),2026,OFFLINE,PDH,,BATCH5,,21,,21,NOT COMPLETED,,,,,,,,
3623,MATHS,Matrices and Determinants,KEERTHY.E.(WB),2026,OFFLINE,PDH,,BATCH5,,10,,10,NOT COMPLETED,,,,,,,,
3624,MATHS,Matrices and Determinants,KEERTHY.E.(WB),2026,OFFLINE,PDH,,BATCH5,,24,,24,NOT COMPLETED,,,,,,,,
3625,ZOOLOGY,Microbes in Human Welfare,KEERTHY.E.(WB),2026,OFFLINE,BBE,,BATCH5,,15,,15,NOT COMPLETED,,,,,,,,
3626,ZOOLOGY,Microbes in Human Welfare,KEERTHY.E.(WB),2026,OFFLINE,BBE,,BATCH5,,10,,10,NOT COMPLETED,,,,,,,,
3627,BOTANY,Morphology of Flowering Plants,KEERTHY.E.(WB),2026,OFFLINE,PBF,,BATCH5,,14,,14,NOT COMPLETED,,,,,,,,
3628,BOTANY,Morphology of Flowering Plants,KEERTHY.E.(WB),2026,OFFLINE,PBF,,BATCH5,,14,,14,NOT COMPLETED,,,,,,,,
3629,BOTANY,Morphology of Flowering Plants,KEERTHY.E.(WB),2026,OFFLINE,PBF,,BATCH5,,9,,9,NOT COMPLETED,,,,,,,,
3630,PHYSICS,Motion in a Plane,KEERTHY.E.(WB),2026,OFFLINE,PBT,,BATCH5,,9,,9,NOT COMPLETED,,,,,,,,
3631,PHYSICS,Motion in a Plane,KEERTHY.E.(WB),2026,OFFLINE,PBT,,BATCH5,,14,,14,NOT COMPLETED,,,,,,,,
3632,PHYSICS,Motion in a Straight Line,KEERTHY.E.(WB),2026,OFFLINE,CDM,,BATCH5,,9,,9,NOT COMPLETED,,,,,,,,
3633,PHYSICS,Motion in a Straight Line,KEERTHY.E.(WB),2026,OFFLINE,CDM,,BATCH5,,12,,12,NOT COMPLETED,,,,,,,,
3634,PHYSICS,Motion in a Straight Line,KEERTHY.E.(WB),2026,OFFLINE,CDM,,BATCH5,,10,,10,NOT COMPLETED,,,,,,,,
3635,ZOOLOGY,Neural Control and Coordination,KEERTHY.E.(WB),2026,OFFLINE,MAZ,,BATCH5,,15,,15,NOT COMPLETED,,,,,,,,
3636,ZOOLOGY,Neural Control and Coordination,KEERTHY.E.(WB),2026,OFFLINE,MAZ,,BATCH5,,12,,12,NOT COMPLETED,,,,,,,,
3637,ZOOLOGY,Neural Control and Coordination,KEERTHY.E.(WB),2026,OFFLINE,MAZ,,BATCH5,,9,,9,NOT COMPLETED,,,,,,,,
3638,CHEMISTRY,Organic Chemistry–Some Basic Principles–Part I I (Nomenclature),KEERTHY.E.(WB),2026,OFFLINE,BDK,,BATCH5,,10,,10,NOT COMPLETED,,,,,,,,
3639,CHEMISTRY,Organic Chemistry–Some Basic Principles–Part I I (Nomenclature),KEERTHY.E.(WB),2026,OFFLINE,BDK,,BATCH5,,24,,24,NOT COMPLETED,,,,,,,,
3640,CHEMISTRY,Organic Chemistry–Some Basic Principles–Part II II (Reaction Mechanism),KEERTHY.E.(WB),2026,OFFLINE,CDZ,,BATCH5,,10,,10,NOT COMPLETED,,,,,,,,
3641,CHEMISTRY,Organic Chemistry–Some Basic Principles–Part II II (Reaction Mechanism),KEERTHY.E.(WB),2026,OFFLINE,CDZ,,BATCH5,,17,,17,NOT COMPLETED,,,,,,,,
3642,BOTANY,Organism and Population,KEERTHY.E.(WB),2026,OFFLINE,BAV,,BATCH5,,14,,14,NOT COMPLETED,,,,,,,,
3643,BOTANY,Organism and Population,KEERTHY.E.(WB),2026,OFFLINE,BAV,,BATCH5,,9,,9,NOT COMPLETED,,,,,,,,
3644,PHYSICS,Oscillations,KEERTHY.E.(WB),2026,OFFLINE,PDQ,,BATCH5,,9,,9,NOT COMPLETED,,,,,,,,
3645,PHYSICS,Oscillations,KEERTHY.E.(WB),2026,OFFLINE,PDQ,,BATCH5,,17,,17,NOT COMPLETED,,,,,,,,
3646,BOTANY,Photosynthesis in Higher Plants,KEERTHY.E.(WB),2026,OFFLINE,MDT,,BATCH5,,19,,19,NOT COMPLETED,,,,,,,,
3647,BOTANY,Photosynthesis in Higher Plants,KEERTHY.E.(WB),2026,OFFLINE,MDT,,BATCH5,,15,,15,NOT COMPLETED,,,,,,,,
3648,PHYSICS,"Physical World, Units and Measurements",KEERTHY.E.(WB),2026,OFFLINE,BCB,,BATCH5,,9,,9,NOT COMPLETED,,,,,,,,
3649,PHYSICS,"Physical World, Units and Measurements",KEERTHY.E.(WB),2026,OFFLINE,BCB,,BATCH5,,12,,12,NOT COMPLETED,,,,,,,,
3650,BOTANY,Plant Growth and Development,KEERTHY.E.(WB),2026,OFFLINE,PAN,,BATCH5,,10,,10,NOT COMPLETED,,,,,,,,
3651,BOTANY,Plant Growth and Development,KEERTHY.E.(WB),2026,OFFLINE,PAN,,BATCH5,,14,,14,NOT COMPLETED,,,,,,,,
3652,BOTANY,Plant Growth and Development,KEERTHY.E.(WB),2026,OFFLINE,PAN,,BATCH5,,15,,15,NOT COMPLETED,,,,,,,,
3653,CHEMISTRY,Practical Chemistry,KEERTHY.E.(WB),2026,OFFLINE,PBO,,BATCH5,,9,,9,NOT COMPLETED,,,,,,,,
3654,CHEMISTRY,Practical Chemistry,KEERTHY.E.(WB),2026,OFFLINE,PBO,,BATCH5,,26,,26,NOT COMPLETED,,,,,,,,
3655,CHEMISTRY,Practical Chemistry,KEERTHY.E.(WB),2026,OFFLINE,PBO,,BATCH5,,7,,7,NOT COMPLETED,,,,,,,,
3656,ZOOLOGY,Principles of Inheritance and Variation,KEERTHY.E.(WB),2026,OFFLINE,CCC,,BATCH5,,14,,14,NOT COMPLETED,,,,,,,,
3657,ZOOLOGY,Principles of Inheritance and Variation,KEERTHY.E.(WB),2026,OFFLINE,CCC,,BATCH5,,12,,12,NOT COMPLETED,,,,,,,,
3658,MATHS,Quadratic Equation,KEERTHY.E.(WB),2026,OFFLINE,BBS,,BATCH5,,21,,21,NOT COMPLETED,,,,,,,,
3659,MATHS,Quadratic Equation,KEERTHY.E.(WB),2026,OFFLINE,BBS,,BATCH5,,9,,9,NOT COMPLETED,,,,,,,,
3660,PHYSICS,Ray Optics & Optical Instruments,KEERTHY.E.(WB),2026,OFFLINE,MCT,,BATCH5,,12,,12,NOT COMPLETED,,,,,,,,
3661,PHYSICS,Ray Optics & Optical Instruments,KEERTHY.E.(WB),2026,OFFLINE,MCT,,BATCH5,,14,,14,NOT COMPLETED,,,,,,,,
3662,PHYSICS,Ray Optics & Optical Instruments,KEERTHY.E.(WB),2026,OFFLINE,MCT,,BATCH5,,9,,9,NOT COMPLETED,,,,,,,,
3663,CHEMISTRY,Redox Reaction,KEERTHY.E.(WB),2026,OFFLINE,ZAI,,BATCH5,,9,,9,NOT COMPLETED,,,,,,,,
3664,CHEMISTRY,Redox Reaction,KEERTHY.E.(WB),2026,OFFLINE,ZAI,,BATCH5,,21,,21,NOT COMPLETED,,,,,,,,
3665,CHEMISTRY,Redox Reaction,KEERTHY.E.(WB),2026,OFFLINE,ZAI,,BATCH5,,14,,14,NOT COMPLETED,,,,,,,,
3666,ZOOLOGY,Reproductive Health,KEERTHY.E.(WB),2026,OFFLINE,BBN,,BATCH5,,15,,15,NOT COMPLETED,,,,,,,,
3667,ZOOLOGY,Reproductive Health,KEERTHY.E.(WB),2026,OFFLINE,BBN,,BATCH5,,5,,5,NOT COMPLETED,,,,,,,,
3668,ZOOLOGY,Reproductive Health,KEERTHY.E.(WB),2026,OFFLINE,BBN,,BATCH5,,15,,15,NOT COMPLETED,,,,,,,,
3669,BOTANY,Respiration in Plants,KEERTHY.E.(WB),2026,OFFLINE,BAH,,BATCH5,,14,,14,NOT COMPLETED,,,,,,,,
3670,BOTANY,Respiration in Plants,KEERTHY.E.(WB),2026,OFFLINE,BAH,,BATCH5,,17,,17,NOT COMPLETED,,,,,,,,
3671,PHYSICS,Semiconductor Electronics,KEERTHY.E.(WB),2026,OFFLINE,CDU,,BATCH5,,10,,10,NOT COMPLETED,,,,,,,,
3672,PHYSICS,Semiconductor Electronics,KEERTHY.E.(WB),2026,OFFLINE,CDU,,BATCH5,,14,,14,NOT COMPLETED,,,,,,,,
3673,MATHS,Sequences and Series,KEERTHY.E.(WB),2026,OFFLINE,ZCG,,BATCH5,,14,,14,NOT COMPLETED,,,,,,,,
3674,MATHS,Sequences and Series,KEERTHY.E.(WB),2026,OFFLINE,ZCG,,BATCH5,,9,,9,NOT COMPLETED,,,,,,,,
3675,MATHS,"Sets, Relations and  Functions",KEERTHY.E.(WB),2026,OFFLINE,MBE,,BATCH5,,31,,31,NOT COMPLETED,,,,,,,,
3676,MATHS,"Sets, Relations and  Functions",KEERTHY.E.(WB),2026,OFFLINE,MBE,,BATCH5,,12,,12,NOT COMPLETED,,,,,,,,
3677,BOTANY,Sexual reproduction in Flowering Plants,KEERTHY.E.(WB),2026,OFFLINE,MAH,,BATCH5,,17,,17,NOT COMPLETED,,,,,,,,
3678,BOTANY,Sexual reproduction in Flowering Plants,KEERTHY.E.(WB),2026,OFFLINE,MAH,,BATCH5,,7,,7,NOT COMPLETED,,,,,,,,
3679,CHEMISTRY,Solutions,KEERTHY.E.(WB),2026,OFFLINE,CAN,,BATCH5,,7,,7,NOT COMPLETED,,,,,,,,
3680,CHEMISTRY,Solutions,KEERTHY.E.(WB),2026,OFFLINE,CAN,,BATCH5,,31,,31,NOT COMPLETED,,,,,,,,
3681,MATHS,Statistics,KEERTHY.E.(WB),2026,OFFLINE,MBI,,BATCH5,,12,,12,NOT COMPLETED,,,,,,,,
3682,MATHS,Statistics,KEERTHY.E.(WB),2026,OFFLINE,MBI,,BATCH5,,10,,10,NOT COMPLETED,,,,,,,,
3683,MATHS,Straight Lines,KEERTHY.E.(WB),2026,OFFLINE,PCT,,BATCH5,,14,,14,NOT COMPLETED,,,,,,,,
3684,MATHS,Straight Lines,KEERTHY.E.(WB),2026,OFFLINE,PCT,,BATCH5,,10,,10,NOT COMPLETED,,,,,,,,
3685,ZOOLOGY,Structural organisation in Animals Morphology of Animals,KEERTHY.E.(WB),2026,OFFLINE,CBX,,BATCH5,,21,,21,NOT COMPLETED,,,,,,,,
3686,ZOOLOGY,Structural organisation in Animals Morphology of Animals,KEERTHY.E.(WB),2026,OFFLINE,CBX,,BATCH5,,12,,12,NOT COMPLETED,,,,,,,,
3687,ZOOLOGY,Structural organisation in Animals Morphology of Animals,KEERTHY.E.(WB),2026,OFFLINE,CBX,,BATCH5,,14,,14,NOT COMPLETED,,,,,,,,
3688,CHEMISTRY,Structure of Atoms,KEERTHY.E.(WB),2026,OFFLINE,ZDU,,BATCH5,,12,,12,NOT COMPLETED,,,,,,,,
3689,CHEMISTRY,Structure of Atoms,KEERTHY.E.(WB),2026,OFFLINE,ZDU,,BATCH5,,19,,19,NOT COMPLETED,,,,,,,,
3690,CHEMISTRY,Structure of Atoms,KEERTHY.E.(WB),2026,OFFLINE,ZDU,,BATCH5,,12,,12,NOT COMPLETED,,,,,,,,
3691,PHYSICS,System of Particles and Rigid Body Rotation,KEERTHY.E.(WB),2026,OFFLINE,PBK,,BATCH5,,10,,10,NOT COMPLETED,,,,,,,,
3692,PHYSICS,System of Particles and Rigid Body Rotation,KEERTHY.E.(WB),2026,OFFLINE,PBK,,BATCH5,,17,,17,NOT COMPLETED,,,,,,,,
3693,CHEMISTRY,The d and f Block Block Elements,KEERTHY.E.(WB),2026,OFFLINE,MDC,,BATCH5,,9,,9,NOT COMPLETED,,,,,,,,
3694,CHEMISTRY,The d and f Block Block Elements,KEERTHY.E.(WB),2026,OFFLINE,MDC,,BATCH5,,21,,21,NOT COMPLETED,,,,,,,,
3695,CHEMISTRY,The p Block Elements (XI) (XI) & (XII),KEERTHY.E.(WB),2026,OFFLINE,CAW,,BATCH5,,9,,9,NOT COMPLETED,,,,,,,,
3696,CHEMISTRY,The p Block Elements (XI) (XI) & (XII),KEERTHY.E.(WB),2026,OFFLINE,CAW,,BATCH5,,17,,17,NOT COMPLETED,,,,,,,,
3697,CHEMISTRY,The p Block Elements (XI) (XI) & (XII),KEERTHY.E.(WB),2026,OFFLINE,CAW,,BATCH5,,7,,7,NOT COMPLETED,,,,,,,,
3698,PHYSICS,"Thermal Properties of Matter, Thermodynamics and Kinetic Theory",KEERTHY.E.(WB),2026,OFFLINE,PBB,,BATCH5,,10,,10,NOT COMPLETED,,,,,,,,
3699,PHYSICS,"Thermal Properties of Matter, Thermodynamics and Kinetic Theory",KEERTHY.E.(WB),2026,OFFLINE,PBB,,BATCH5,,10,,10,NOT COMPLETED,,,,,,,,
3700,CHEMISTRY,Thermodynamics and Chemical Energetics,KEERTHY.E.(WB),2026,OFFLINE,MCX,,BATCH5,,9,,9,NOT COMPLETED,,,,,,,,
3701,CHEMISTRY,Thermodynamics and Chemical Energetics,KEERTHY.E.(WB),2026,OFFLINE,MCX,,BATCH5,,15,,15,NOT COMPLETED,,,,,,,,
3702,MATHS,Three Dimensional Geometry,KEERTHY.E.(WB),2026,OFFLINE,CCY,,BATCH5,,17,,17,NOT COMPLETED,,,,,,,,
3703,MATHS,Three Dimensional Geometry,KEERTHY.E.(WB),2026,OFFLINE,CCY,,BATCH5,,10,,10,NOT COMPLETED,,,,,,,,
3704,MATHS,Trigonometry I,KEERTHY.E.(WB),2026,OFFLINE,ZBS,,BATCH5,,24,,24,NOT COMPLETED,,,,,,,,
3705,MATHS,Trigonometry I,KEERTHY.E.(WB),2026,OFFLINE,ZBS,,BATCH5,,9,,9,NOT COMPLETED,,,,,,,,
3706,MATHS,Vectors,KEERTHY.E.(WB),2026,OFFLINE,BCK,,BATCH5,,15,,15,NOT COMPLETED,,,,,,,,
3707,MATHS,Vectors,KEERTHY.E.(WB),2026,OFFLINE,BCK,,BATCH5,,12,,12,NOT COMPLETED,,,,,,,,
3708,MATHS,Vectors,KEERTHY.E.(WB),2026,OFFLINE,BCK,,BATCH5,,14,,14,NOT COMPLETED,,,,,,,,
3709,PHYSICS,Wave Optics,KEERTHY.E.(WB),2026,OFFLINE,ZDH,,BATCH5,,7,,7,NOT COMPLETED,,,,,,,,
3710,PHYSICS,Wave Optics,KEERTHY.E.(WB),2026,OFFLINE,ZDH,,BATCH5,,21,,21,NOT COMPLETED,,,,,,,,
3711,PHYSICS,Work Energy & Power,KEERTHY.E.(WB),2026,OFFLINE,PDZ,,BATCH5,,9,,9,NOT COMPLETED,,,,,,,,
3712,PHYSICS,Work Energy & Power,KEERTHY.E.(WB),2026,OFFLINE,PDZ,,BATCH5,,14,,14,NOT COMPLETED,,,,,,,,
3713,PHYSICS,Work Energy & Power,KEERTHY.E.(WB),2026,OFFLINE,PDZ,,BATCH5,,29,,29,NOT COMPLETED,,,,,,,,
3714,CHEMISTRY,"Alcohols, Phenols and Ethers",SANJANA,2026,OFFLINE,CBB,,BATCH6,,14,,14,NOT COMPLETED,,,,,,,,
3715,CHEMISTRY,"Alcohols, Phenols and Ethers",SANJANA,2026,OFFLINE,CBB,,BATCH6,,14,,14,NOT COMPLETED,,,,,,,,
3716,CHEMISTRY,"Alcohols, Phenols and Ethers",SANJANA,2026,OFFLINE,CBB,,BATCH6,,9,,9,NOT COMPLETED,,,,,,,,
3717,CHEMISTRY,Aldehydes and Ketones,SANJANA,2026,OFFLINE,BDQ,,BATCH6,,12,,12,NOT COMPLETED,,,,,,,,
3718,CHEMISTRY,Aldehydes and Ketones,SANJANA,2026,OFFLINE,BDQ,,BATCH6,,14,,14,NOT COMPLETED,,,,,,,,
3719,CHEMISTRY,Amines,SANJANA,2026,OFFLINE,MDP,,BATCH6,,15,,15,NOT COMPLETED,,,,,,,,
3720,CHEMISTRY,Amines,SANJANA,2026,OFFLINE,MDP,,BATCH6,,19,,19,NOT COMPLETED,,,,,,,,
3721,CHEMISTRY,Amines,SANJANA,2026,OFFLINE,MDP,,BATCH6,,10,,10,NOT COMPLETED,,,,,,,,
3722,BOTANY,Anatomy of Flowering Plants,SANJANA,2026,OFFLINE,BAR,,BATCH6,,12,,12,NOT COMPLETED,,,,,,,,
3723,BOTANY,Anatomy of Flowering Plants,SANJANA,2026,OFFLINE,BAR,,BATCH6,,12,,12,NOT COMPLETED,,,,,,,,
3724,BOTANY,Anatomy of Flowering Plants,SANJANA,2026,OFFLINE,BAR,,BATCH6,,10,,10,NOT COMPLETED,,,,,,,,
3725,ZOOLOGY,Animal Kingdom Phylum Chordata,SANJANA,2026,OFFLINE,ZBK,,BATCH6,,15,,15,NOT COMPLETED,,,,,,,,
3726,ZOOLOGY,Animal Kingdom Phylum Chordata,SANJANA,2026,OFFLINE,ZBK,,BATCH6,,10,,10,NOT COMPLETED,,,,,,,,
3727,ZOOLOGY,Biodiversity and Conservation,SANJANA,2026,OFFLINE,BBF,,BATCH6,,9,,9,NOT COMPLETED,,,,,,,,
3728,ZOOLOGY,Biodiversity and Conservation,SANJANA,2026,OFFLINE,BBF,,BATCH6,,7,,7,NOT COMPLETED,,,,,,,,
3729,BOTANY,Biological Classification,SANJANA,2026,OFFLINE,MAD,,BATCH6,,12,,12,NOT COMPLETED,,,,,,,,
3730,BOTANY,Biological Classification,SANJANA,2026,OFFLINE,MAD,,BATCH6,,21,,21,NOT COMPLETED,,,,,,,,
3731,BOTANY,Biological Classification,SANJANA,2026,OFFLINE,MAD,,BATCH6,,10,,10,NOT COMPLETED,,,,,,,,
3732,ZOOLOGY,Biomolecules,SANJANA,2026,OFFLINE,CBY,,BATCH6,,14,,14,NOT COMPLETED,,,,,,,,
3733,CHEMISTRY,Biomolecules,SANJANA,2026,OFFLINE,BAE,,BATCH6,,10,,10,NOT COMPLETED,,,,,,,,
3734,ZOOLOGY,Biomolecules,SANJANA,2026,OFFLINE,CBY,,BATCH6,,10,,10,NOT COMPLETED,,,,,,,,
3735,CHEMISTRY,Biomolecules,SANJANA,2026,OFFLINE,BAE,,BATCH6,,12,,12,NOT COMPLETED,,,,,,,,
3736,ZOOLOGY,Biomolecules,SANJANA,2026,OFFLINE,CBY,,BATCH6,,10,,10,NOT COMPLETED,,,,,,,,
3737,BOTANY,Biotechnology : Principles and processes,SANJANA,2026,OFFLINE,MAI,,BATCH6,,14,,14,NOT COMPLETED,,,,,,,,
3738,BOTANY,Biotechnology : Principles and processes,SANJANA,2026,OFFLINE,MAI,,BATCH6,,9,,9,NOT COMPLETED,,,,,,,,
3739,BOTANY,Biotechnology and its Applications,SANJANA,2026,OFFLINE,ZAW,,BATCH6,,12,,12,NOT COMPLETED,,,,,,,,
3740,BOTANY,Biotechnology and its Applications,SANJANA,2026,OFFLINE,ZAW,,BATCH6,,9,,9,NOT COMPLETED,,,,,,,,
3741,ZOOLOGY,Breathing and Exchange of Gases,SANJANA,2026,OFFLINE,PBP,,BATCH6,,15,,15,NOT COMPLETED,,,,,,,,
3742,ZOOLOGY,Breathing and Exchange of Gases,SANJANA,2026,OFFLINE,PBP,,BATCH6,,9,,9,NOT COMPLETED,,,,,,,,
3743,BOTANY,Cell : The unit of life,SANJANA,2026,OFFLINE,CBG,,BATCH6,,14,,14,NOT COMPLETED,,,,,,,,
3744,BOTANY,Cell : The unit of life,SANJANA,2026,OFFLINE,CBG,,BATCH6,,29,,29,NOT COMPLETED,,,,,,,,
3745,CHEMISTRY,Chemical and Ionic Equilibrium,SANJANA,2026,OFFLINE,MCY,,BATCH6,,9,,9,NOT COMPLETED,,,,,,,,
3746,CHEMISTRY,Chemical and Ionic Equilibrium,SANJANA,2026,OFFLINE,MCY,,BATCH6,,14,,14,NOT COMPLETED,,,,,,,,
3747,CHEMISTRY,Chemical Bonding and Molecular Structure  Structure,SANJANA,2026,OFFLINE,CAJ,,BATCH6,,9,,9,NOT COMPLETED,,,,,,,,
3748,CHEMISTRY,Chemical Bonding and Molecular Structure  Structure,SANJANA,2026,OFFLINE,CAJ,,BATCH6,,12,,12,NOT COMPLETED,,,,,,,,
3749,ZOOLOGY,Chemical Coordination and Integration,SANJANA,2026,OFFLINE,MBA,,BATCH6,,12,,12,NOT COMPLETED,,,,,,,,
3750,ZOOLOGY,Chemical Coordination and Integration,SANJANA,2026,OFFLINE,MBA,,BATCH6,,9,,9,NOT COMPLETED,,,,,,,,
3751,ZOOLOGY,Chemical Coordination and Integration,SANJANA,2026,OFFLINE,MBA,,BATCH6,,9,,9,NOT COMPLETED,,,,,,,,
3752,MATHS,Circles,SANJANA,2026,OFFLINE,PCU,,BATCH6,,15,,15,NOT COMPLETED,,,,,,,,
3753,MATHS,Circles,SANJANA,2026,OFFLINE,PCU,,BATCH6,,10,,10,NOT COMPLETED,,,,,,,,
3754,CHEMISTRY,Classification of Elements and Periodicity Periodicity in Properties,SANJANA,2026,OFFLINE,ZDV,,BATCH6,,9,,9,NOT COMPLETED,,,,,,,,
3755,CHEMISTRY,Classification of Elements and Periodicity Periodicity in Properties,SANJANA,2026,OFFLINE,ZDV,,BATCH6,,15,,15,NOT COMPLETED,,,,,,,,
3756,CHEMISTRY,Classification of Elements and Periodicity Periodicity in Properties,SANJANA,2026,OFFLINE,ZDV,,BATCH6,,12,,12,NOT COMPLETED,,,,,,,,
3757,MATHS,Complex Numbers,SANJANA,2026,OFFLINE,BBT,,BATCH6,,14,,14,NOT COMPLETED,,,,,,,,
3758,MATHS,Complex Numbers,SANJANA,2026,OFFLINE,BBT,,BATCH6,,9,,9,NOT COMPLETED,,,,,,,,
3759,MATHS,"Continuity, Differentiability and Derivatives",SANJANA,2026,OFFLINE,BBX,,BATCH6,,14,,14,NOT COMPLETED,,,,,,,,
3760,MATHS,"Continuity, Differentiability and Derivatives",SANJANA,2026,OFFLINE,BBX,,BATCH6,,9,,9,NOT COMPLETED,,,,,,,,
3761,CHEMISTRY,Coordination Compounds and Organometallics,SANJANA,2026,OFFLINE,MDD,,BATCH6,,10,,10,NOT COMPLETED,,,,,,,,
3762,CHEMISTRY,Coordination Compounds and Organometallics,SANJANA,2026,OFFLINE,MDD,,BATCH6,,14,,14,NOT COMPLETED,,,,,,,,
3763,PHYSICS,Current Electricity,SANJANA,2026,OFFLINE,PAA,,BATCH6,,12,,12,NOT COMPLETED,,,,,,,,
3764,PHYSICS,Current Electricity,SANJANA,2026,OFFLINE,PAA,,BATCH6,,14,,14,NOT COMPLETED,,,,,,,,
3765,MATHS,Differential Equations,SANJANA,2026,OFFLINE,ZCL,,BATCH6,,14,,14,NOT COMPLETED,,,,,,,,
3766,MATHS,Differential Equations,SANJANA,2026,OFFLINE,ZCL,,BATCH6,,14,,14,NOT COMPLETED,,,,,,,,
3767,PHYSICS,Dual Nature of Matter and Radiation,SANJANA,2026,OFFLINE,ZDI,,BATCH6,,7,,7,NOT COMPLETED,,,,,,,,
3768,PHYSICS,Dual Nature of Matter and Radiation,SANJANA,2026,OFFLINE,ZDI,,BATCH6,,14,,14,NOT COMPLETED,,,,,,,,
3769,BOTANY,Ecosystem,SANJANA,2026,OFFLINE,BAW,,BATCH6,,9,,9,NOT COMPLETED,,,,,,,,
3770,BOTANY,Ecosystem,SANJANA,2026,OFFLINE,BAW,,BATCH6,,9,,9,NOT COMPLETED,,,,,,,,
3771,CHEMISTRY,Electrochemistry,SANJANA,2026,OFFLINE,CAO,,BATCH6,,10,,10,NOT COMPLETED,,,,,,,,
3772,CHEMISTRY,Electrochemistry,SANJANA,2026,OFFLINE,CAO,,BATCH6,,24,,24,NOT COMPLETED,,,,,,,,
3773,PHYSICS,Electromagnetic Induction and Alternating Current,SANJANA,2026,OFFLINE,PAJ,,BATCH6,,14,,14,NOT COMPLETED,,,,,,,,
3774,PHYSICS,Electromagnetic Induction and Alternating Current,SANJANA,2026,OFFLINE,PAJ,,BATCH6,,21,,21,NOT COMPLETED,,,,,,,,
3775,PHYSICS,Electromagnetic Induction and Alternating Current,SANJANA,2026,OFFLINE,PAJ,,BATCH6,,9,,9,NOT COMPLETED,,,,,,,,
3776,PHYSICS,Electromagnetic Waves,SANJANA,2026,OFFLINE,BCU,,BATCH6,,5,,5,NOT COMPLETED,,,,,,,,
3777,PHYSICS,Electromagnetic Waves,SANJANA,2026,OFFLINE,BCU,,BATCH6,,15,,15,NOT COMPLETED,,,,,,,,
3778,ZOOLOGY,Excretory Products and Their Elimination,SANJANA,2026,OFFLINE,PCL,,BATCH6,,15,,15,NOT COMPLETED,,,,,,,,
3779,ZOOLOGY,Excretory Products and Their Elimination,SANJANA,2026,OFFLINE,PCL,,BATCH6,,17,,17,NOT COMPLETED,,,,,,,,
3780,ZOOLOGY,Excretory Products and Their Elimination,SANJANA,2026,OFFLINE,PCL,,BATCH6,,12,,12,NOT COMPLETED,,,,,,,,
3781,PHYSICS,Gravitation,SANJANA,2026,OFFLINE,BCP,,BATCH6,,9,,9,NOT COMPLETED,,,,,,,,
3782,PHYSICS,Gravitation,SANJANA,2026,OFFLINE,BCP,,BATCH6,,19,,19,NOT COMPLETED,,,,,,,,
3783,ZOOLOGY,Human Health and Disease,SANJANA,2026,OFFLINE,ZCC,,BATCH6,,17,,17,NOT COMPLETED,,,,,,,,
3784,ZOOLOGY,Human Health and Disease,SANJANA,2026,OFFLINE,ZCC,,BATCH6,,9,,9,NOT COMPLETED,,,,,,,,
3785,ZOOLOGY,Human Health and Disease,SANJANA,2026,OFFLINE,ZCC,,BATCH6,,15,,15,NOT COMPLETED,,,,,,,,
3786,ZOOLOGY,Human Reproduction,SANJANA,2026,OFFLINE,PAX,,BATCH6,,21,,21,NOT COMPLETED,,,,,,,,
3787,ZOOLOGY,Human Reproduction,SANJANA,2026,OFFLINE,PAX,,BATCH6,,14,,14,NOT COMPLETED,,,,,,,,
3788,MATHS,Integration and its Applications,SANJANA,2026,OFFLINE,MBX,,BATCH6,,29,,29,NOT COMPLETED,,,,,,,,
3789,MATHS,Integration and its Applications,SANJANA,2026,OFFLINE,MBX,,BATCH6,,12,,12,NOT COMPLETED,,,,,,,,
3790,MATHS,Integration and its Applications,SANJANA,2026,OFFLINE,MBX,,BATCH6,,17,,17,NOT COMPLETED,,,,,,,,
3791,PHYSICS,Laws of Motion,SANJANA,2026,OFFLINE,MCB,,BATCH6,,10,,10,NOT COMPLETED,,,,,,,,
3792,PHYSICS,Laws of Motion,SANJANA,2026,OFFLINE,MCB,,BATCH6,,12,,12,NOT COMPLETED,,,,,,,,
3793,MATHS,Limits of Real Functions,SANJANA,2026,OFFLINE,PDI,,BATCH6,,10,,10,NOT COMPLETED,,,,,,,,
3794,MATHS,Limits of Real Functions,SANJANA,2026,OFFLINE,PDI,,BATCH6,,10,,10,NOT COMPLETED,,,,,,,,
3795,MATHS,Limits of Real Functions,SANJANA,2026,OFFLINE,PDI,,BATCH6,,7,,7,NOT COMPLETED,,,,,,,,
3796,MATHS,Linear Inequations and Inequalities,SANJANA,2026,OFFLINE,ZBT,,BATCH6,,7,,7,NOT COMPLETED,,,,,,,,
3797,MATHS,Linear Inequations and Inequalities,SANJANA,2026,OFFLINE,ZBT,,BATCH6,,9,,9,NOT COMPLETED,,,,,,,,
3798,ZOOLOGY,Locomotion and Movement,SANJANA,2026,OFFLINE,PBG,,BATCH6,,19,,19,NOT COMPLETED,,,,,,,,
3799,ZOOLOGY,Locomotion and Movement,SANJANA,2026,OFFLINE,PBG,,BATCH6,,12,,12,NOT COMPLETED,,,,,,,,
3800,MATHS,Logarithm,SANJANA,2026,OFFLINE,ZCZ,,BATCH6,,9,,9,NOT COMPLETED,,,,,,,,
3801,MATHS,Logarithm,SANJANA,2026,OFFLINE,ZCZ,,BATCH6,,9,,9,NOT COMPLETED,,,,,,,,
3802,MATHS,Logarithm,SANJANA,2026,OFFLINE,ZCZ,,BATCH6,,26,,26,NOT COMPLETED,,,,,,,,
3803,PHYSICS,Mechanical Properties of Solids & Fluids,SANJANA,2026,OFFLINE,CDE,,BATCH6,,12,,12,NOT COMPLETED,,,,,,,,
3804,PHYSICS,Mechanical Properties of Solids & Fluids,SANJANA,2026,OFFLINE,CDE,,BATCH6,,14,,14,NOT COMPLETED,,,,,,,,
3805,ZOOLOGY,Microbes in Human Welfare,SANJANA,2026,OFFLINE,PCQ,,BATCH6,,15,,15,NOT COMPLETED,,,,,,,,
3806,ZOOLOGY,Microbes in Human Welfare,SANJANA,2026,OFFLINE,PCQ,,BATCH6,,10,,10,NOT COMPLETED,,,,,,,,
3807,ZOOLOGY,Molecular Basis of Inheritance,SANJANA,2026,OFFLINE,PAO,,BATCH6,,17,,17,NOT COMPLETED,,,,,,,,
3808,ZOOLOGY,Molecular Basis of Inheritance,SANJANA,2026,OFFLINE,PAO,,BATCH6,,7,,7,NOT COMPLETED,,,,,,,,
3809,PHYSICS,Motion in a Plane,SANJANA,2026,OFFLINE,CDN,,BATCH6,,9,,9,NOT COMPLETED,,,,,,,,
3810,PHYSICS,Motion in a Plane,SANJANA,2026,OFFLINE,CDN,,BATCH6,,14,,14,NOT COMPLETED,,,,,,,,
3811,PHYSICS,Motion in a Plane,SANJANA,2026,OFFLINE,CDN,,BATCH6,,14,,14,NOT COMPLETED,,,,,,,,
3812,PHYSICS,Motion in a Straight Line,SANJANA,2026,OFFLINE,BCC,,BATCH6,,9,,9,NOT COMPLETED,,,,,,,,
3813,PHYSICS,Motion in a Straight Line,SANJANA,2026,OFFLINE,BCC,,BATCH6,,12,,12,NOT COMPLETED,,,,,,,,
3814,PHYSICS,Moving Charges and Magnetism,SANJANA,2026,OFFLINE,MCG,,BATCH6,,12,,12,NOT COMPLETED,,,,,,,,
3815,PHYSICS,Moving Charges and Magnetism,SANJANA,2026,OFFLINE,MCG,,BATCH6,,9,,9,NOT COMPLETED,,,,,,,,
3816,CHEMISTRY,Organic Chemistry–Some Basic Principles–Part I I (Nomenclature),SANJANA,2026,OFFLINE,CAX,,BATCH6,,10,,10,NOT COMPLETED,,,,,,,,
3817,CHEMISTRY,Organic Chemistry–Some Basic Principles–Part I I (Nomenclature),SANJANA,2026,OFFLINE,CAX,,BATCH6,,24,,24,NOT COMPLETED,,,,,,,,
3818,CHEMISTRY,Organic Chemistry–Some Basic Principles–Part I I (Nomenclature),SANJANA,2026,OFFLINE,CAX,,BATCH6,,7,,7,NOT COMPLETED,,,,,,,,
3819,CHEMISTRY,Organic Chemistry–Some Basic Principles–Part II II (Reaction Mechanism),SANJANA,2026,OFFLINE,BDL,,BATCH6,,10,,10,NOT COMPLETED,,,,,,,,
3820,CHEMISTRY,Organic Chemistry–Some Basic Principles–Part II II (Reaction Mechanism),SANJANA,2026,OFFLINE,BDL,,BATCH6,,17,,17,NOT COMPLETED,,,,,,,,
3821,CHEMISTRY,Organic Chemistry–Some Basic Principles–Part III III (Purification),SANJANA,2026,OFFLINE,ZAA,,BATCH6,,10,,10,NOT COMPLETED,,,,,,,,
3822,CHEMISTRY,Organic Chemistry–Some Basic Principles–Part III III (Purification),SANJANA,2026,OFFLINE,ZAA,,BATCH6,,15,,15,NOT COMPLETED,,,,,,,,
3823,PHYSICS,Oscillations,SANJANA,2026,OFFLINE,ZDD,,BATCH6,,9,,9,NOT COMPLETED,,,,,,,,
3824,PHYSICS,Oscillations,SANJANA,2026,OFFLINE,ZDD,,BATCH6,,17,,17,NOT COMPLETED,,,,,,,,
3825,MATHS,"Permutation, Combination and Binomial Theorem",SANJANA,2026,OFFLINE,CCH,,BATCH6,,17,,17,NOT COMPLETED,,,,,,,,
3826,MATHS,"Permutation, Combination and Binomial Theorem",SANJANA,2026,OFFLINE,CCH,,BATCH6,,9,,9,NOT COMPLETED,,,,,,,,
3827,BOTANY,Photosynthesis in Higher Plants,SANJANA,2026,OFFLINE,ZBF,,BATCH6,,19,,19,NOT COMPLETED,,,,,,,,
3828,BOTANY,Photosynthesis in Higher Plants,SANJANA,2026,OFFLINE,ZBF,,BATCH6,,15,,15,NOT COMPLETED,,,,,,,,
3829,BOTANY,Photosynthesis in Higher Plants,SANJANA,2026,OFFLINE,ZBF,,BATCH6,,12,,12,NOT COMPLETED,,,,,,,,
3830,PHYSICS,"Physical World, Units and Measurements",SANJANA,2026,OFFLINE,PDM,,BATCH6,,9,,9,NOT COMPLETED,,,,,,,,
3831,PHYSICS,"Physical World, Units and Measurements",SANJANA,2026,OFFLINE,PDM,,BATCH6,,12,,12,NOT COMPLETED,,,,,,,,
3832,BOTANY,Plant Growth and Development,SANJANA,2026,OFFLINE,BAI,,BATCH6,,10,,10,NOT COMPLETED,,,,,,,,
3833,BOTANY,Plant Growth and Development,SANJANA,2026,OFFLINE,BAI,,BATCH6,,14,,14,NOT COMPLETED,,,,,,,,
3834,BOTANY,Plant Kingdom,SANJANA,2026,OFFLINE,ZAS,,BATCH6,,12,,12,NOT COMPLETED,,,,,,,,
3835,BOTANY,Plant Kingdom,SANJANA,2026,OFFLINE,ZAS,,BATCH6,,10,,10,NOT COMPLETED,,,,,,,,
3836,ZOOLOGY,Principles of Inheritance and Variation,SANJANA,2026,OFFLINE,BBO,,BATCH6,,14,,14,NOT COMPLETED,,,,,,,,
3837,ZOOLOGY,Principles of Inheritance and Variation,SANJANA,2026,OFFLINE,BBO,,BATCH6,,12,,12,NOT COMPLETED,,,,,,,,
3838,ZOOLOGY,Principles of Inheritance and Variation,SANJANA,2026,OFFLINE,BBO,,BATCH6,,14,,14,NOT COMPLETED,,,,,,,,
3839,CHEMISTRY,Redox Reaction,SANJANA,2026,OFFLINE,PBL,,BATCH6,,9,,9,NOT COMPLETED,,,,,,,,
3840,CHEMISTRY,Redox Reaction,SANJANA,2026,OFFLINE,PBL,,BATCH6,,21,,21,NOT COMPLETED,,,,,,,,
3841,BOTANY,Respiration in Plants,SANJANA,2026,OFFLINE,MDU,,BATCH6,,14,,14,NOT COMPLETED,,,,,,,,
3842,BOTANY,Respiration in Plants,SANJANA,2026,OFFLINE,MDU,,BATCH6,,17,,17,NOT COMPLETED,,,,,,,,
3843,PHYSICS,Semiconductor Electronics,SANJANA,2026,OFFLINE,BDI,,BATCH6,,10,,10,NOT COMPLETED,,,,,,,,
3844,PHYSICS,Semiconductor Electronics,SANJANA,2026,OFFLINE,BDI,,BATCH6,,14,,14,NOT COMPLETED,,,,,,,,
3845,PHYSICS,Semiconductor Electronics,SANJANA,2026,OFFLINE,BDI,,BATCH6,,9,,9,NOT COMPLETED,,,,,,,,
3846,MATHS,"Sets, Relations and  Functions",SANJANA,2026,OFFLINE,CCQ,,BATCH6,,31,,31,NOT COMPLETED,,,,,,,,
3847,MATHS,"Sets, Relations and  Functions",SANJANA,2026,OFFLINE,CCQ,,BATCH6,,12,,12,NOT COMPLETED,,,,,,,,
3848,MATHS,"Sets, Relations and  Functions",SANJANA,2026,OFFLINE,CCQ,,BATCH6,,19,,19,NOT COMPLETED,,,,,,,,
3849,BOTANY,Sexual reproduction in Flowering Plants,SANJANA,2026,OFFLINE,CBT,,BATCH6,,17,,17,NOT COMPLETED,,,,,,,,
3850,BOTANY,Sexual reproduction in Flowering Plants,SANJANA,2026,OFFLINE,CBT,,BATCH6,,7,,7,NOT COMPLETED,,,,,,,,
3851,BOTANY,Sexual reproduction in Flowering Plants,SANJANA,2026,OFFLINE,CBT,,BATCH6,,10,,10,NOT COMPLETED,,,,,,,,
3852,CHEMISTRY,Solutions,SANJANA,2026,OFFLINE,ZDZ,,BATCH6,,7,,7,NOT COMPLETED,,,,,,,,
3853,CHEMISTRY,Solutions,SANJANA,2026,OFFLINE,ZDZ,,BATCH6,,31,,31,NOT COMPLETED,,,,,,,,
3854,CHEMISTRY,Some Basic Concepts of Chemistry,SANJANA,2026,OFFLINE,CDV,,BATCH6,,7,,7,NOT COMPLETED,,,,,,,,
3855,CHEMISTRY,Some Basic Concepts of Chemistry,SANJANA,2026,OFFLINE,CDV,,BATCH6,,15,,15,NOT COMPLETED,,,,,,,,
3856,MATHS,Statistics,SANJANA,2026,OFFLINE,CCV,,BATCH6,,12,,12,NOT COMPLETED,,,,,,,,
3857,MATHS,Statistics,SANJANA,2026,OFFLINE,CCV,,BATCH6,,10,,10,NOT COMPLETED,,,,,,,,
3858,MATHS,Statistics,SANJANA,2026,OFFLINE,CCV,,BATCH6,,9,,9,NOT COMPLETED,,,,,,,,
3859,MATHS,Straight Lines,SANJANA,2026,OFFLINE,ZCH,,BATCH6,,14,,14,NOT COMPLETED,,,,,,,,
3860,MATHS,Straight Lines,SANJANA,2026,OFFLINE,ZCH,,BATCH6,,10,,10,NOT COMPLETED,,,,,,,,
3861,ZOOLOGY,Structural organisation in Animals Animal Tissue,SANJANA,2026,OFFLINE,PBY,,BATCH6,,14,,14,NOT COMPLETED,,,,,,,,
3862,ZOOLOGY,Structural organisation in Animals Animal Tissue,SANJANA,2026,OFFLINE,PBY,,BATCH6,,9,,9,NOT COMPLETED,,,,,,,,
3863,PHYSICS,System of Particles and Rigid Body Rotation,SANJANA,2026,OFFLINE,CAA,,BATCH6,,10,,10,NOT COMPLETED,,,,,,,,
3864,PHYSICS,System of Particles and Rigid Body Rotation,SANJANA,2026,OFFLINE,CAA,,BATCH6,,17,,17,NOT COMPLETED,,,,,,,,
3865,PHYSICS,System of Particles and Rigid Body Rotation,SANJANA,2026,OFFLINE,CAA,,BATCH6,,14,,14,NOT COMPLETED,,,,,,,,
3866,CHEMISTRY,The d and f Block Block Elements,SANJANA,2026,OFFLINE,ZAN,,BATCH6,,9,,9,NOT COMPLETED,,,,,,,,
3867,CHEMISTRY,The d and f Block Block Elements,SANJANA,2026,OFFLINE,ZAN,,BATCH6,,21,,21,NOT COMPLETED,,,,,,,,
3868,ZOOLOGY,The Living World,SANJANA,2026,OFFLINE,CBK,,BATCH6,,9,,9,NOT COMPLETED,,,,,,,,
3869,ZOOLOGY,The Living World,SANJANA,2026,OFFLINE,CBK,,BATCH6,,10,,10,NOT COMPLETED,,,,,,,,
3870,CHEMISTRY,The p Block Elements (XI) (XI) & (XII),SANJANA,2026,OFFLINE,PBC,,BATCH6,,9,,9,NOT COMPLETED,,,,,,,,
3871,CHEMISTRY,The p Block Elements (XI) (XI) & (XII),SANJANA,2026,OFFLINE,PBC,,BATCH6,,17,,17,NOT COMPLETED,,,,,,,,
3872,MATHS,Theory of Probability,SANJANA,2026,OFFLINE,CCZ,,BATCH6,,14,,14,NOT COMPLETED,,,,,,,,
3873,MATHS,Theory of Probability,SANJANA,2026,OFFLINE,CCZ,,BATCH6,,15,,15,NOT COMPLETED,,,,,,,,
3874,CHEMISTRY,Thermodynamics and Chemical Energetics,SANJANA,2026,OFFLINE,ZAJ,,BATCH6,,9,,9,NOT COMPLETED,,,,,,,,
3875,CHEMISTRY,Thermodynamics and Chemical Energetics,SANJANA,2026,OFFLINE,ZAJ,,BATCH6,,15,,15,NOT COMPLETED,,,,,,,,
3876,CHEMISTRY,Thermodynamics and Chemical Energetics,SANJANA,2026,OFFLINE,ZAJ,,BATCH6,,5,,5,NOT COMPLETED,,,,,,,,
3877,MATHS,Three Dimensional Geometry,SANJANA,2026,OFFLINE,BCL,,BATCH6,,17,,17,NOT COMPLETED,,,,,,,,
3878,MATHS,Three Dimensional Geometry,SANJANA,2026,OFFLINE,BCL,,BATCH6,,10,,10,NOT COMPLETED,,,,,,,,
3879,MATHS,Three Dimensional Geometry,SANJANA,2026,OFFLINE,BCL,,BATCH6,,15,,15,NOT COMPLETED,,,,,,,,
3880,MATHS,Trigonometry I,SANJANA,2026,OFFLINE,MBF,,BATCH6,,24,,24,NOT COMPLETED,,,,,,,,
3881,MATHS,Trigonometry I,SANJANA,2026,OFFLINE,MBF,,BATCH6,,9,,9,NOT COMPLETED,,,,,,,,
3882,MATHS,Trigonometry II,SANJANA,2026,OFFLINE,MBJ,,BATCH6,,26,,26,NOT COMPLETED,,,,,,,,
3883,MATHS,Trigonometry II,SANJANA,2026,OFFLINE,MBJ,,BATCH6,,7,,7,NOT COMPLETED,,,,,,,,
3884,PHYSICS,Wave Optics,SANJANA,2026,OFFLINE,MCU,,BATCH6,,7,,7,NOT COMPLETED,,,,,,,,
3885,PHYSICS,Wave Optics,SANJANA,2026,OFFLINE,MCU,,BATCH6,,21,,21,NOT COMPLETED,,,,,,,,
3886,PHYSICS,Wave Optics,SANJANA,2026,OFFLINE,MCU,,BATCH6,,12,,12,NOT COMPLETED,,,,,,,,
3887,PHYSICS,Waves,SANJANA,2026,OFFLINE,PDR,,BATCH6,,9,,9,NOT COMPLETED,,,,,,,,
3888,PHYSICS,Waves,SANJANA,2026,OFFLINE,PDR,,BATCH6,,14,,14,NOT COMPLETED,,,,,,,,
3889,PHYSICS,Work Energy & Power,SANJANA,2026,OFFLINE,ZCQ,,BATCH6,,9,,9,NOT COMPLETED,,,,,,,,
3890,PHYSICS,Work Energy & Power,SANJANA,2026,OFFLINE,ZCQ,,BATCH6,,14,,14,NOT COMPLETED,,,,,,,,
3891,CHEMISTRY,Aldehydes and Ketones,VISAKHAN,2026,OFFLINE,CBC,,BATCH7,,12,,12,NOT COMPLETED,,,,,,,,
3892,CHEMISTRY,Aldehydes and Ketones,VISAKHAN,2026,OFFLINE,CBC,,BATCH7,,14,,14,NOT COMPLETED,,,,,,,,
3893,CHEMISTRY,Aldehydes and Ketones,VISAKHAN,2026,OFFLINE,CBC,,BATCH7,,10,,10,NOT COMPLETED,,,,,,,,
3894,ZOOLOGY,Animal Kingdom Non Chordata,VISAKHAN,2026,OFFLINE,CBL,,BATCH7,,21,,21,NOT COMPLETED,,,,,,,,
3895,ZOOLOGY,Animal Kingdom Non Chordata,VISAKHAN,2026,OFFLINE,CBL,,BATCH7,,9,,9,NOT COMPLETED,,,,,,,,
3896,MATHS,Applications of Differentiation,VISAKHAN,2026,OFFLINE,BBY,,BATCH7,,12,,12,NOT COMPLETED,,,,,,,,
3897,MATHS,Applications of Differentiation,VISAKHAN,2026,OFFLINE,BBY,,BATCH7,,10,,10,NOT COMPLETED,,,,,,,,
3898,PHYSICS,Atoms and Nuclei,VISAKHAN,2026,OFFLINE,ZDJ,,BATCH7,,9,,9,NOT COMPLETED,,,,,,,,
3899,PHYSICS,Atoms and Nuclei,VISAKHAN,2026,OFFLINE,ZDJ,,BATCH7,,15,,15,NOT COMPLETED,,,,,,,,
3900,ZOOLOGY,Biodiversity and Conservation,VISAKHAN,2026,OFFLINE,PAF,,BATCH7,,9,,9,NOT COMPLETED,,,,,,,,
3901,ZOOLOGY,Biodiversity and Conservation,VISAKHAN,2026,OFFLINE,PAF,,BATCH7,,7,,7,NOT COMPLETED,,,,,,,,
3902,CHEMISTRY,Biomolecules,VISAKHAN,2026,OFFLINE,MDQ,,BATCH7,,10,,10,NOT COMPLETED,,,,,,,,
3903,CHEMISTRY,Biomolecules,VISAKHAN,2026,OFFLINE,MDQ,,BATCH7,,12,,12,NOT COMPLETED,,,,,,,,
3904,CHEMISTRY,Biomolecules,VISAKHAN,2026,OFFLINE,MDQ,,BATCH7,,10,,10,NOT COMPLETED,,,,,,,,
3905,BOTANY,Biotechnology : Principles and processes,VISAKHAN,2026,OFFLINE,CBU,,BATCH7,,14,,14,NOT COMPLETED,,,,,,,,
3906,BOTANY,Biotechnology : Principles and processes,VISAKHAN,2026,OFFLINE,CBU,,BATCH7,,9,,9,NOT COMPLETED,,,,,,,,
3907,BOTANY,Biotechnology : Principles and processes,VISAKHAN,2026,OFFLINE,CBU,,BATCH7,,9,,9,NOT COMPLETED,,,,,,,,
3908,BOTANY,Biotechnology and its Applications,VISAKHAN,2026,OFFLINE,MAJ,,BATCH7,,12,,12,NOT COMPLETED,,,,,,,,
3909,BOTANY,Biotechnology and its Applications,VISAKHAN,2026,OFFLINE,MAJ,,BATCH7,,9,,9,NOT COMPLETED,,,,,,,,
3910,ZOOLOGY,Body Fluids and Circulation,VISAKHAN,2026,OFFLINE,MAN,,BATCH7,,14,,14,NOT COMPLETED,,,,,,,,
3911,ZOOLOGY,Body Fluids and Circulation,VISAKHAN,2026,OFFLINE,MAN,,BATCH7,,9,,9,NOT COMPLETED,,,,,,,,
3912,ZOOLOGY,Breathing and Exchange of Gases,VISAKHAN,2026,OFFLINE,CBZ,,BATCH7,,15,,15,NOT COMPLETED,,,,,,,,
3913,ZOOLOGY,Breathing and Exchange of Gases,VISAKHAN,2026,OFFLINE,CBZ,,BATCH7,,9,,9,NOT COMPLETED,,,,,,,,
3914,ZOOLOGY,Breathing and Exchange of Gases,VISAKHAN,2026,OFFLINE,CBZ,,BATCH7,,17,,17,NOT COMPLETED,,,,,,,,
3915,CHEMISTRY,Carboxylic Acids and It's Derivatives  Derivatives,VISAKHAN,2026,OFFLINE,BDR,,BATCH7,,10,,10,NOT COMPLETED,,,,,,,,
3916,CHEMISTRY,Carboxylic Acids and It's Derivatives  Derivatives,VISAKHAN,2026,OFFLINE,BDR,,BATCH7,,15,,15,NOT COMPLETED,,,,,,,,
3917,BOTANY,Cell : The unit of life,VISAKHAN,2026,OFFLINE,BAS,,BATCH7,,14,,14,NOT COMPLETED,,,,,,,,
3918,BOTANY,Cell : The unit of life,VISAKHAN,2026,OFFLINE,BAS,,BATCH7,,29,,29,NOT COMPLETED,,,,,,,,
3919,BOTANY,Cell : The unit of life,VISAKHAN,2026,OFFLINE,BAS,,BATCH7,,12,,12,NOT COMPLETED,,,,,,,,
3920,BOTANY,Cell Cycle and Cell Division,VISAKHAN,2026,OFFLINE,CBH,,BATCH7,,17,,17,NOT COMPLETED,,,,,,,,
3921,BOTANY,Cell Cycle and Cell Division,VISAKHAN,2026,OFFLINE,CBH,,BATCH7,,14,,14,NOT COMPLETED,,,,,,,,
3922,CHEMISTRY,Chemical and Ionic Equilibrium,VISAKHAN,2026,OFFLINE,ZAK,,BATCH7,,9,,9,NOT COMPLETED,,,,,,,,
3923,CHEMISTRY,Chemical and Ionic Equilibrium,VISAKHAN,2026,OFFLINE,ZAK,,BATCH7,,14,,14,NOT COMPLETED,,,,,,,,
3924,CHEMISTRY,Chemical and Ionic Equilibrium,VISAKHAN,2026,OFFLINE,ZAK,,BATCH7,,12,,12,NOT COMPLETED,,,,,,,,
3925,CHEMISTRY,Chemical Bonding and Molecular Structure  Structure,VISAKHAN,2026,OFFLINE,ZDW,,BATCH7,,9,,9,NOT COMPLETED,,,,,,,,
3926,CHEMISTRY,Chemical Bonding and Molecular Structure  Structure,VISAKHAN,2026,OFFLINE,ZDW,,BATCH7,,12,,12,NOT COMPLETED,,,,,,,,
3927,CHEMISTRY,Chemical Bonding and Molecular Structure  Structure,VISAKHAN,2026,OFFLINE,ZDW,,BATCH7,,9,,9,NOT COMPLETED,,,,,,,,
3928,CHEMISTRY,Chemical Kinetics,VISAKHAN,2026,OFFLINE,PAK,,BATCH7,,10,,10,NOT COMPLETED,,,,,,,,
3929,CHEMISTRY,Chemical Kinetics,VISAKHAN,2026,OFFLINE,PAK,,BATCH7,,7,,7,NOT COMPLETED,,,,,,,,
3930,MATHS,Circles,VISAKHAN,2026,OFFLINE,ZCI,,BATCH7,,15,,15,NOT COMPLETED,,,,,,,,
3931,MATHS,Circles,VISAKHAN,2026,OFFLINE,ZCI,,BATCH7,,10,,10,NOT COMPLETED,,,,,,,,
3932,MATHS,Conic Section,VISAKHAN,2026,OFFLINE,PCV,,BATCH7,,19,,19,NOT COMPLETED,,,,,,,,
3933,MATHS,Conic Section,VISAKHAN,2026,OFFLINE,PCV,,BATCH7,,10,,10,NOT COMPLETED,,,,,,,,
3934,MATHS,"Continuity, Differentiability and Derivatives",VISAKHAN,2026,OFFLINE,PDJ,,BATCH7,,14,,14,NOT COMPLETED,,,,,,,,
3935,MATHS,"Continuity, Differentiability and Derivatives",VISAKHAN,2026,OFFLINE,PDJ,,BATCH7,,9,,9,NOT COMPLETED,,,,,,,,
3936,MATHS,"Continuity, Differentiability and Derivatives",VISAKHAN,2026,OFFLINE,PDJ,,BATCH7,,21,,21,NOT COMPLETED,,,,,,,,
3937,CHEMISTRY,Coordination Compounds and Organometallics,VISAKHAN,2026,OFFLINE,ZAO,,BATCH7,,10,,10,NOT COMPLETED,,,,,,,,
3938,CHEMISTRY,Coordination Compounds and Organometallics,VISAKHAN,2026,OFFLINE,ZAO,,BATCH7,,14,,14,NOT COMPLETED,,,,,,,,
3939,MATHS,Differential Equations,VISAKHAN,2026,OFFLINE,MBY,,BATCH7,,14,,14,NOT COMPLETED,,,,,,,,
3940,MATHS,Differential Equations,VISAKHAN,2026,OFFLINE,MBY,,BATCH7,,14,,14,NOT COMPLETED,,,,,,,,
3941,MATHS,Differential Equations,VISAKHAN,2026,OFFLINE,MBY,,BATCH7,,14,,14,NOT COMPLETED,,,,,,,,
3942,PHYSICS,Dual Nature of Matter and Radiation,VISAKHAN,2026,OFFLINE,PBV,,BATCH7,,7,,7,NOT COMPLETED,,,,,,,,
3943,PHYSICS,Dual Nature of Matter and Radiation,VISAKHAN,2026,OFFLINE,PBV,,BATCH7,,14,,14,NOT COMPLETED,,,,,,,,
3944,PHYSICS,Dual Nature of Matter and Radiation,VISAKHAN,2026,OFFLINE,PBV,,BATCH7,,10,,10,NOT COMPLETED,,,,,,,,
3945,CHEMISTRY,Electrochemistry,VISAKHAN,2026,OFFLINE,BAA,,BATCH7,,10,,10,NOT COMPLETED,,,,,,,,
3946,CHEMISTRY,Electrochemistry,VISAKHAN,2026,OFFLINE,BAA,,BATCH7,,24,,24,NOT COMPLETED,,,,,,,,
3947,PHYSICS,Electromagnetic Waves,VISAKHAN,2026,OFFLINE,CAF,,BATCH7,,5,,5,NOT COMPLETED,,,,,,,,
3948,PHYSICS,Electromagnetic Waves,VISAKHAN,2026,OFFLINE,CAF,,BATCH7,,15,,15,NOT COMPLETED,,,,,,,,
3949,PHYSICS,Electromagnetic Waves,VISAKHAN,2026,OFFLINE,CAF,,BATCH7,,10,,10,NOT COMPLETED,,,,,,,,
3950,PHYSICS,Electrostatics,VISAKHAN,2026,OFFLINE,PDS,,BATCH7,,17,,17,NOT COMPLETED,,,,,,,,
3951,PHYSICS,Electrostatics,VISAKHAN,2026,OFFLINE,PDS,,BATCH7,,12,,12,NOT COMPLETED,,,,,,,,
3952,ZOOLOGY,Evolution,VISAKHAN,2026,OFFLINE,CCD,,BATCH7,,24,,24,NOT COMPLETED,,,,,,,,
3953,ZOOLOGY,Evolution,VISAKHAN,2026,OFFLINE,CCD,,BATCH7,,7,,7,NOT COMPLETED,,,,,,,,
3954,PHYSICS,Gravitation,VISAKHAN,2026,OFFLINE,CAB,,BATCH7,,9,,9,NOT COMPLETED,,,,,,,,
3955,PHYSICS,Gravitation,VISAKHAN,2026,OFFLINE,CAB,,BATCH7,,19,,19,NOT COMPLETED,,,,,,,,
3956,PHYSICS,Gravitation,VISAKHAN,2026,OFFLINE,CAB,,BATCH7,,15,,15,NOT COMPLETED,,,,,,,,
3957,CHEMISTRY,Halo Alkanes and Halo Arenes  Arenes,VISAKHAN,2026,OFFLINE,MDE,,BATCH7,,12,,12,NOT COMPLETED,,,,,,,,
3958,CHEMISTRY,Halo Alkanes and Halo Arenes  Arenes,VISAKHAN,2026,OFFLINE,MDE,,BATCH7,,17,,17,NOT COMPLETED,,,,,,,,
3959,ZOOLOGY,Human Reproduction,VISAKHAN,2026,OFFLINE,MBB,,BATCH7,,21,,21,NOT COMPLETED,,,,,,,,
3960,ZOOLOGY,Human Reproduction,VISAKHAN,2026,OFFLINE,MBB,,BATCH7,,14,,14,NOT COMPLETED,,,,,,,,
3961,ZOOLOGY,Human Reproduction,VISAKHAN,2026,OFFLINE,MBB,,BATCH7,,21,,21,NOT COMPLETED,,,,,,,,
3962,CHEMISTRY,Hydrocarbons,VISAKHAN,2026,OFFLINE,PAT,,BATCH7,,10,,10,NOT COMPLETED,,,,,,,,
3963,CHEMISTRY,Hydrocarbons,VISAKHAN,2026,OFFLINE,PAT,,BATCH7,,9,,9,NOT COMPLETED,,,,,,,,
3964,PHYSICS,Laws of Motion,VISAKHAN,2026,OFFLINE,CDO,,BATCH7,,10,,10,NOT COMPLETED,,,,,,,,
3965,PHYSICS,Laws of Motion,VISAKHAN,2026,OFFLINE,CDO,,BATCH7,,12,,12,NOT COMPLETED,,,,,,,,
3966,PHYSICS,Laws of Motion,VISAKHAN,2026,OFFLINE,CDO,,BATCH7,,12,,12,NOT COMPLETED,,,,,,,,
3967,MATHS,Linear Inequations and Inequalities,VISAKHAN,2026,OFFLINE,MBG,,BATCH7,,7,,7,NOT COMPLETED,,,,,,,,
3968,MATHS,Linear Inequations and Inequalities,VISAKHAN,2026,OFFLINE,MBG,,BATCH7,,9,,9,NOT COMPLETED,,,,,,,,
3969,MATHS,Linear Programming,VISAKHAN,2026,OFFLINE,CDA,,BATCH7,,7,,7,NOT COMPLETED,,,,,,,,
3970,MATHS,Linear Programming,VISAKHAN,2026,OFFLINE,CDA,,BATCH7,,10,,10,NOT COMPLETED,,,,,,,,
3971,ZOOLOGY,Locomotion and Movement,VISAKHAN,2026,OFFLINE,PCM,,BATCH7,,19,,19,NOT COMPLETED,,,,,,,,
3972,ZOOLOGY,Locomotion and Movement,VISAKHAN,2026,OFFLINE,PCM,,BATCH7,,12,,12,NOT COMPLETED,,,,,,,,
3973,ZOOLOGY,Locomotion and Movement,VISAKHAN,2026,OFFLINE,PCM,,BATCH7,,14,,14,NOT COMPLETED,,,,,,,,
3974,PHYSICS,Magnetism and Matter,VISAKHAN,2026,OFFLINE,MCH,,BATCH7,,9,,9,NOT COMPLETED,,,,,,,,
3975,PHYSICS,Magnetism and Matter,VISAKHAN,2026,OFFLINE,MCH,,BATCH7,,9,,9,NOT COMPLETED,,,,,,,,
3976,MATHS,Matrices and Determinants,VISAKHAN,2026,OFFLINE,MBK,,BATCH7,,21,,21,NOT COMPLETED,,,,,,,,
3977,MATHS,Matrices and Determinants,VISAKHAN,2026,OFFLINE,MBK,,BATCH7,,10,,10,NOT COMPLETED,,,,,,,,
3978,PHYSICS,Mechanical Properties of Solids & Fluids,VISAKHAN,2026,OFFLINE,BCQ,,BATCH7,,12,,12,NOT COMPLETED,,,,,,,,
3979,PHYSICS,Mechanical Properties of Solids & Fluids,VISAKHAN,2026,OFFLINE,BCQ,,BATCH7,,14,,14,NOT COMPLETED,,,,,,,,
3980,ZOOLOGY,Microbes in Human Welfare,VISAKHAN,2026,OFFLINE,ZCD,,BATCH7,,15,,15,NOT COMPLETED,,,,,,,,
3981,ZOOLOGY,Microbes in Human Welfare,VISAKHAN,2026,OFFLINE,ZCD,,BATCH7,,10,,10,NOT COMPLETED,,,,,,,,
3982,ZOOLOGY,Microbes in Human Welfare,VISAKHAN,2026,OFFLINE,ZCD,,BATCH7,,14,,14,NOT COMPLETED,,,,,,,,
3983,ZOOLOGY,Molecular Basis of Inheritance,VISAKHAN,2026,OFFLINE,BBP,,BATCH7,,17,,17,NOT COMPLETED,,,,,,,,
3984,ZOOLOGY,Molecular Basis of Inheritance,VISAKHAN,2026,OFFLINE,BBP,,BATCH7,,7,,7,NOT COMPLETED,,,,,,,,
3985,ZOOLOGY,Molecular Basis of Inheritance,VISAKHAN,2026,OFFLINE,BBP,,BATCH7,,21,,21,NOT COMPLETED,,,,,,,,
3986,BOTANY,Morphology of Flowering Plants,VISAKHAN,2026,OFFLINE,ZAT,,BATCH7,,14,,14,NOT COMPLETED,,,,,,,,
3987,BOTANY,Morphology of Flowering Plants,VISAKHAN,2026,OFFLINE,ZAT,,BATCH7,,14,,14,NOT COMPLETED,,,,,,,,
3988,PHYSICS,Motion in a Plane,VISAKHAN,2026,OFFLINE,BCD,,BATCH7,,9,,9,NOT COMPLETED,,,,,,,,
3989,PHYSICS,Motion in a Plane,VISAKHAN,2026,OFFLINE,BCD,,BATCH7,,14,,14,NOT COMPLETED,,,,,,,,
3990,PHYSICS,Motion in a Straight Line,VISAKHAN,2026,OFFLINE,PDN,,BATCH7,,9,,9,NOT COMPLETED,,,,,,,,
3991,PHYSICS,Motion in a Straight Line,VISAKHAN,2026,OFFLINE,PDN,,BATCH7,,12,,12,NOT COMPLETED,,,,,,,,
3992,PHYSICS,Moving Charges and Magnetism,VISAKHAN,2026,OFFLINE,CDR,,BATCH7,,12,,12,NOT COMPLETED,,,,,,,,
3993,PHYSICS,Moving Charges and Magnetism,VISAKHAN,2026,OFFLINE,CDR,,BATCH7,,9,,9,NOT COMPLETED,,,,,,,,
3994,ZOOLOGY,Neural Control and Coordination,VISAKHAN,2026,OFFLINE,BBB,,BATCH7,,15,,15,NOT COMPLETED,,,,,,,,
3995,ZOOLOGY,Neural Control and Coordination,VISAKHAN,2026,OFFLINE,BBB,,BATCH7,,12,,12,NOT COMPLETED,,,,,,,,
3996,CHEMISTRY,Organic Chemistry–Some Basic Principles–Part I I (Nomenclature),VISAKHAN,2026,OFFLINE,PAB,,BATCH7,,10,,10,NOT COMPLETED,,,,,,,,
3997,CHEMISTRY,Organic Chemistry–Some Basic Principles–Part I I (Nomenclature),VISAKHAN,2026,OFFLINE,PAB,,BATCH7,,24,,24,NOT COMPLETED,,,,,,,,
3998,CHEMISTRY,Organic Chemistry–Some Basic Principles–Part II II (Reaction Mechanism),VISAKHAN,2026,OFFLINE,CAY,,BATCH7,,10,,10,NOT COMPLETED,,,,,,,,
3999,CHEMISTRY,Organic Chemistry–Some Basic Principles–Part II II (Reaction Mechanism),VISAKHAN,2026,OFFLINE,CAY,,BATCH7,,17,,17,NOT COMPLETED,,,,,,,,
4000,CHEMISTRY,Organic Chemistry–Some Basic Principles–Part II II (Reaction Mechanism),VISAKHAN,2026,OFFLINE,CAY,,BATCH7,,9,,9,NOT COMPLETED,,,,,,,,
4001,CHEMISTRY,Organic Chemistry–Some Basic Principles–Part III III (Purification),VISAKHAN,2026,OFFLINE,BDM,,BATCH7,,10,,10,NOT COMPLETED,,,,,,,,
4002,CHEMISTRY,Organic Chemistry–Some Basic Principles–Part III III (Purification),VISAKHAN,2026,OFFLINE,BDM,,BATCH7,,15,,15,NOT COMPLETED,,,,,,,,
4003,BOTANY,Organism and Population,VISAKHAN,2026,OFFLINE,ZAX,,BATCH7,,14,,14,NOT COMPLETED,,,,,,,,
4004,BOTANY,Organism and Population,VISAKHAN,2026,OFFLINE,ZAX,,BATCH7,,9,,9,NOT COMPLETED,,,,,,,,
4005,MATHS,"Permutation, Combination and Binomial Theorem",VISAKHAN,2026,OFFLINE,BBU,,BATCH7,,17,,17,NOT COMPLETED,,,,,,,,
4006,MATHS,"Permutation, Combination and Binomial Theorem",VISAKHAN,2026,OFFLINE,BBU,,BATCH7,,9,,9,NOT COMPLETED,,,,,,,,
4007,PHYSICS,"Physical World, Units and Measurements",VISAKHAN,2026,OFFLINE,ZDA,,BATCH7,,9,,9,NOT COMPLETED,,,,,,,,
4008,PHYSICS,"Physical World, Units and Measurements",VISAKHAN,2026,OFFLINE,ZDA,,BATCH7,,12,,12,NOT COMPLETED,,,,,,,,
4009,PHYSICS,"Physical World, Units and Measurements",VISAKHAN,2026,OFFLINE,ZDA,,BATCH7,,21,,21,NOT COMPLETED,,,,,,,,
4010,BOTANY,Plant Growth and Development,VISAKHAN,2026,OFFLINE,MDV,,BATCH7,,10,,10,NOT COMPLETED,,,,,,,,
4011,BOTANY,Plant Growth and Development,VISAKHAN,2026,OFFLINE,MDV,,BATCH7,,14,,14,NOT COMPLETED,,,,,,,,
4012,BOTANY,Plant Kingdom,VISAKHAN,2026,OFFLINE,MAE,,BATCH7,,12,,12,NOT COMPLETED,,,,,,,,
4013,BOTANY,Plant Kingdom,VISAKHAN,2026,OFFLINE,MAE,,BATCH7,,10,,10,NOT COMPLETED,,,,,,,,
4014,BOTANY,Plant Kingdom,VISAKHAN,2026,OFFLINE,MAE,,BATCH7,,10,,10,NOT COMPLETED,,,,,,,,
4015,CHEMISTRY,Practical Chemistry,VISAKHAN,2026,OFFLINE,BAF,,BATCH7,,9,,9,NOT COMPLETED,,,,,,,,
4016,CHEMISTRY,Practical Chemistry,VISAKHAN,2026,OFFLINE,BAF,,BATCH7,,26,,26,NOT COMPLETED,,,,,,,,
4017,MATHS,Quadratic Equation,VISAKHAN,2026,OFFLINE,ZBU,,BATCH7,,21,,21,NOT COMPLETED,,,,,,,,
4018,MATHS,Quadratic Equation,VISAKHAN,2026,OFFLINE,ZBU,,BATCH7,,9,,9,NOT COMPLETED,,,,,,,,
4019,PHYSICS,Ray Optics & Optical Instruments,VISAKHAN,2026,OFFLINE,BCV,,BATCH7,,12,,12,NOT COMPLETED,,,,,,,,
4020,PHYSICS,Ray Optics & Optical Instruments,VISAKHAN,2026,OFFLINE,BCV,,BATCH7,,14,,14,NOT COMPLETED,,,,,,,,
4021,CHEMISTRY,Redox Reaction,VISAKHAN,2026,OFFLINE,CAK,,BATCH7,,9,,9,NOT COMPLETED,,,,,,,,
4022,CHEMISTRY,Redox Reaction,VISAKHAN,2026,OFFLINE,CAK,,BATCH7,,21,,21,NOT COMPLETED,,,,,,,,
4023,ZOOLOGY,Reproductive Health,VISAKHAN,2026,OFFLINE,ZBP,,BATCH7,,15,,15,NOT COMPLETED,,,,,,,,
4024,ZOOLOGY,Reproductive Health,VISAKHAN,2026,OFFLINE,ZBP,,BATCH7,,5,,5,NOT COMPLETED,,,,,,,,
4025,BOTANY,Respiration in Plants,VISAKHAN,2026,OFFLINE,ZBG,,BATCH7,,14,,14,NOT COMPLETED,,,,,,,,
4026,BOTANY,Respiration in Plants,VISAKHAN,2026,OFFLINE,ZBG,,BATCH7,,17,,17,NOT COMPLETED,,,,,,,,
4027,BOTANY,Respiration in Plants,VISAKHAN,2026,OFFLINE,ZBG,,BATCH7,,10,,10,NOT COMPLETED,,,,,,,,
4028,MATHS,Sequences and Series,VISAKHAN,2026,OFFLINE,CCI,,BATCH7,,14,,14,NOT COMPLETED,,,,,,,,
4029,MATHS,Sequences and Series,VISAKHAN,2026,OFFLINE,CCI,,BATCH7,,9,,9,NOT COMPLETED,,,,,,,,
4030,MATHS,"Sets, Relations and  Functions",VISAKHAN,2026,OFFLINE,BBG,,BATCH7,,31,,31,NOT COMPLETED,,,,,,,,
4031,MATHS,"Sets, Relations and  Functions",VISAKHAN,2026,OFFLINE,BBG,,BATCH7,,12,,12,NOT COMPLETED,,,,,,,,
4032,BOTANY,Sexual reproduction in Flowering Plants,VISAKHAN,2026,OFFLINE,BAJ,,BATCH7,,17,,17,NOT COMPLETED,,,,,,,,
4033,BOTANY,Sexual reproduction in Flowering Plants,VISAKHAN,2026,OFFLINE,BAJ,,BATCH7,,7,,7,NOT COMPLETED,,,,,,,,
4034,CHEMISTRY,Some Basic Concepts of Chemistry,VISAKHAN,2026,OFFLINE,PBM,,BATCH7,,7,,7,NOT COMPLETED,,,,,,,,
4035,CHEMISTRY,Some Basic Concepts of Chemistry,VISAKHAN,2026,OFFLINE,PBM,,BATCH7,,15,,15,NOT COMPLETED,,,,,,,,
4036,CHEMISTRY,Some Basic Concepts of Chemistry,VISAKHAN,2026,OFFLINE,PBM,,BATCH7,,17,,17,NOT COMPLETED,,,,,,,,
4037,ZOOLOGY,Structural organisation in Animals Animal Tissue,VISAKHAN,2026,OFFLINE,ZBL,,BATCH7,,14,,14,NOT COMPLETED,,,,,,,,
4038,ZOOLOGY,Structural organisation in Animals Animal Tissue,VISAKHAN,2026,OFFLINE,ZBL,,BATCH7,,9,,9,NOT COMPLETED,,,,,,,,
4039,ZOOLOGY,Structural organisation in Animals Morphology of Animals,VISAKHAN,2026,OFFLINE,MDZ,,BATCH7,,21,,21,NOT COMPLETED,,,,,,,,
4040,ZOOLOGY,Structural organisation in Animals Morphology of Animals,VISAKHAN,2026,OFFLINE,MDZ,,BATCH7,,12,,12,NOT COMPLETED,,,,,,,,
4041,CHEMISTRY,Structure of Atoms,VISAKHAN,2026,OFFLINE,CDW,,BATCH7,,12,,12,NOT COMPLETED,,,,,,,,
4042,CHEMISTRY,Structure of Atoms,VISAKHAN,2026,OFFLINE,CDW,,BATCH7,,19,,19,NOT COMPLETED,,,,,,,,
4043,PHYSICS,System of Particles and Rigid Body Rotation,VISAKHAN,2026,OFFLINE,ZCR,,BATCH7,,10,,10,NOT COMPLETED,,,,,,,,
4044,PHYSICS,System of Particles and Rigid Body Rotation,VISAKHAN,2026,OFFLINE,ZCR,,BATCH7,,17,,17,NOT COMPLETED,,,,,,,,
4045,ZOOLOGY,The Living World,VISAKHAN,2026,OFFLINE,BAX,,BATCH7,,9,,9,NOT COMPLETED,,,,,,,,
4046,ZOOLOGY,The Living World,VISAKHAN,2026,OFFLINE,BAX,,BATCH7,,10,,10,NOT COMPLETED,,,,,,,,
4047,CHEMISTRY,The p Block Elements (XI) (XI) & (XII),VISAKHAN,2026,OFFLINE,MCZ,,BATCH7,,9,,9,NOT COMPLETED,,,,,,,,
4048,CHEMISTRY,The p Block Elements (XI) (XI) & (XII),VISAKHAN,2026,OFFLINE,MCZ,,BATCH7,,17,,17,NOT COMPLETED,,,,,,,,
4049,MATHS,Theory of Probability,VISAKHAN,2026,OFFLINE,BCM,,BATCH7,,14,,14,NOT COMPLETED,,,,,,,,
4050,MATHS,Theory of Probability,VISAKHAN,2026,OFFLINE,BCM,,BATCH7,,15,,15,NOT COMPLETED,,,,,,,,
4051,MATHS,Theory of Probability,VISAKHAN,2026,OFFLINE,BCM,,BATCH7,,19,,19,NOT COMPLETED,,,,,,,,
4052,PHYSICS,"Thermal Properties of Matter, Thermodynamics and Kinetic Theory",VISAKHAN,2026,OFFLINE,CDF,,BATCH7,,10,,10,NOT COMPLETED,,,,,,,,
4053,PHYSICS,"Thermal Properties of Matter, Thermodynamics and Kinetic Theory",VISAKHAN,2026,OFFLINE,CDF,,BATCH7,,10,,10,NOT COMPLETED,,,,,,,,
4054,CHEMISTRY,Thermodynamics and Chemical Energetics,VISAKHAN,2026,OFFLINE,BCZ,,BATCH7,,9,,9,NOT COMPLETED,,,,,,,,
4055,CHEMISTRY,Thermodynamics and Chemical Energetics,VISAKHAN,2026,OFFLINE,BCZ,,BATCH7,,15,,15,NOT COMPLETED,,,,,,,,
4056,MATHS,Trigonometry I,VISAKHAN,2026,OFFLINE,CCR,,BATCH7,,24,,24,NOT COMPLETED,,,,,,,,
4057,MATHS,Trigonometry I,VISAKHAN,2026,OFFLINE,CCR,,BATCH7,,9,,9,NOT COMPLETED,,,,,,,,
4058,MATHS,Trigonometry I,VISAKHAN,2026,OFFLINE,CCR,,BATCH7,,15,,15,NOT COMPLETED,,,,,,,,
4059,MATHS,Trigonometry II,VISAKHAN,2026,OFFLINE,CCW,,BATCH7,,26,,26,NOT COMPLETED,,,,,,,,
4060,MATHS,Trigonometry II,VISAKHAN,2026,OFFLINE,CCW,,BATCH7,,7,,7,NOT COMPLETED,,,,,,,,
4061,MATHS,Trigonometry II,VISAKHAN,2026,OFFLINE,CCW,,BATCH7,,31,,31,NOT COMPLETED,,,,,,,,
4062,MATHS,Vectors,VISAKHAN,2026,OFFLINE,ZCM,,BATCH7,,15,,15,NOT COMPLETED,,,,,,,,
4063,MATHS,Vectors,VISAKHAN,2026,OFFLINE,ZCM,,BATCH7,,12,,12,NOT COMPLETED,,,,,,,,
4064,PHYSICS,Waves,VISAKHAN,2026,OFFLINE,ZDE,,BATCH7,,9,,9,NOT COMPLETED,,,,,,,,
4065,PHYSICS,Waves,VISAKHAN,2026,OFFLINE,ZDE,,BATCH7,,14,,14,NOT COMPLETED,,,,,,,,
4066,PHYSICS,Work Energy & Power,VISAKHAN,2026,OFFLINE,MCC,,BATCH7,,9,,9,NOT COMPLETED,,,,,,,,
4067,PHYSICS,Work Energy & Power,VISAKHAN,2026,OFFLINE,MCC,,BATCH7,,14,,14,NOT COMPLETED,,,,,,,,
4068,CHEMISTRY,"Alcohols, Phenols and Ethers",SWATHY,2026,OFFLINE,PBW,,BATCH8,,14,,14,NOT COMPLETED,,,,,,,,
4069,CHEMISTRY,"Alcohols, Phenols and Ethers",SWATHY,2026,OFFLINE,PBW,,BATCH8,,14,,14,NOT COMPLETED,,,,,,,,
4070,CHEMISTRY,Amines,SWATHY,2026,OFFLINE,BDS,,BATCH8,,15,,15,NOT COMPLETED,,,,,,,,
4071,CHEMISTRY,Amines,SWATHY,2026,OFFLINE,BDS,,BATCH8,,19,,19,NOT COMPLETED,,,,,,,,
4072,BOTANY,Anatomy of Flowering Plants,SWATHY,2026,OFFLINE,ZAU,,BATCH8,,12,,12,NOT COMPLETED,,,,,,,,
4073,BOTANY,Anatomy of Flowering Plants,SWATHY,2026,OFFLINE,ZAU,,BATCH8,,12,,12,NOT COMPLETED,,,,,,,,
4074,ZOOLOGY,Animal Kingdom Non Chordata,SWATHY,2026,OFFLINE,BAY,,BATCH8,,21,,21,NOT COMPLETED,,,,,,,,
4075,ZOOLOGY,Animal Kingdom Non Chordata,SWATHY,2026,OFFLINE,BAY,,BATCH8,,9,,9,NOT COMPLETED,,,,,,,,
4076,ZOOLOGY,Animal Kingdom Phylum Chordata,SWATHY,2026,OFFLINE,CBM,,BATCH8,,15,,15,NOT COMPLETED,,,,,,,,
4077,ZOOLOGY,Animal Kingdom Phylum Chordata,SWATHY,2026,OFFLINE,CBM,,BATCH8,,10,,10,NOT COMPLETED,,,,,,,,
4078,MATHS,Applications of Differentiation,SWATHY,2026,OFFLINE,PDK,,BATCH8,,12,,12,NOT COMPLETED,,,,,,,,
4079,MATHS,Applications of Differentiation,SWATHY,2026,OFFLINE,PDK,,BATCH8,,10,,10,NOT COMPLETED,,,,,,,,
4080,MATHS,Applications of Differentiation,SWATHY,2026,OFFLINE,PDK,,BATCH8,,14,,14,NOT COMPLETED,,,,,,,,
4081,PHYSICS,Atoms and Nuclei,SWATHY,2026,OFFLINE,MCV,,BATCH8,,9,,9,NOT COMPLETED,,,,,,,,
4082,PHYSICS,Atoms and Nuclei,SWATHY,2026,OFFLINE,MCV,,BATCH8,,15,,15,NOT COMPLETED,,,,,,,,
4083,PHYSICS,Atoms and Nuclei,SWATHY,2026,OFFLINE,MCV,,BATCH8,,9,,9,NOT COMPLETED,,,,,,,,
4084,ZOOLOGY,Biodiversity and Conservation,SWATHY,2026,OFFLINE,ZCE,,BATCH8,,9,,9,NOT COMPLETED,,,,,,,,
4085,ZOOLOGY,Biodiversity and Conservation,SWATHY,2026,OFFLINE,ZCE,,BATCH8,,7,,7,NOT COMPLETED,,,,,,,,
4086,ZOOLOGY,Biodiversity and Conservation,SWATHY,2026,OFFLINE,ZCE,,BATCH8,,15,,15,NOT COMPLETED,,,,,,,,
4087,BOTANY,Biological Classification,SWATHY,2026,OFFLINE,BAG,,BATCH8,,12,,12,NOT COMPLETED,,,,,,,,
4088,BOTANY,Biological Classification,SWATHY,2026,OFFLINE,BAG,,BATCH8,,21,,21,NOT COMPLETED,,,,,,,,
4089,ZOOLOGY,Biomolecules,SWATHY,2026,OFFLINE,PBZ,,BATCH8,,14,,14,NOT COMPLETED,,,,,,,,
4090,ZOOLOGY,Biomolecules,SWATHY,2026,OFFLINE,PBZ,,BATCH8,,10,,10,NOT COMPLETED,,,,,,,,
4091,BOTANY,Biotechnology : Principles and processes,SWATHY,2026,OFFLINE,BAK,,BATCH8,,14,,14,NOT COMPLETED,,,,,,,,
4092,BOTANY,Biotechnology : Principles and processes,SWATHY,2026,OFFLINE,BAK,,BATCH8,,9,,9,NOT COMPLETED,,,,,,,,
4093,BOTANY,Biotechnology and its Applications,SWATHY,2026,OFFLINE,CBV,,BATCH8,,12,,12,NOT COMPLETED,,,,,,,,
4094,BOTANY,Biotechnology and its Applications,SWATHY,2026,OFFLINE,CBV,,BATCH8,,9,,9,NOT COMPLETED,,,,,,,,
4095,BOTANY,Biotechnology and its Applications,SWATHY,2026,OFFLINE,CBV,,BATCH8,,12,,12,NOT COMPLETED,,,,,,,,
4096,ZOOLOGY,Body Fluids and Circulation,SWATHY,2026,OFFLINE,CCA,,BATCH8,,14,,14,NOT COMPLETED,,,,,,,,
4097,ZOOLOGY,Body Fluids and Circulation,SWATHY,2026,OFFLINE,CCA,,BATCH8,,9,,9,NOT COMPLETED,,,,,,,,
4098,ZOOLOGY,Body Fluids and Circulation,SWATHY,2026,OFFLINE,CCA,,BATCH8,,14,,14,NOT COMPLETED,,,,,,,,
4099,CHEMISTRY,Carboxylic Acids and It's Derivatives  Derivatives,SWATHY,2026,OFFLINE,CBD,,BATCH8,,10,,10,NOT COMPLETED,,,,,,,,
4100,CHEMISTRY,Carboxylic Acids and It's Derivatives  Derivatives,SWATHY,2026,OFFLINE,CBD,,BATCH8,,15,,15,NOT COMPLETED,,,,,,,,
4101,CHEMISTRY,Carboxylic Acids and It's Derivatives  Derivatives,SWATHY,2026,OFFLINE,CBD,,BATCH8,,10,,10,NOT COMPLETED,,,,,,,,
4102,BOTANY,Cell Cycle and Cell Division,SWATHY,2026,OFFLINE,BAT,,BATCH8,,17,,17,NOT COMPLETED,,,,,,,,
4103,BOTANY,Cell Cycle and Cell Division,SWATHY,2026,OFFLINE,BAT,,BATCH8,,14,,14,NOT COMPLETED,,,,,,,,
4104,BOTANY,Cell Cycle and Cell Division,SWATHY,2026,OFFLINE,BAT,,BATCH8,,14,,14,NOT COMPLETED,,,,,,,,
4105,CHEMISTRY,Chemical and Ionic Equilibrium,SWATHY,2026,OFFLINE,BDA,,BATCH8,,9,,9,NOT COMPLETED,,,,,,,,
4106,CHEMISTRY,Chemical and Ionic Equilibrium,SWATHY,2026,OFFLINE,BDA,,BATCH8,,14,,14,NOT COMPLETED,,,,,,,,
4107,ZOOLOGY,Chemical Coordination and Integration,SWATHY,2026,OFFLINE,BBC,,BATCH8,,12,,12,NOT COMPLETED,,,,,,,,
4108,ZOOLOGY,Chemical Coordination and Integration,SWATHY,2026,OFFLINE,BBC,,BATCH8,,9,,9,NOT COMPLETED,,,,,,,,
4109,CHEMISTRY,Chemical Kinetics,SWATHY,2026,OFFLINE,BAB,,BATCH8,,10,,10,NOT COMPLETED,,,,,,,,
4110,CHEMISTRY,Chemical Kinetics,SWATHY,2026,OFFLINE,BAB,,BATCH8,,7,,7,NOT COMPLETED,,,,,,,,
4111,CHEMISTRY,Classification of Elements and Periodicity Periodicity in Properties,SWATHY,2026,OFFLINE,CDX,,BATCH8,,9,,9,NOT COMPLETED,,,,,,,,
4112,CHEMISTRY,Classification of Elements and Periodicity Periodicity in Properties,SWATHY,2026,OFFLINE,CDX,,BATCH8,,15,,15,NOT COMPLETED,,,,,,,,
4113,MATHS,Complex Numbers,SWATHY,2026,OFFLINE,ZBV,,BATCH8,,14,,14,NOT COMPLETED,,,,,,,,
4114,MATHS,Complex Numbers,SWATHY,2026,OFFLINE,ZBV,,BATCH8,,9,,9,NOT COMPLETED,,,,,,,,
4115,MATHS,Conic Section,SWATHY,2026,OFFLINE,PAZ,,BATCH8,,19,,19,NOT COMPLETED,,,,,,,,
4116,MATHS,Conic Section,SWATHY,2026,OFFLINE,PAZ,,BATCH8,,10,,10,NOT COMPLETED,,,,,,,,
4117,PHYSICS,Current Electricity,SWATHY,2026,OFFLINE,PDT,,BATCH8,,12,,12,NOT COMPLETED,,,,,,,,
4118,PHYSICS,Current Electricity,SWATHY,2026,OFFLINE,PDT,,BATCH8,,14,,14,NOT COMPLETED,,,,,,,,
4119,BOTANY,Ecosystem,SWATHY,2026,OFFLINE,ZAY,,BATCH8,,9,,9,NOT COMPLETED,,,,,,,,
4120,BOTANY,Ecosystem,SWATHY,2026,OFFLINE,ZAY,,BATCH8,,9,,9,NOT COMPLETED,,,,,,,,
4121,PHYSICS,Electromagnetic Induction and Alternating Current,SWATHY,2026,OFFLINE,MCI,,BATCH8,,14,,14,NOT COMPLETED,,,,,,,,
4122,PHYSICS,Electromagnetic Induction and Alternating Current,SWATHY,2026,OFFLINE,MCI,,BATCH8,,21,,21,NOT COMPLETED,,,,,,,,
4123,PHYSICS,Electrostatics,SWATHY,2026,OFFLINE,ZDF,,BATCH8,,17,,17,NOT COMPLETED,,,,,,,,
4124,PHYSICS,Electrostatics,SWATHY,2026,OFFLINE,ZDF,,BATCH8,,12,,12,NOT COMPLETED,,,,,,,,
4125,ZOOLOGY,Evolution,SWATHY,2026,OFFLINE,BBQ,,BATCH8,,24,,24,NOT COMPLETED,,,,,,,,
4126,ZOOLOGY,Evolution,SWATHY,2026,OFFLINE,BBQ,,BATCH8,,7,,7,NOT COMPLETED,,,,,,,,
4127,ZOOLOGY,Evolution,SWATHY,2026,OFFLINE,BBQ,,BATCH8,,14,,14,NOT COMPLETED,,,,,,,,
4128,ZOOLOGY,Excretory Products and Their Elimination,SWATHY,2026,OFFLINE,MAO,,BATCH8,,15,,15,NOT COMPLETED,,,,,,,,
4129,ZOOLOGY,Excretory Products and Their Elimination,SWATHY,2026,OFFLINE,MAO,,BATCH8,,17,,17,NOT COMPLETED,,,,,,,,
4130,PHYSICS,Gravitation,SWATHY,2026,OFFLINE,ZCS,,BATCH8,,9,,9,NOT COMPLETED,,,,,,,,
4131,PHYSICS,Gravitation,SWATHY,2026,OFFLINE,ZCS,,BATCH8,,19,,19,NOT COMPLETED,,,,,,,,
4132,CHEMISTRY,Halo Alkanes and Halo Arenes  Arenes,SWATHY,2026,OFFLINE,ZAP,,BATCH8,,12,,12,NOT COMPLETED,,,,,,,,
4133,CHEMISTRY,Halo Alkanes and Halo Arenes  Arenes,SWATHY,2026,OFFLINE,ZAP,,BATCH8,,17,,17,NOT COMPLETED,,,,,,,,
4134,ZOOLOGY,Human Health and Disease,SWATHY,2026,OFFLINE,CCE,,BATCH8,,17,,17,NOT COMPLETED,,,,,,,,
4135,ZOOLOGY,Human Health and Disease,SWATHY,2026,OFFLINE,CCE,,BATCH8,,9,,9,NOT COMPLETED,,,,,,,,
4136,CHEMISTRY,Hydrocarbons,SWATHY,2026,OFFLINE,BDN,,BATCH8,,10,,10,NOT COMPLETED,,,,,,,,
4137,CHEMISTRY,Hydrocarbons,SWATHY,2026,OFFLINE,BDN,,BATCH8,,9,,9,NOT COMPLETED,,,,,,,,
4138,MATHS,Integration and its Applications,SWATHY,2026,OFFLINE,BBZ,,BATCH8,,29,,29,NOT COMPLETED,,,,,,,,
4139,MATHS,Integration and its Applications,SWATHY,2026,OFFLINE,BBZ,,BATCH8,,12,,12,NOT COMPLETED,,,,,,,,
4140,PHYSICS,Laws of Motion,SWATHY,2026,OFFLINE,BCE,,BATCH8,,10,,10,NOT COMPLETED,,,,,,,,
4141,PHYSICS,Laws of Motion,SWATHY,2026,OFFLINE,BCE,,BATCH8,,12,,12,NOT COMPLETED,,,,,,,,
4142,MATHS,Limits of Real Functions,SWATHY,2026,OFFLINE,MBL,,BATCH8,,10,,10,NOT COMPLETED,,,,,,,,
4143,MATHS,Limits of Real Functions,SWATHY,2026,OFFLINE,MBL,,BATCH8,,10,,10,NOT COMPLETED,,,,,,,,
4144,MATHS,Linear Inequations and Inequalities,SWATHY,2026,OFFLINE,CCS,,BATCH8,,7,,7,NOT COMPLETED,,,,,,,,
4145,MATHS,Linear Inequations and Inequalities,SWATHY,2026,OFFLINE,CCS,,BATCH8,,9,,9,NOT COMPLETED,,,,,,,,
4146,MATHS,Linear Inequations and Inequalities,SWATHY,2026,OFFLINE,CCS,,BATCH8,,12,,12,NOT COMPLETED,,,,,,,,
4147,MATHS,Linear Programming,SWATHY,2026,OFFLINE,BCN,,BATCH8,,7,,7,NOT COMPLETED,,,,,,,,
4148,MATHS,Linear Programming,SWATHY,2026,OFFLINE,BCN,,BATCH8,,10,,10,NOT COMPLETED,,,,,,,,
4149,MATHS,Linear Programming,SWATHY,2026,OFFLINE,BCN,,BATCH8,,12,,12,NOT COMPLETED,,,,,,,,
4150,MATHS,Logarithm,SWATHY,2026,OFFLINE,CDB,,BATCH8,,9,,9,NOT COMPLETED,,,,,,,,
4151,MATHS,Logarithm,SWATHY,2026,OFFLINE,CDB,,BATCH8,,9,,9,NOT COMPLETED,,,,,,,,
4152,PHYSICS,Magnetism and Matter,SWATHY,2026,OFFLINE,CDS,,BATCH8,,9,,9,NOT COMPLETED,,,,,,,,
4153,PHYSICS,Magnetism and Matter,SWATHY,2026,OFFLINE,CDS,,BATCH8,,9,,9,NOT COMPLETED,,,,,,,,
4154,MATHS,Matrices and Determinants,SWATHY,2026,OFFLINE,PAQ,,BATCH8,,21,,21,NOT COMPLETED,,,,,,,,
4155,MATHS,Matrices and Determinants,SWATHY,2026,OFFLINE,PAQ,,BATCH8,,10,,10,NOT COMPLETED,,,,,,,,
4156,MATHS,Matrices and Determinants,SWATHY,2026,OFFLINE,PAQ,,BATCH8,,24,,24,NOT COMPLETED,,,,,,,,
4157,PHYSICS,Mechanical Properties of Solids & Fluids,SWATHY,2026,OFFLINE,CAC,,BATCH8,,12,,12,NOT COMPLETED,,,,,,,,
4158,PHYSICS,Mechanical Properties of Solids & Fluids,SWATHY,2026,OFFLINE,CAC,,BATCH8,,14,,14,NOT COMPLETED,,,,,,,,
4159,PHYSICS,Mechanical Properties of Solids & Fluids,SWATHY,2026,OFFLINE,CAC,,BATCH8,,17,,17,NOT COMPLETED,,,,,,,,
4160,BOTANY,Morphology of Flowering Plants,SWATHY,2026,OFFLINE,MAF,,BATCH8,,14,,14,NOT COMPLETED,,,,,,,,
4161,BOTANY,Morphology of Flowering Plants,SWATHY,2026,OFFLINE,MAF,,BATCH8,,14,,14,NOT COMPLETED,,,,,,,,
4162,BOTANY,Morphology of Flowering Plants,SWATHY,2026,OFFLINE,MAF,,BATCH8,,9,,9,NOT COMPLETED,,,,,,,,
4163,PHYSICS,Motion in a Plane,SWATHY,2026,OFFLINE,PDO,,BATCH8,,9,,9,NOT COMPLETED,,,,,,,,
4164,PHYSICS,Motion in a Plane,SWATHY,2026,OFFLINE,PDO,,BATCH8,,14,,14,NOT COMPLETED,,,,,,,,
4165,PHYSICS,Motion in a Straight Line,SWATHY,2026,OFFLINE,ZDB,,BATCH8,,9,,9,NOT COMPLETED,,,,,,,,
4166,PHYSICS,Motion in a Straight Line,SWATHY,2026,OFFLINE,ZDB,,BATCH8,,12,,12,NOT COMPLETED,,,,,,,,
4167,PHYSICS,Motion in a Straight Line,SWATHY,2026,OFFLINE,ZDB,,BATCH8,,10,,10,NOT COMPLETED,,,,,,,,
4168,ZOOLOGY,Neural Control and Coordination,SWATHY,2026,OFFLINE,PCN,,BATCH8,,15,,15,NOT COMPLETED,,,,,,,,
4169,ZOOLOGY,Neural Control and Coordination,SWATHY,2026,OFFLINE,PCN,,BATCH8,,12,,12,NOT COMPLETED,,,,,,,,
4170,ZOOLOGY,Neural Control and Coordination,SWATHY,2026,OFFLINE,PCN,,BATCH8,,9,,9,NOT COMPLETED,,,,,,,,
4171,CHEMISTRY,Organic Chemistry–Some Basic Principles–Part I I (Nomenclature),SWATHY,2026,OFFLINE,MDA,,BATCH8,,10,,10,NOT COMPLETED,,,,,,,,
4172,CHEMISTRY,Organic Chemistry–Some Basic Principles–Part I I (Nomenclature),SWATHY,2026,OFFLINE,MDA,,BATCH8,,24,,24,NOT COMPLETED,,,,,,,,
4173,CHEMISTRY,Organic Chemistry–Some Basic Principles–Part II II (Reaction Mechanism),SWATHY,2026,OFFLINE,ZDN,,BATCH8,,10,,10,NOT COMPLETED,,,,,,,,
4174,CHEMISTRY,Organic Chemistry–Some Basic Principles–Part II II (Reaction Mechanism),SWATHY,2026,OFFLINE,ZDN,,BATCH8,,17,,17,NOT COMPLETED,,,,,,,,
4175,CHEMISTRY,Organic Chemistry–Some Basic Principles–Part III III (Purification),SWATHY,2026,OFFLINE,PAL,,BATCH8,,10,,10,NOT COMPLETED,,,,,,,,
4176,CHEMISTRY,Organic Chemistry–Some Basic Principles–Part III III (Purification),SWATHY,2026,OFFLINE,PAL,,BATCH8,,15,,15,NOT COMPLETED,,,,,,,,
4177,CHEMISTRY,Organic Chemistry–Some Basic Principles–Part III III (Purification),SWATHY,2026,OFFLINE,PAL,,BATCH8,,10,,10,NOT COMPLETED,,,,,,,,
4178,BOTANY,Organism and Population,SWATHY,2026,OFFLINE,MAK,,BATCH8,,14,,14,NOT COMPLETED,,,,,,,,
4179,BOTANY,Organism and Population,SWATHY,2026,OFFLINE,MAK,,BATCH8,,9,,9,NOT COMPLETED,,,,,,,,
4180,PHYSICS,Oscillations,SWATHY,2026,OFFLINE,CDG,,BATCH8,,9,,9,NOT COMPLETED,,,,,,,,
4181,PHYSICS,Oscillations,SWATHY,2026,OFFLINE,CDG,,BATCH8,,17,,17,NOT COMPLETED,,,,,,,,
4182,BOTANY,Photosynthesis in Higher Plants,SWATHY,2026,OFFLINE,CBI,,BATCH8,,19,,19,NOT COMPLETED,,,,,,,,
4183,BOTANY,Photosynthesis in Higher Plants,SWATHY,2026,OFFLINE,CBI,,BATCH8,,15,,15,NOT COMPLETED,,,,,,,,
4184,BOTANY,Plant Growth and Development,SWATHY,2026,OFFLINE,ZBH,,BATCH8,,10,,10,NOT COMPLETED,,,,,,,,
4185,BOTANY,Plant Growth and Development,SWATHY,2026,OFFLINE,ZBH,,BATCH8,,14,,14,NOT COMPLETED,,,,,,,,
4186,BOTANY,Plant Growth and Development,SWATHY,2026,OFFLINE,ZBH,,BATCH8,,15,,15,NOT COMPLETED,,,,,,,,
4187,CHEMISTRY,Practical Chemistry,SWATHY,2026,OFFLINE,MDR,,BATCH8,,9,,9,NOT COMPLETED,,,,,,,,
4188,CHEMISTRY,Practical Chemistry,SWATHY,2026,OFFLINE,MDR,,BATCH8,,26,,26,NOT COMPLETED,,,,,,,,
4189,CHEMISTRY,Practical Chemistry,SWATHY,2026,OFFLINE,MDR,,BATCH8,,7,,7,NOT COMPLETED,,,,,,,,
4190,ZOOLOGY,Principles of Inheritance and Variation,SWATHY,2026,OFFLINE,ZBQ,,BATCH8,,14,,14,NOT COMPLETED,,,,,,,,
4191,ZOOLOGY,Principles of Inheritance and Variation,SWATHY,2026,OFFLINE,ZBQ,,BATCH8,,12,,12,NOT COMPLETED,,,,,,,,
4192,MATHS,Quadratic Equation,SWATHY,2026,OFFLINE,PBR,,BATCH8,,21,,21,NOT COMPLETED,,,,,,,,
4193,MATHS,Quadratic Equation,SWATHY,2026,OFFLINE,PBR,,BATCH8,,9,,9,NOT COMPLETED,,,,,,,,
4194,PHYSICS,Ray Optics & Optical Instruments,SWATHY,2026,OFFLINE,CAG,,BATCH8,,12,,12,NOT COMPLETED,,,,,,,,
4195,PHYSICS,Ray Optics & Optical Instruments,SWATHY,2026,OFFLINE,CAG,,BATCH8,,14,,14,NOT COMPLETED,,,,,,,,
4196,PHYSICS,Ray Optics & Optical Instruments,SWATHY,2026,OFFLINE,CAG,,BATCH8,,9,,9,NOT COMPLETED,,,,,,,,
4197,CHEMISTRY,Redox Reaction,SWATHY,2026,OFFLINE,PBD,,BATCH8,,9,,9,NOT COMPLETED,,,,,,,,
4198,CHEMISTRY,Redox Reaction,SWATHY,2026,OFFLINE,PBD,,BATCH8,,21,,21,NOT COMPLETED,,,,,,,,
4199,CHEMISTRY,Redox Reaction,SWATHY,2026,OFFLINE,PBD,,BATCH8,,14,,14,NOT COMPLETED,,,,,,,,
4200,ZOOLOGY,Reproductive Health,SWATHY,2026,OFFLINE,MBC,,BATCH8,,15,,15,NOT COMPLETED,,,,,,,,
4201,ZOOLOGY,Reproductive Health,SWATHY,2026,OFFLINE,MBC,,BATCH8,,5,,5,NOT COMPLETED,,,,,,,,
4202,ZOOLOGY,Reproductive Health,SWATHY,2026,OFFLINE,MBC,,BATCH8,,15,,15,NOT COMPLETED,,,,,,,,
4203,PHYSICS,Semiconductor Electronics,SWATHY,2026,OFFLINE,ZDK,,BATCH8,,10,,10,NOT COMPLETED,,,,,,,,
4204,PHYSICS,Semiconductor Electronics,SWATHY,2026,OFFLINE,ZDK,,BATCH8,,14,,14,NOT COMPLETED,,,,,,,,
4205,MATHS,Sequences and Series,SWATHY,2026,OFFLINE,PBI,,BATCH8,,14,,14,NOT COMPLETED,,,,,,,,
4206,MATHS,Sequences and Series,SWATHY,2026,OFFLINE,PBI,,BATCH8,,9,,9,NOT COMPLETED,,,,,,,,
4207,MATHS,"Sets, Relations and  Functions",SWATHY,2026,OFFLINE,PCR,,BATCH8,,31,,31,NOT COMPLETED,,,,,,,,
4208,MATHS,"Sets, Relations and  Functions",SWATHY,2026,OFFLINE,PCR,,BATCH8,,12,,12,NOT COMPLETED,,,,,,,,
4209,BOTANY,Sexual reproduction in Flowering Plants,SWATHY,2026,OFFLINE,MDW,,BATCH8,,17,,17,NOT COMPLETED,,,,,,,,
4210,BOTANY,Sexual reproduction in Flowering Plants,SWATHY,2026,OFFLINE,MDW,,BATCH8,,7,,7,NOT COMPLETED,,,,,,,,
4211,CHEMISTRY,Solutions,SWATHY,2026,OFFLINE,ZAB,,BATCH8,,7,,7,NOT COMPLETED,,,,,,,,
4212,CHEMISTRY,Solutions,SWATHY,2026,OFFLINE,ZAB,,BATCH8,,31,,31,NOT COMPLETED,,,,,,,,
4213,MATHS,Statistics,SWATHY,2026,OFFLINE,PCW,,BATCH8,,12,,12,NOT COMPLETED,,,,,,,,
4214,MATHS,Statistics,SWATHY,2026,OFFLINE,PCW,,BATCH8,,10,,10,NOT COMPLETED,,,,,,,,
4215,MATHS,Straight Lines,SWATHY,2026,OFFLINE,CCJ,,BATCH8,,14,,14,NOT COMPLETED,,,,,,,,
4216,MATHS,Straight Lines,SWATHY,2026,OFFLINE,CCJ,,BATCH8,,10,,10,NOT COMPLETED,,,,,,,,
4217,ZOOLOGY,Structural organisation in Animals Morphology of Animals,SWATHY,2026,OFFLINE,ZBM,,BATCH8,,21,,21,NOT COMPLETED,,,,,,,,
4218,ZOOLOGY,Structural organisation in Animals Morphology of Animals,SWATHY,2026,OFFLINE,ZBM,,BATCH8,,12,,12,NOT COMPLETED,,,,,,,,
4219,CHEMISTRY,Structure of Atoms,SWATHY,2026,OFFLINE,PAC,,BATCH8,,12,,12,NOT COMPLETED,,,,,,,,
4220,CHEMISTRY,Structure of Atoms,SWATHY,2026,OFFLINE,PAC,,BATCH8,,19,,19,NOT COMPLETED,,,,,,,,
4221,CHEMISTRY,Structure of Atoms,SWATHY,2026,OFFLINE,PAC,,BATCH8,,12,,12,NOT COMPLETED,,,,,,,,
4222,PHYSICS,System of Particles and Rigid Body Rotation,SWATHY,2026,OFFLINE,MCD,,BATCH8,,10,,10,NOT COMPLETED,,,,,,,,
4223,PHYSICS,System of Particles and Rigid Body Rotation,SWATHY,2026,OFFLINE,MCD,,BATCH8,,17,,17,NOT COMPLETED,,,,,,,,
4224,CHEMISTRY,The d and f Block Block Elements,SWATHY,2026,OFFLINE,CAP,,BATCH8,,9,,9,NOT COMPLETED,,,,,,,,
4225,CHEMISTRY,The d and f Block Block Elements,SWATHY,2026,OFFLINE,CAP,,BATCH8,,21,,21,NOT COMPLETED,,,,,,,,
4226,CHEMISTRY,The p Block Elements (XI) (XI) & (XII),SWATHY,2026,OFFLINE,PAU,,BATCH8,,9,,9,NOT COMPLETED,,,,,,,,
4227,CHEMISTRY,The p Block Elements (XI) (XI) & (XII),SWATHY,2026,OFFLINE,PAU,,BATCH8,,17,,17,NOT COMPLETED,,,,,,,,
4228,CHEMISTRY,The p Block Elements (XI) (XI) & (XII),SWATHY,2026,OFFLINE,PAU,,BATCH8,,7,,7,NOT COMPLETED,,,,,,,,
4229,PHYSICS,"Thermal Properties of Matter, Thermodynamics and Kinetic Theory",SWATHY,2026,OFFLINE,BCR,,BATCH8,,10,,10,NOT COMPLETED,,,,,,,,
4230,PHYSICS,"Thermal Properties of Matter, Thermodynamics and Kinetic Theory",SWATHY,2026,OFFLINE,BCR,,BATCH8,,10,,10,NOT COMPLETED,,,,,,,,
4231,CHEMISTRY,Thermodynamics and Chemical Energetics,SWATHY,2026,OFFLINE,CAL,,BATCH8,,9,,9,NOT COMPLETED,,,,,,,,
4232,CHEMISTRY,Thermodynamics and Chemical Energetics,SWATHY,2026,OFFLINE,CAL,,BATCH8,,15,,15,NOT COMPLETED,,,,,,,,
4233,MATHS,Three Dimensional Geometry,SWATHY,2026,OFFLINE,ZCN,,BATCH8,,17,,17,NOT COMPLETED,,,,,,,,
4234,MATHS,Three Dimensional Geometry,SWATHY,2026,OFFLINE,ZCN,,BATCH8,,10,,10,NOT COMPLETED,,,,,,,,
4235,MATHS,Trigonometry I,SWATHY,2026,OFFLINE,BBH,,BATCH8,,24,,24,NOT COMPLETED,,,,,,,,
4236,MATHS,Trigonometry I,SWATHY,2026,OFFLINE,BBH,,BATCH8,,9,,9,NOT COMPLETED,,,,,,,,
4237,MATHS,Vectors,SWATHY,2026,OFFLINE,MBZ,,BATCH8,,15,,15,NOT COMPLETED,,,,,,,,
4238,MATHS,Vectors,SWATHY,2026,OFFLINE,MBZ,,BATCH8,,12,,12,NOT COMPLETED,,,,,,,,
4239,MATHS,Vectors,SWATHY,2026,OFFLINE,MBZ,,BATCH8,,14,,14,NOT COMPLETED,,,,,,,,
4240,PHYSICS,Wave Optics,SWATHY,2026,OFFLINE,BCW,,BATCH8,,7,,7,NOT COMPLETED,,,,,,,,
4241,PHYSICS,Wave Optics,SWATHY,2026,OFFLINE,BCW,,BATCH8,,21,,21,NOT COMPLETED,,,,,,,,
4242,PHYSICS,Work Energy & Power,SWATHY,2026,OFFLINE,CDP,,BATCH8,,9,,9,NOT COMPLETED,,,,,,,,
4243,PHYSICS,Work Energy & Power,SWATHY,2026,OFFLINE,CDP,,BATCH8,,14,,14,NOT COMPLETED,,,,,,,,
4244,PHYSICS,Work Energy & Power,SWATHY,2026,OFFLINE,CDP,,BATCH8,,29,,29,NOT COMPLETED,,,,,,,,
4245,CHEMISTRY,"Alcohols, Phenols and Ethers",RADHIKA.ANILKUMAR,2026,OFFLINE,ZAQ,,BATCH9,,14,,14,NOT COMPLETED,,,,,,,,
4246,CHEMISTRY,"Alcohols, Phenols and Ethers",RADHIKA.ANILKUMAR,2026,OFFLINE,ZAQ,,BATCH9,,14,,14,NOT COMPLETED,,,,,,,,
4247,CHEMISTRY,Aldehydes and Ketones,RADHIKA.ANILKUMAR,2026,OFFLINE,PAD,,BATCH9,,12,,12,NOT COMPLETED,,,,,,,,
4248,CHEMISTRY,Aldehydes and Ketones,RADHIKA.ANILKUMAR,2026,OFFLINE,PAD,,BATCH9,,14,,14,NOT COMPLETED,,,,,,,,
4249,CHEMISTRY,Amines,RADHIKA.ANILKUMAR,2026,OFFLINE,CBE,,BATCH9,,15,,15,NOT COMPLETED,,,,,,,,
4250,CHEMISTRY,Amines,RADHIKA.ANILKUMAR,2026,OFFLINE,CBE,,BATCH9,,19,,19,NOT COMPLETED,,,,,,,,
4251,CHEMISTRY,Amines,RADHIKA.ANILKUMAR,2026,OFFLINE,CBE,,BATCH9,,10,,10,NOT COMPLETED,,,,,,,,
4252,BOTANY,Anatomy of Flowering Plants,RADHIKA.ANILKUMAR,2026,OFFLINE,MAG,,BATCH9,,12,,12,NOT COMPLETED,,,,,,,,
4253,BOTANY,Anatomy of Flowering Plants,RADHIKA.ANILKUMAR,2026,OFFLINE,MAG,,BATCH9,,12,,12,NOT COMPLETED,,,,,,,,
4254,BOTANY,Anatomy of Flowering Plants,RADHIKA.ANILKUMAR,2026,OFFLINE,MAG,,BATCH9,,10,,10,NOT COMPLETED,,,,,,,,
4255,ZOOLOGY,Animal Kingdom Phylum Chordata,RADHIKA.ANILKUMAR,2026,OFFLINE,BAZ,,BATCH9,,15,,15,NOT COMPLETED,,,,,,,,
4256,ZOOLOGY,Animal Kingdom Phylum Chordata,RADHIKA.ANILKUMAR,2026,OFFLINE,BAZ,,BATCH9,,10,,10,NOT COMPLETED,,,,,,,,
4257,BOTANY,Biological Classification,RADHIKA.ANILKUMAR,2026,OFFLINE,MDS,,BATCH9,,12,,12,NOT COMPLETED,,,,,,,,
4258,BOTANY,Biological Classification,RADHIKA.ANILKUMAR,2026,OFFLINE,MDS,,BATCH9,,21,,21,NOT COMPLETED,,,,,,,,
4259,BOTANY,Biological Classification,RADHIKA.ANILKUMAR,2026,OFFLINE,MDS,,BATCH9,,10,,10,NOT COMPLETED,,,,,,,,
4260,ZOOLOGY,Biomolecules,RADHIKA.ANILKUMAR,2026,OFFLINE,ZBN,,BATCH9,,14,,14,NOT COMPLETED,,,,,,,,
4261,CHEMISTRY,Biomolecules,RADHIKA.ANILKUMAR,2026,OFFLINE,PBN,,BATCH9,,10,,10,NOT COMPLETED,,,,,,,,
4262,ZOOLOGY,Biomolecules,RADHIKA.ANILKUMAR,2026,OFFLINE,ZBN,,BATCH9,,10,,10,NOT COMPLETED,,,,,,,,
4263,CHEMISTRY,Biomolecules,RADHIKA.ANILKUMAR,2026,OFFLINE,PBN,,BATCH9,,12,,12,NOT COMPLETED,,,,,,,,
4264,BOTANY,Biotechnology : Principles and processes,RADHIKA.ANILKUMAR,2026,OFFLINE,MDX,,BATCH9,,14,,14,NOT COMPLETED,,,,,,,,
4265,BOTANY,Biotechnology : Principles and processes,RADHIKA.ANILKUMAR,2026,OFFLINE,MDX,,BATCH9,,9,,9,NOT COMPLETED,,,,,,,,
4266,BOTANY,Biotechnology and its Applications,RADHIKA.ANILKUMAR,2026,OFFLINE,BAL,,BATCH9,,12,,12,NOT COMPLETED,,,,,,,,
4267,BOTANY,Biotechnology and its Applications,RADHIKA.ANILKUMAR,2026,OFFLINE,BAL,,BATCH9,,9,,9,NOT COMPLETED,,,,,,,,
4268,ZOOLOGY,Breathing and Exchange of Gases,RADHIKA.ANILKUMAR,2026,OFFLINE,PCA,,BATCH9,,15,,15,NOT COMPLETED,,,,,,,,
4269,ZOOLOGY,Breathing and Exchange of Gases,RADHIKA.ANILKUMAR,2026,OFFLINE,PCA,,BATCH9,,9,,9,NOT COMPLETED,,,,,,,,
4270,BOTANY,Cell : The unit of life,RADHIKA.ANILKUMAR,2026,OFFLINE,PAV,,BATCH9,,14,,14,NOT COMPLETED,,,,,,,,
4271,BOTANY,Cell : The unit of life,RADHIKA.ANILKUMAR,2026,OFFLINE,PAV,,BATCH9,,29,,29,NOT COMPLETED,,,,,,,,
4272,CHEMISTRY,Chemical and Ionic Equilibrium,RADHIKA.ANILKUMAR,2026,OFFLINE,CAM,,BATCH9,,9,,9,NOT COMPLETED,,,,,,,,
4273,CHEMISTRY,Chemical and Ionic Equilibrium,RADHIKA.ANILKUMAR,2026,OFFLINE,CAM,,BATCH9,,14,,14,NOT COMPLETED,,,,,,,,
4274,CHEMISTRY,Chemical Bonding and Molecular Structure  Structure,RADHIKA.ANILKUMAR,2026,OFFLINE,CDY,,BATCH9,,9,,9,NOT COMPLETED,,,,,,,,
4275,CHEMISTRY,Chemical Bonding and Molecular Structure  Structure,RADHIKA.ANILKUMAR,2026,OFFLINE,CDY,,BATCH9,,12,,12,NOT COMPLETED,,,,,,,,
4276,ZOOLOGY,Chemical Coordination and Integration,RADHIKA.ANILKUMAR,2026,OFFLINE,PCO,,BATCH9,,12,,12,NOT COMPLETED,,,,,,,,
4277,ZOOLOGY,Chemical Coordination and Integration,RADHIKA.ANILKUMAR,2026,OFFLINE,PCO,,BATCH9,,9,,9,NOT COMPLETED,,,,,,,,
4278,ZOOLOGY,Chemical Coordination and Integration,RADHIKA.ANILKUMAR,2026,OFFLINE,PCO,,BATCH9,,9,,9,NOT COMPLETED,,,,,,,,
4279,MATHS,Circles,RADHIKA.ANILKUMAR,2026,OFFLINE,CCK,,BATCH9,,15,,15,NOT COMPLETED,,,,,,,,
4280,MATHS,Circles,RADHIKA.ANILKUMAR,2026,OFFLINE,CCK,,BATCH9,,10,,10,NOT COMPLETED,,,,,,,,
4281,CHEMISTRY,Classification of Elements and Periodicity Periodicity in Properties,RADHIKA.ANILKUMAR,2026,OFFLINE,BDJ,,BATCH9,,9,,9,NOT COMPLETED,,,,,,,,
4282,CHEMISTRY,Classification of Elements and Periodicity Periodicity in Properties,RADHIKA.ANILKUMAR,2026,OFFLINE,BDJ,,BATCH9,,15,,15,NOT COMPLETED,,,,,,,,
4283,CHEMISTRY,Classification of Elements and Periodicity Periodicity in Properties,RADHIKA.ANILKUMAR,2026,OFFLINE,BDJ,,BATCH9,,12,,12,NOT COMPLETED,,,,,,,,
4284,MATHS,Complex Numbers,RADHIKA.ANILKUMAR,2026,OFFLINE,MBH,,BATCH9,,14,,14,NOT COMPLETED,,,,,,,,
4285,MATHS,Complex Numbers,RADHIKA.ANILKUMAR,2026,OFFLINE,MBH,,BATCH9,,9,,9,NOT COMPLETED,,,,,,,,
4286,MATHS,"Continuity, Differentiability and Derivatives",RADHIKA.ANILKUMAR,2026,OFFLINE,MBM,,BATCH9,,14,,14,NOT COMPLETED,,,,,,,,
4287,MATHS,"Continuity, Differentiability and Derivatives",RADHIKA.ANILKUMAR,2026,OFFLINE,MBM,,BATCH9,,9,,9,NOT COMPLETED,,,,,,,,
4288,CHEMISTRY,Coordination Compounds and Organometallics,RADHIKA.ANILKUMAR,2026,OFFLINE,CAQ,,BATCH9,,10,,10,NOT COMPLETED,,,,,,,,
4289,CHEMISTRY,Coordination Compounds and Organometallics,RADHIKA.ANILKUMAR,2026,OFFLINE,CAQ,,BATCH9,,14,,14,NOT COMPLETED,,,,,,,,
4290,PHYSICS,Current Electricity,RADHIKA.ANILKUMAR,2026,OFFLINE,ZDG,,BATCH9,,12,,12,NOT COMPLETED,,,,,,,,
4291,PHYSICS,Current Electricity,RADHIKA.ANILKUMAR,2026,OFFLINE,ZDG,,BATCH9,,14,,14,NOT COMPLETED,,,,,,,,
4292,MATHS,Differential Equations,RADHIKA.ANILKUMAR,2026,OFFLINE,BCA,,BATCH9,,14,,14,NOT COMPLETED,,,,,,,,
4293,MATHS,Differential Equations,RADHIKA.ANILKUMAR,2026,OFFLINE,BCA,,BATCH9,,14,,14,NOT COMPLETED,,,,,,,,
4294,PHYSICS,Dual Nature of Matter and Radiation,RADHIKA.ANILKUMAR,2026,OFFLINE,BCX,,BATCH9,,7,,7,NOT COMPLETED,,,,,,,,
4295,PHYSICS,Dual Nature of Matter and Radiation,RADHIKA.ANILKUMAR,2026,OFFLINE,BCX,,BATCH9,,14,,14,NOT COMPLETED,,,,,,,,
4296,BOTANY,Ecosystem,RADHIKA.ANILKUMAR,2026,OFFLINE,MAL,,BATCH9,,9,,9,NOT COMPLETED,,,,,,,,
4297,BOTANY,Ecosystem,RADHIKA.ANILKUMAR,2026,OFFLINE,MAL,,BATCH9,,9,,9,NOT COMPLETED,,,,,,,,
4298,CHEMISTRY,Electrochemistry,RADHIKA.ANILKUMAR,2026,OFFLINE,ZAC,,BATCH9,,10,,10,NOT COMPLETED,,,,,,,,
4299,CHEMISTRY,Electrochemistry,RADHIKA.ANILKUMAR,2026,OFFLINE,ZAC,,BATCH9,,24,,24,NOT COMPLETED,,,,,,,,
4300,PHYSICS,Electromagnetic Induction and Alternating Current,RADHIKA.ANILKUMAR,2026,OFFLINE,CDT,,BATCH9,,14,,14,NOT COMPLETED,,,,,,,,
4301,PHYSICS,Electromagnetic Induction and Alternating Current,RADHIKA.ANILKUMAR,2026,OFFLINE,CDT,,BATCH9,,21,,21,NOT COMPLETED,,,,,,,,
4302,PHYSICS,Electromagnetic Waves,RADHIKA.ANILKUMAR,2026,OFFLINE,MCJ,,BATCH9,,5,,5,NOT COMPLETED,,,,,,,,
4303,PHYSICS,Electromagnetic Waves,RADHIKA.ANILKUMAR,2026,OFFLINE,MCJ,,BATCH9,,15,,15,NOT COMPLETED,,,,,,,,
4304,ZOOLOGY,Excretory Products and Their Elimination,RADHIKA.ANILKUMAR,2026,OFFLINE,CCB,,BATCH9,,15,,15,NOT COMPLETED,,,,,,,,
4305,ZOOLOGY,Excretory Products and Their Elimination,RADHIKA.ANILKUMAR,2026,OFFLINE,CCB,,BATCH9,,17,,17,NOT COMPLETED,,,,,,,,
4306,ZOOLOGY,Excretory Products and Their Elimination,RADHIKA.ANILKUMAR,2026,OFFLINE,CCB,,BATCH9,,12,,12,NOT COMPLETED,,,,,,,,
4307,PHYSICS,Gravitation,RADHIKA.ANILKUMAR,2026,OFFLINE,MCE,,BATCH9,,9,,9,NOT COMPLETED,,,,,,,,
4308,PHYSICS,Gravitation,RADHIKA.ANILKUMAR,2026,OFFLINE,MCE,,BATCH9,,19,,19,NOT COMPLETED,,,,,,,,
4309,ZOOLOGY,Human Health and Disease,RADHIKA.ANILKUMAR,2026,OFFLINE,BBR,,BATCH9,,17,,17,NOT COMPLETED,,,,,,,,
4310,ZOOLOGY,Human Health and Disease,RADHIKA.ANILKUMAR,2026,OFFLINE,BBR,,BATCH9,,9,,9,NOT COMPLETED,,,,,,,,
4311,ZOOLOGY,Human Health and Disease,RADHIKA.ANILKUMAR,2026,OFFLINE,BBR,,BATCH9,,15,,15,NOT COMPLETED,,,,,,,,
4312,ZOOLOGY,Human Reproduction,RADHIKA.ANILKUMAR,2026,OFFLINE,BBD,,BATCH9,,21,,21,NOT COMPLETED,,,,,,,,
4313,ZOOLOGY,Human Reproduction,RADHIKA.ANILKUMAR,2026,OFFLINE,BBD,,BATCH9,,14,,14,NOT COMPLETED,,,,,,,,
4314,CHEMISTRY,Hydrocarbons,RADHIKA.ANILKUMAR,2026,OFFLINE,CAZ,,BATCH9,,10,,10,NOT COMPLETED,,,,,,,,
4315,CHEMISTRY,Hydrocarbons,RADHIKA.ANILKUMAR,2026,OFFLINE,CAZ,,BATCH9,,9,,9,NOT COMPLETED,,,,,,,,
4316,CHEMISTRY,Hydrocarbons,RADHIKA.ANILKUMAR,2026,OFFLINE,CAZ,,BATCH9,,7,,7,NOT COMPLETED,,,,,,,,
4317,MATHS,Integration and its Applications,RADHIKA.ANILKUMAR,2026,OFFLINE,PAH,,BATCH9,,29,,29,NOT COMPLETED,,,,,,,,
4318,MATHS,Integration and its Applications,RADHIKA.ANILKUMAR,2026,OFFLINE,PAH,,BATCH9,,12,,12,NOT COMPLETED,,,,,,,,
4319,MATHS,Integration and its Applications,RADHIKA.ANILKUMAR,2026,OFFLINE,PAH,,BATCH9,,17,,17,NOT COMPLETED,,,,,,,,
4320,PHYSICS,Laws of Motion,RADHIKA.ANILKUMAR,2026,OFFLINE,PDP,,BATCH9,,10,,10,NOT COMPLETED,,,,,,,,
4321,PHYSICS,Laws of Motion,RADHIKA.ANILKUMAR,2026,OFFLINE,PDP,,BATCH9,,12,,12,NOT COMPLETED,,,,,,,,
4322,MATHS,Limits of Real Functions,RADHIKA.ANILKUMAR,2026,OFFLINE,CCX,,BATCH9,,10,,10,NOT COMPLETED,,,,,,,,
4323,MATHS,Limits of Real Functions,RADHIKA.ANILKUMAR,2026,OFFLINE,CCX,,BATCH9,,10,,10,NOT COMPLETED,,,,,,,,
4324,MATHS,Limits of Real Functions,RADHIKA.ANILKUMAR,2026,OFFLINE,CCX,,BATCH9,,7,,7,NOT COMPLETED,,,,,,,,
4325,MATHS,Linear Inequations and Inequalities,RADHIKA.ANILKUMAR,2026,OFFLINE,BBI,,BATCH9,,7,,7,NOT COMPLETED,,,,,,,,
4326,MATHS,Linear Inequations and Inequalities,RADHIKA.ANILKUMAR,2026,OFFLINE,BBI,,BATCH9,,9,,9,NOT COMPLETED,,,,,,,,
4327,ZOOLOGY,Locomotion and Movement,RADHIKA.ANILKUMAR,2026,OFFLINE,MAP,,BATCH9,,19,,19,NOT COMPLETED,,,,,,,,
4328,ZOOLOGY,Locomotion and Movement,RADHIKA.ANILKUMAR,2026,OFFLINE,MAP,,BATCH9,,12,,12,NOT COMPLETED,,,,,,,,
4329,MATHS,Logarithm,RADHIKA.ANILKUMAR,2026,OFFLINE,BCO,,BATCH9,,9,,9,NOT COMPLETED,,,,,,,,
4330,MATHS,Logarithm,RADHIKA.ANILKUMAR,2026,OFFLINE,BCO,,BATCH9,,9,,9,NOT COMPLETED,,,,,,,,
4331,MATHS,Logarithm,RADHIKA.ANILKUMAR,2026,OFFLINE,BCO,,BATCH9,,26,,26,NOT COMPLETED,,,,,,,,
4332,PHYSICS,Mechanical Properties of Solids & Fluids,RADHIKA.ANILKUMAR,2026,OFFLINE,PBA,,BATCH9,,12,,12,NOT COMPLETED,,,,,,,,
4333,PHYSICS,Mechanical Properties of Solids & Fluids,RADHIKA.ANILKUMAR,2026,OFFLINE,PBA,,BATCH9,,14,,14,NOT COMPLETED,,,,,,,,
4334,ZOOLOGY,Microbes in Human Welfare,RADHIKA.ANILKUMAR,2026,OFFLINE,CCF,,BATCH9,,15,,15,NOT COMPLETED,,,,,,,,
4335,ZOOLOGY,Microbes in Human Welfare,RADHIKA.ANILKUMAR,2026,OFFLINE,CCF,,BATCH9,,10,,10,NOT COMPLETED,,,,,,,,
4336,ZOOLOGY,Molecular Basis of Inheritance,RADHIKA.ANILKUMAR,2026,OFFLINE,ZBR,,BATCH9,,17,,17,NOT COMPLETED,,,,,,,,
4337,ZOOLOGY,Molecular Basis of Inheritance,RADHIKA.ANILKUMAR,2026,OFFLINE,ZBR,,BATCH9,,7,,7,NOT COMPLETED,,,,,,,,
4338,PHYSICS,Motion in a Plane,RADHIKA.ANILKUMAR,2026,OFFLINE,ZDC,,BATCH9,,9,,9,NOT COMPLETED,,,,,,,,
4339,PHYSICS,Motion in a Plane,RADHIKA.ANILKUMAR,2026,OFFLINE,ZDC,,BATCH9,,14,,14,NOT COMPLETED,,,,,,,,
4340,PHYSICS,Motion in a Plane,RADHIKA.ANILKUMAR,2026,OFFLINE,ZDC,,BATCH9,,14,,14,NOT COMPLETED,,,,,,,,
4341,PHYSICS,Moving Charges and Magnetism,RADHIKA.ANILKUMAR,2026,OFFLINE,PDU,,BATCH9,,12,,12,NOT COMPLETED,,,,,,,,
4342,PHYSICS,Moving Charges and Magnetism,RADHIKA.ANILKUMAR,2026,OFFLINE,PDU,,BATCH9,,9,,9,NOT COMPLETED,,,,,,,,
4343,CHEMISTRY,Organic Chemistry–Some Basic Principles–Part I I (Nomenclature),RADHIKA.ANILKUMAR,2026,OFFLINE,ZAL,,BATCH9,,10,,10,NOT COMPLETED,,,,,,,,
4344,CHEMISTRY,Organic Chemistry–Some Basic Principles–Part I I (Nomenclature),RADHIKA.ANILKUMAR,2026,OFFLINE,ZAL,,BATCH9,,24,,24,NOT COMPLETED,,,,,,,,
4345,CHEMISTRY,Organic Chemistry–Some Basic Principles–Part I I (Nomenclature),RADHIKA.ANILKUMAR,2026,OFFLINE,ZAL,,BATCH9,,7,,7,NOT COMPLETED,,,,,,,,
4346,CHEMISTRY,Organic Chemistry–Some Basic Principles–Part II II (Reaction Mechanism),RADHIKA.ANILKUMAR,2026,OFFLINE,MDB,,BATCH9,,10,,10,NOT COMPLETED,,,,,,,,
4347,CHEMISTRY,Organic Chemistry–Some Basic Principles–Part II II (Reaction Mechanism),RADHIKA.ANILKUMAR,2026,OFFLINE,MDB,,BATCH9,,17,,17,NOT COMPLETED,,,,,,,,
4348,CHEMISTRY,Organic Chemistry–Some Basic Principles–Part III III (Purification),RADHIKA.ANILKUMAR,2026,OFFLINE,ZDO,,BATCH9,,10,,10,NOT COMPLETED,,,,,,,,
4349,CHEMISTRY,Organic Chemistry–Some Basic Principles–Part III III (Purification),RADHIKA.ANILKUMAR,2026,OFFLINE,ZDO,,BATCH9,,15,,15,NOT COMPLETED,,,,,,,,
4350,BOTANY,Organism and Population,RADHIKA.ANILKUMAR,2026,OFFLINE,CBW,,BATCH9,,14,,14,NOT COMPLETED,,,,,,,,
4351,BOTANY,Organism and Population,RADHIKA.ANILKUMAR,2026,OFFLINE,CBW,,BATCH9,,9,,9,NOT COMPLETED,,,,,,,,
4352,BOTANY,Organism and Population,RADHIKA.ANILKUMAR,2026,OFFLINE,CBW,,BATCH9,,12,,12,NOT COMPLETED,,,,,,,,
4353,PHYSICS,Oscillations,RADHIKA.ANILKUMAR,2026,OFFLINE,BCS,,BATCH9,,9,,9,NOT COMPLETED,,,,,,,,
4354,PHYSICS,Oscillations,RADHIKA.ANILKUMAR,2026,OFFLINE,BCS,,BATCH9,,17,,17,NOT COMPLETED,,,,,,,,
4355,MATHS,"Permutation, Combination and Binomial Theorem",RADHIKA.ANILKUMAR,2026,OFFLINE,ZBW,,BATCH9,,17,,17,NOT COMPLETED,,,,,,,,
4356,MATHS,"Permutation, Combination and Binomial Theorem",RADHIKA.ANILKUMAR,2026,OFFLINE,ZBW,,BATCH9,,9,,9,NOT COMPLETED,,,,,,,,
4357,BOTANY,Photosynthesis in Higher Plants,RADHIKA.ANILKUMAR,2026,OFFLINE,BAU,,BATCH9,,19,,19,NOT COMPLETED,,,,,,,,
4358,BOTANY,Photosynthesis in Higher Plants,RADHIKA.ANILKUMAR,2026,OFFLINE,BAU,,BATCH9,,15,,15,NOT COMPLETED,,,,,,,,
4359,BOTANY,Photosynthesis in Higher Plants,RADHIKA.ANILKUMAR,2026,OFFLINE,BAU,,BATCH9,,12,,12,NOT COMPLETED,,,,,,,,
4360,PHYSICS,"Physical World, Units and Measurements",RADHIKA.ANILKUMAR,2026,OFFLINE,CDC,,BATCH9,,9,,9,NOT COMPLETED,,,,,,,,
4361,PHYSICS,"Physical World, Units and Measurements",RADHIKA.ANILKUMAR,2026,OFFLINE,CDC,,BATCH9,,12,,12,NOT COMPLETED,,,,,,,,
4362,BOTANY,Plant Kingdom,RADHIKA.ANILKUMAR,2026,OFFLINE,PBE,,BATCH9,,12,,12,NOT COMPLETED,,,,,,,,
4363,BOTANY,Plant Kingdom,RADHIKA.ANILKUMAR,2026,OFFLINE,PBE,,BATCH9,,10,,10,NOT COMPLETED,,,,,,,,
4364,ZOOLOGY,Principles of Inheritance and Variation,RADHIKA.ANILKUMAR,2026,OFFLINE,MBD,,BATCH9,,14,,14,NOT COMPLETED,,,,,,,,
4365,ZOOLOGY,Principles of Inheritance and Variation,RADHIKA.ANILKUMAR,2026,OFFLINE,MBD,,BATCH9,,12,,12,NOT COMPLETED,,,,,,,,
4366,ZOOLOGY,Principles of Inheritance and Variation,RADHIKA.ANILKUMAR,2026,OFFLINE,MBD,,BATCH9,,14,,14,NOT COMPLETED,,,,,,,,
4367,MATHS,Quadratic Equation,RADHIKA.ANILKUMAR,2026,OFFLINE,CCT,,BATCH9,,21,,21,NOT COMPLETED,,,,,,,,
4368,MATHS,Quadratic Equation,RADHIKA.ANILKUMAR,2026,OFFLINE,CCT,,BATCH9,,9,,9,NOT COMPLETED,,,,,,,,
4369,MATHS,Quadratic Equation,RADHIKA.ANILKUMAR,2026,OFFLINE,CCT,,BATCH9,,21,,21,NOT COMPLETED,,,,,,,,
4370,BOTANY,Respiration in Plants,RADHIKA.ANILKUMAR,2026,OFFLINE,PAM,,BATCH9,,14,,14,NOT COMPLETED,,,,,,,,
4371,BOTANY,Respiration in Plants,RADHIKA.ANILKUMAR,2026,OFFLINE,PAM,,BATCH9,,17,,17,NOT COMPLETED,,,,,,,,
4372,PHYSICS,Semiconductor Electronics,RADHIKA.ANILKUMAR,2026,OFFLINE,MCW,,BATCH9,,10,,10,NOT COMPLETED,,,,,,,,
4373,PHYSICS,Semiconductor Electronics,RADHIKA.ANILKUMAR,2026,OFFLINE,MCW,,BATCH9,,14,,14,NOT COMPLETED,,,,,,,,
4374,PHYSICS,Semiconductor Electronics,RADHIKA.ANILKUMAR,2026,OFFLINE,MCW,,BATCH9,,9,,9,NOT COMPLETED,,,,,,,,
4375,MATHS,"Sets, Relations and  Functions",RADHIKA.ANILKUMAR,2026,OFFLINE,ZCF,,BATCH9,,31,,31,NOT COMPLETED,,,,,,,,
4376,MATHS,"Sets, Relations and  Functions",RADHIKA.ANILKUMAR,2026,OFFLINE,ZCF,,BATCH9,,12,,12,NOT COMPLETED,,,,,,,,
4377,MATHS,"Sets, Relations and  Functions",RADHIKA.ANILKUMAR,2026,OFFLINE,ZCF,,BATCH9,,19,,19,NOT COMPLETED,,,,,,,,
4378,BOTANY,Sexual reproduction in Flowering Plants,RADHIKA.ANILKUMAR,2026,OFFLINE,ZBI,,BATCH9,,17,,17,NOT COMPLETED,,,,,,,,
4379,BOTANY,Sexual reproduction in Flowering Plants,RADHIKA.ANILKUMAR,2026,OFFLINE,ZBI,,BATCH9,,7,,7,NOT COMPLETED,,,,,,,,
4380,BOTANY,Sexual reproduction in Flowering Plants,RADHIKA.ANILKUMAR,2026,OFFLINE,ZBI,,BATCH9,,10,,10,NOT COMPLETED,,,,,,,,
4381,CHEMISTRY,Solutions,RADHIKA.ANILKUMAR,2026,OFFLINE,BDO,,BATCH9,,7,,7,NOT COMPLETED,,,,,,,,
4382,CHEMISTRY,Solutions,RADHIKA.ANILKUMAR,2026,OFFLINE,BDO,,BATCH9,,31,,31,NOT COMPLETED,,,,,,,,
4383,CHEMISTRY,Some Basic Concepts of Chemistry,RADHIKA.ANILKUMAR,2026,OFFLINE,ZDL,,BATCH9,,7,,7,NOT COMPLETED,,,,,,,,
4384,CHEMISTRY,Some Basic Concepts of Chemistry,RADHIKA.ANILKUMAR,2026,OFFLINE,ZDL,,BATCH9,,15,,15,NOT COMPLETED,,,,,,,,
4385,MATHS,Statistics,RADHIKA.ANILKUMAR,2026,OFFLINE,ZCJ,,BATCH9,,12,,12,NOT COMPLETED,,,,,,,,
4386,MATHS,Statistics,RADHIKA.ANILKUMAR,2026,OFFLINE,ZCJ,,BATCH9,,10,,10,NOT COMPLETED,,,,,,,,
4387,MATHS,Straight Lines,RADHIKA.ANILKUMAR,2026,OFFLINE,BBV,,BATCH9,,14,,14,NOT COMPLETED,,,,,,,,
4388,MATHS,Straight Lines,RADHIKA.ANILKUMAR,2026,OFFLINE,BBV,,BATCH9,,10,,10,NOT COMPLETED,,,,,,,,
4389,ZOOLOGY,Structural organisation in Animals Animal Tissue,RADHIKA.ANILKUMAR,2026,OFFLINE,CBN,,BATCH9,,14,,14,NOT COMPLETED,,,,,,,,
4390,ZOOLOGY,Structural organisation in Animals Animal Tissue,RADHIKA.ANILKUMAR,2026,OFFLINE,CBN,,BATCH9,,9,,9,NOT COMPLETED,,,,,,,,
4391,PHYSICS,System of Particles and Rigid Body Rotation,RADHIKA.ANILKUMAR,2026,OFFLINE,CDQ,,BATCH9,,10,,10,NOT COMPLETED,,,,,,,,
4392,PHYSICS,System of Particles and Rigid Body Rotation,RADHIKA.ANILKUMAR,2026,OFFLINE,CDQ,,BATCH9,,17,,17,NOT COMPLETED,,,,,,,,
4393,PHYSICS,System of Particles and Rigid Body Rotation,RADHIKA.ANILKUMAR,2026,OFFLINE,CDQ,,BATCH9,,14,,14,NOT COMPLETED,,,,,,,,
4394,CHEMISTRY,The d and f Block Block Elements,RADHIKA.ANILKUMAR,2026,OFFLINE,BAC,,BATCH9,,9,,9,NOT COMPLETED,,,,,,,,
4395,CHEMISTRY,The d and f Block Block Elements,RADHIKA.ANILKUMAR,2026,OFFLINE,BAC,,BATCH9,,21,,21,NOT COMPLETED,,,,,,,,
4396,ZOOLOGY,The Living World,RADHIKA.ANILKUMAR,2026,OFFLINE,ZAZ,,BATCH9,,9,,9,NOT COMPLETED,,,,,,,,
4397,ZOOLOGY,The Living World,RADHIKA.ANILKUMAR,2026,OFFLINE,ZAZ,,BATCH9,,10,,10,NOT COMPLETED,,,,,,,,
4398,CHEMISTRY,The p Block Elements (XI) (XI) & (XII),RADHIKA.ANILKUMAR,2026,OFFLINE,BDB,,BATCH9,,9,,9,NOT COMPLETED,,,,,,,,
4399,CHEMISTRY,The p Block Elements (XI) (XI) & (XII),RADHIKA.ANILKUMAR,2026,OFFLINE,BDB,,BATCH9,,17,,17,NOT COMPLETED,,,,,,,,
4400,MATHS,Theory of Probability,RADHIKA.ANILKUMAR,2026,OFFLINE,ZCO,,BATCH9,,14,,14,NOT COMPLETED,,,,,,,,
4401,MATHS,Theory of Probability,RADHIKA.ANILKUMAR,2026,OFFLINE,ZCO,,BATCH9,,15,,15,NOT COMPLETED,,,,,,,,
4402,PHYSICS,"Thermal Properties of Matter, Thermodynamics and Kinetic Theory",RADHIKA.ANILKUMAR,2026,OFFLINE,CAD,,BATCH9,,10,,10,NOT COMPLETED,,,,,,,,
4403,PHYSICS,"Thermal Properties of Matter, Thermodynamics and Kinetic Theory",RADHIKA.ANILKUMAR,2026,OFFLINE,CAD,,BATCH9,,10,,10,NOT COMPLETED,,,,,,,,
4404,PHYSICS,"Thermal Properties of Matter, Thermodynamics and Kinetic Theory",RADHIKA.ANILKUMAR,2026,OFFLINE,CAD,,BATCH9,,14,,14,NOT COMPLETED,,,,,,,,
4405,CHEMISTRY,Thermodynamics and Chemical Energetics,RADHIKA.ANILKUMAR,2026,OFFLINE,ZDX,,BATCH9,,9,,9,NOT COMPLETED,,,,,,,,
4406,CHEMISTRY,Thermodynamics and Chemical Energetics,RADHIKA.ANILKUMAR,2026,OFFLINE,ZDX,,BATCH9,,15,,15,NOT COMPLETED,,,,,,,,
4407,CHEMISTRY,Thermodynamics and Chemical Energetics,RADHIKA.ANILKUMAR,2026,OFFLINE,ZDX,,BATCH9,,5,,5,NOT COMPLETED,,,,,,,,
4408,MATHS,Three Dimensional Geometry,RADHIKA.ANILKUMAR,2026,OFFLINE,MCA,,BATCH9,,17,,17,NOT COMPLETED,,,,,,,,
4409,MATHS,Three Dimensional Geometry,RADHIKA.ANILKUMAR,2026,OFFLINE,MCA,,BATCH9,,10,,10,NOT COMPLETED,,,,,,,,
4410,MATHS,Three Dimensional Geometry,RADHIKA.ANILKUMAR,2026,OFFLINE,MCA,,BATCH9,,15,,15,NOT COMPLETED,,,,,,,,
4411,MATHS,Trigonometry I,RADHIKA.ANILKUMAR,2026,OFFLINE,PCS,,BATCH9,,24,,24,NOT COMPLETED,,,,,,,,
4412,MATHS,Trigonometry I,RADHIKA.ANILKUMAR,2026,OFFLINE,PCS,,BATCH9,,9,,9,NOT COMPLETED,,,,,,,,
4413,MATHS,Trigonometry II,RADHIKA.ANILKUMAR,2026,OFFLINE,PCX,,BATCH9,,26,,26,NOT COMPLETED,,,,,,,,
4414,MATHS,Trigonometry II,RADHIKA.ANILKUMAR,2026,OFFLINE,PCX,,BATCH9,,7,,7,NOT COMPLETED,,,,,,,,
4415,PHYSICS,Wave Optics,RADHIKA.ANILKUMAR,2026,OFFLINE,CAH,,BATCH9,,7,,7,NOT COMPLETED,,,,,,,,
4416,PHYSICS,Wave Optics,RADHIKA.ANILKUMAR,2026,OFFLINE,CAH,,BATCH9,,21,,21,NOT COMPLETED,,,,,,,,
4417,PHYSICS,Wave Optics,RADHIKA.ANILKUMAR,2026,OFFLINE,CAH,,BATCH9,,12,,12,NOT COMPLETED,,,,,,,,
4418,PHYSICS,Waves,RADHIKA.ANILKUMAR,2026,OFFLINE,PAR,,BATCH9,,9,,9,NOT COMPLETED,,,,,,,,
4419,PHYSICS,Waves,RADHIKA.ANILKUMAR,2026,OFFLINE,PAR,,BATCH9,,14,,14,NOT COMPLETED,,,,,,,,
4420,PHYSICS,Work Energy & Power,RADHIKA.ANILKUMAR,2026,OFFLINE,PBJ,,BATCH9,,9,,9,NOT COMPLETED,,,,,,,,
4421,PHYSICS,Work Energy & Power,RADHIKA.ANILKUMAR,2026,OFFLINE,PBJ,,BATCH9,,14,,14,NOT COMPLETED,,,,,,,,
